[0.000000] (-) TimerEvent: {}
[0.000139] (custom_interfaces) JobQueued: {'identifier': 'custom_interfaces', 'dependencies': OrderedDict()}
[0.000157] (house_navigation_pkg) JobQueued: {'identifier': 'house_navigation_pkg', 'dependencies': OrderedDict()}
[0.000166] (my_first_pkg) JobQueued: {'identifier': 'my_first_pkg', 'dependencies': OrderedDict()}
[0.000174] (odometry_pkg) JobQueued: {'identifier': 'odometry_pkg', 'dependencies': OrderedDict()}
[0.000181] (publisher_pkg) JobQueued: {'identifier': 'publisher_pkg', 'dependencies': OrderedDict()}
[0.000189] (subscriber_pkg) JobQueued: {'identifier': 'subscriber_pkg', 'dependencies': OrderedDict()}
[0.000196] (example36_pkg) JobQueued: {'identifier': 'example36_pkg', 'dependencies': OrderedDict([('custom_interfaces', '/home/pochsathya/ros2_ws/install/custom_interfaces')])}
[0.000490] (custom_interfaces) JobStarted: {'identifier': 'custom_interfaces'}
[0.007000] (house_navigation_pkg) JobStarted: {'identifier': 'house_navigation_pkg'}
[0.011037] (my_first_pkg) JobStarted: {'identifier': 'my_first_pkg'}
[0.014455] (odometry_pkg) JobStarted: {'identifier': 'odometry_pkg'}
[0.017512] (publisher_pkg) JobStarted: {'identifier': 'publisher_pkg'}
[0.020792] (subscriber_pkg) JobStarted: {'identifier': 'subscriber_pkg'}
[0.024630] (custom_interfaces) JobProgress: {'identifier': 'custom_interfaces', 'progress': 'cmake'}
[0.024922] (custom_interfaces) JobProgress: {'identifier': 'custom_interfaces', 'progress': 'build'}
[0.025312] (custom_interfaces) Command: {'cmd': ['/usr/bin/cmake', '--build', '/home/pochsathya/ros2_ws/build/custom_interfaces', '--', '-j32', '-l32'], 'cwd': '/home/pochsathya/ros2_ws/build/custom_interfaces', 'env': OrderedDict([('PYTHON_BASIC_REPL', '1'), ('LESSOPEN', '| /usr/bin/lesspipe %s'), ('USER', 'pochsathya'), ('FONTCONFIG_PATH', '/etc/fonts'), ('GIO_MODULE_DIR', '/home/pochsathya/snap/code/common/.cache/gio-modules'), ('XDG_SESSION_TYPE', 'wayland'), ('GIT_ASKPASS', '/snap/code/230/usr/share/code/resources/app/extensions/git/dist/askpass.sh'), ('GTK_EXE_PREFIX_VSCODE_SNAP_ORIG', ''), ('GDK_BACKEND_VSCODE_SNAP_ORIG', ''), ('SHLVL', '2'), ('LD_LIBRARY_PATH', '/home/pochsathya/ros2_ws/install/custom_interfaces/lib:/usr/lib/x86_64-linux-gnu/gazebo-11/plugins:/opt/ros/humble/opt/rviz_ogre_vendor/lib:/opt/ros/humble/lib/x86_64-linux-gnu:/opt/ros/humble/lib'), ('HOME', '/home/pochsathya'), ('CHROME_DESKTOP', 'code.desktop'), ('LOCPATH_VSCODE_SNAP_ORIG', ''), ('OLDPWD', '/home/pochsathya/ros2_ws/src'), ('TERM_PROGRAM_VERSION', '1.112.0'), ('DESKTOP_SESSION', 'ubuntu'), ('GTK_PATH', '/snap/code/230/usr/lib/x86_64-linux-gnu/gtk-3.0'), ('NVM_BIN', '/home/pochsathya/.nvm/versions/node/v24.14.0/bin'), ('NVM_INC', '/home/pochsathya/.nvm/versions/node/v24.14.0/include/node'), ('XDG_DATA_HOME_VSCODE_SNAP_ORIG', ''), ('GTK_IM_MODULE_FILE', '/home/pochsathya/snap/code/common/.cache/immodules/immodules.cache'), ('ROS_PYTHON_VERSION', '3'), ('GNOME_SHELL_SESSION_MODE', 'ubuntu'), ('GTK_MODULES', 'gail:atk-bridge'), ('GK_GL_PATH', '/tmp/gitkraken/gitlens/gitlens-ipc-server-3329-34165.json'), ('GSETTINGS_SCHEMA_DIR_VSCODE_SNAP_ORIG', ''), ('VSCODE_GIT_ASKPASS_MAIN', '/snap/code/230/usr/share/code/resources/app/extensions/git/dist/askpass-main.js'), ('VSCODE_GIT_ASKPASS_NODE', '/snap/code/230/usr/share/code/code'), ('PYDEVD_DISABLE_FILE_VALIDATION', '1'), ('SYSTEMD_EXEC_PID', '2320'), ('BUNDLED_DEBUGPY_PATH', '/home/pochsathya/.vscode/extensions/ms-python.debugpy-2025.18.0-linux-x64/bundled/libs/debugpy'), ('VSCODE_PYTHON_AUTOACTIVATE_GUARD', '1'), ('DBUS_SESSION_BUS_ADDRESS', 'unix:path=/run/user/1000/bus'), ('COLORTERM', 'truecolor'), ('NVM_DIR', '/home/pochsathya/.nvm'), ('IM_CONFIG_PHASE', '1'), ('WAYLAND_DISPLAY', 'wayland-0'), ('COLCON_PREFIX_PATH', '/home/pochsathya/ros2_ws/install:/home/pochsathya/ros2_ws/src/house_navigation_pkg/house_navigation_pkg/install'), ('ROS_DISTRO', 'humble'), ('LOGNAME', 'pochsathya'), ('_', '/usr/bin/colcon'), ('ROS_VERSION', '2'), ('XDG_CONFIG_DIRS_VSCODE_SNAP_ORIG', '/etc/xdg/xdg-ubuntu:/etc/xdg'), ('XDG_SESSION_CLASS', 'user'), ('XDG_DATA_DIRS_VSCODE_SNAP_ORIG', '/usr/share/ubuntu:/usr/local/share/:/usr/share/:/var/lib/snapd/desktop'), ('USERNAME', 'pochsathya'), ('TERM', 'xterm-256color'), ('GNOME_DESKTOP_SESSION_ID', 'this-is-deprecated'), ('FC_FONTATIONS', '1'), ('ROS_LOCALHOST_ONLY', '0'), ('PATH', '/home/pochsathya/.config/Code/User/globalStorage/github.copilot-chat/debugCommand:/home/pochsathya/.config/Code/User/globalStorage/github.copilot-chat/copilotCli:/home/pochsathya/.nvm/versions/node/v24.14.0/bin:/opt/ros/humble/bin:/home/pochsathya/.local/bin:/usr/local/sbin:/usr/local/bin:/usr/sbin:/usr/bin:/sbin:/bin:/usr/games:/usr/local/games:/snap/bin:/snap/bin:/home/pochsathya/.vscode/extensions/ms-python.debugpy-2025.18.0-linux-x64/bundled/scripts/noConfigScripts'), ('SESSION_MANAGER', 'local/pochsathya-Legion-Pro-5-16IRX8:@/tmp/.ICE-unix/2081,unix/pochsathya-Legion-Pro-5-16IRX8:/tmp/.ICE-unix/2081'), ('GTK_EXE_PREFIX', '/snap/code/230/usr'), ('XDG_MENU_PREFIX', 'gnome-'), ('GNOME_TERMINAL_SCREEN', '/org/gnome/Terminal/screen/3022cf24_8779_4048_b403_e606844e479e'), ('GNOME_SETUP_DISPLAY', ':1'), ('XDG_RUNTIME_DIR', '/run/user/1000'), ('GDK_BACKEND', 'x11'), ('DISPLAY', ':0'), ('LOCPATH', '/snap/code/230/usr/lib/locale'), ('VSCODE_DEBUGPY_ADAPTER_ENDPOINTS', '/home/pochsathya/.vscode/extensions/ms-python.debugpy-2025.18.0-linux-x64/.noConfigDebugAdapterEndpoints/endpoint-2afe878aa90fcd67.txt'), ('LANG', 'en_US.UTF-8'), ('XDG_CURRENT_DESKTOP', 'ubuntu:GNOME'), ('PYTHONSTARTUP', '/home/pochsathya/.config/Code/User/workspaceStorage/f271fc560773b7ce7087c0335d36366c/ms-python.python/pythonrc.py'), ('GIO_MODULE_DIR_VSCODE_SNAP_ORIG', ''), ('XDG_DATA_HOME', '/home/pochsathya/snap/code/230/.local/share'), ('XMODIFIERS', '@im=ibus'), ('XDG_SESSION_DESKTOP', 'ubuntu'), ('XAUTHORITY', '/run/user/1000/.mutter-Xwaylandauth.YFTWM3'), ('LS_COLORS', 'rs=0:di=01;34:ln=01;36:mh=00:pi=40;33:so=01;35:do=01;35:bd=40;33;01:cd=40;33;01:or=40;31;01:mi=00:su=37;41:sg=30;43:ca=30;41:tw=30;42:ow=34;42:st=37;44:ex=01;32:*.tar=01;31:*.tgz=01;31:*.arc=01;31:*.arj=01;31:*.taz=01;31:*.lha=01;31:*.lz4=01;31:*.lzh=01;31:*.lzma=01;31:*.tlz=01;31:*.txz=01;31:*.tzo=01;31:*.t7z=01;31:*.zip=01;31:*.z=01;31:*.dz=01;31:*.gz=01;31:*.lrz=01;31:*.lz=01;31:*.lzo=01;31:*.xz=01;31:*.zst=01;31:*.tzst=01;31:*.bz2=01;31:*.bz=01;31:*.tbz=01;31:*.tbz2=01;31:*.tz=01;31:*.deb=01;31:*.rpm=01;31:*.jar=01;31:*.war=01;31:*.ear=01;31:*.sar=01;31:*.rar=01;31:*.alz=01;31:*.ace=01;31:*.zoo=01;31:*.cpio=01;31:*.7z=01;31:*.rz=01;31:*.cab=01;31:*.wim=01;31:*.swm=01;31:*.dwm=01;31:*.esd=01;31:*.jpg=01;35:*.jpeg=01;35:*.mjpg=01;35:*.mjpeg=01;35:*.gif=01;35:*.bmp=01;35:*.pbm=01;35:*.pgm=01;35:*.ppm=01;35:*.tga=01;35:*.xbm=01;35:*.xpm=01;35:*.tif=01;35:*.tiff=01;35:*.png=01;35:*.svg=01;35:*.svgz=01;35:*.mng=01;35:*.pcx=01;35:*.mov=01;35:*.mpg=01;35:*.mpeg=01;35:*.m2v=01;35:*.mkv=01;35:*.webm=01;35:*.webp=01;35:*.ogm=01;35:*.mp4=01;35:*.m4v=01;35:*.mp4v=01;35:*.vob=01;35:*.qt=01;35:*.nuv=01;35:*.wmv=01;35:*.asf=01;35:*.rm=01;35:*.rmvb=01;35:*.flc=01;35:*.avi=01;35:*.fli=01;35:*.flv=01;35:*.gl=01;35:*.dl=01;35:*.xcf=01;35:*.xwd=01;35:*.yuv=01;35:*.cgm=01;35:*.emf=01;35:*.ogv=01;35:*.ogx=01;35:*.aac=00;36:*.au=00;36:*.flac=00;36:*.m4a=00;36:*.mid=00;36:*.midi=00;36:*.mka=00;36:*.mp3=00;36:*.mpc=00;36:*.ogg=00;36:*.ra=00;36:*.wav=00;36:*.oga=00;36:*.opus=00;36:*.spx=00;36:*.xspf=00;36:'), ('VSCODE_GIT_IPC_HANDLE', '/run/user/1000/vscode-git-8e822459fc.sock'), ('GNOME_TERMINAL_SERVICE', ':1.113'), ('TERM_PROGRAM', 'vscode'), ('SSH_AGENT_LAUNCHER', 'gnome-keyring'), ('SSH_AUTH_SOCK', '/run/user/1000/keyring/ssh'), ('GSETTINGS_SCHEMA_DIR', '/home/pochsathya/snap/code/230/.local/share/glib-2.0/schemas'), ('AMENT_PREFIX_PATH', '/home/pochsathya/ros2_ws/install/house_navigation_pkg:/home/pochsathya/ros2_ws/install/subscriber_pkg:/home/pochsathya/ros2_ws/install/publisher_pkg:/home/pochsathya/ros2_ws/install/odometry_pkg:/home/pochsathya/ros2_ws/install/my_first_pkg:/home/pochsathya/ros2_ws/install/example36_pkg:/home/pochsathya/ros2_ws/install/custom_interfaces:/opt/ros/humble'), ('SHELL', '/bin/bash'), ('QT_ACCESSIBILITY', '1'), ('GDMSESSION', 'ubuntu'), ('LESSCLOSE', '/usr/bin/lesspipe %s %s'), ('GTK_PATH_VSCODE_SNAP_ORIG', ''), ('FONTCONFIG_FILE', '/etc/fonts/fonts.conf'), ('GK_GL_ADDR', 'http://127.0.0.1:34165'), ('GTK_IM_MODULE_FILE_VSCODE_SNAP_ORIG', ''), ('VSCODE_GIT_ASKPASS_EXTRA_ARGS', ''), ('QT_IM_MODULE', 'ibus'), ('PWD', '/home/pochsathya/ros2_ws/build/custom_interfaces'), ('TURTLEBOT3_MODEL', 'burger'), ('LC_ALL', 'en_US.UTF-8'), ('XDG_CONFIG_DIRS', '/etc/xdg/xdg-ubuntu:/etc/xdg'), ('NVM_CD_FLAGS', ''), ('XDG_DATA_DIRS', '/home/pochsathya/snap/code/230/.local/share:/home/pochsathya/snap/code/230:/snap/code/230/usr/share:/usr/share/ubuntu:/usr/local/share/:/usr/share/:/var/lib/snapd/desktop'), ('PYTHONPATH', '/home/pochsathya/ros2_ws/install/house_navigation_pkg/lib/python3.10/site-packages:/home/pochsathya/ros2_ws/install/subscriber_pkg/lib/python3.10/site-packages:/home/pochsathya/ros2_ws/install/publisher_pkg/lib/python3.10/site-packages:/home/pochsathya/ros2_ws/install/odometry_pkg/lib/python3.10/site-packages:/home/pochsathya/ros2_ws/install/my_first_pkg/lib/python3.10/site-packages:/home/pochsathya/ros2_ws/install/example36_pkg/lib/python3.10/site-packages:/home/pochsathya/ros2_ws/install/custom_interfaces/local/lib/python3.10/dist-packages:/opt/ros/humble/lib/python3.10/site-packages:/opt/ros/humble/local/lib/python3.10/dist-packages'), ('COLCON', '1'), ('VTE_VERSION', '6800'), ('CMAKE_PREFIX_PATH', '/home/pochsathya/ros2_ws/install/custom_interfaces:/home/pochsathya/ros2_ws/install/house_navigation_pkg:/home/pochsathya/ros2_ws/install/subscriber_pkg:/home/pochsathya/ros2_ws/install/publisher_pkg:/home/pochsathya/ros2_ws/install/odometry_pkg:/home/pochsathya/ros2_ws/install/my_first_pkg:/home/pochsathya/ros2_ws/install/example36_pkg:/opt/ros/humble')]), 'shell': False}
[0.099808] (-) TimerEvent: {}
[0.200126] (-) TimerEvent: {}
[0.300449] (-) TimerEvent: {}
[0.400716] (-) TimerEvent: {}
[0.501360] (-) TimerEvent: {}
[0.601882] (-) TimerEvent: {}
[0.702254] (-) TimerEvent: {}
[0.802647] (-) TimerEvent: {}
[0.809543] (custom_interfaces) StdoutLine: {'line': b'[  3%] Built target custom_interfaces__cpp\n'}
[0.809895] (custom_interfaces) StdoutLine: {'line': b'[ 12%] Built target custom_interfaces__rosidl_generator_c\n'}
[0.809928] (custom_interfaces) StdoutLine: {'line': b'[ 12%] Built target ament_cmake_python_copy_custom_interfaces\n'}
[0.809953] (custom_interfaces) StdoutLine: {'line': b'[ 22%] Built target custom_interfaces__rosidl_typesupport_c\n'}
[0.810047] (custom_interfaces) StdoutLine: {'line': b'[ 38%] Built target custom_interfaces__rosidl_typesupport_introspection_cpp\n'}
[0.810071] (custom_interfaces) StdoutLine: {'line': b'[ 41%] Built target custom_interfaces__rosidl_typesupport_cpp\n'}
[0.810136] (custom_interfaces) StdoutLine: {'line': b'[ 51%] Built target custom_interfaces__rosidl_typesupport_introspection_c\n'}
[0.810212] (custom_interfaces) StdoutLine: {'line': b'[ 61%] Built target custom_interfaces__rosidl_typesupport_fastrtps_cpp\n'}
[0.810243] (custom_interfaces) StdoutLine: {'line': b'[ 70%] Built target custom_interfaces__rosidl_typesupport_fastrtps_c\n'}
[0.810269] (custom_interfaces) StdoutLine: {'line': b'[ 70%] Built target custom_interfaces\n'}
[0.810293] (custom_interfaces) StdoutLine: {'line': b'[ 74%] Built target custom_interfaces__py\n'}
[0.810321] (custom_interfaces) StdoutLine: {'line': b'[ 80%] Built target custom_interfaces__rosidl_generator_py\n'}
[0.810343] (custom_interfaces) StdoutLine: {'line': b'[100%] Built target custom_interfaces__rosidl_typesupport_fastrtps_c__pyext\n'}
[0.810367] (custom_interfaces) StdoutLine: {'line': b'[100%] Built target custom_interfaces__rosidl_typesupport_c__pyext\n'}
[0.810390] (custom_interfaces) StdoutLine: {'line': b'[100%] Built target custom_interfaces__rosidl_typesupport_introspection_c__pyext\n'}
[0.810413] (custom_interfaces) StdoutLine: {'line': b'running egg_info\n'}
[0.810439] (custom_interfaces) StdoutLine: {'line': b'writing custom_interfaces.egg-info/PKG-INFO\n'}
[0.810472] (custom_interfaces) StdoutLine: {'line': b'writing dependency_links to custom_interfaces.egg-info/dependency_links.txt\n'}
[0.810496] (custom_interfaces) StdoutLine: {'line': b'writing top-level names to custom_interfaces.egg-info/top_level.txt\n'}
[0.810518] (custom_interfaces) StdoutLine: {'line': b"reading manifest file 'custom_interfaces.egg-info/SOURCES.txt'\n"}
[0.810543] (custom_interfaces) StdoutLine: {'line': b"writing manifest file 'custom_interfaces.egg-info/SOURCES.txt'\n"}
[0.810566] (custom_interfaces) StdoutLine: {'line': b'[100%] Built target ament_cmake_python_build_custom_interfaces_egg\n'}
[0.902721] (-) TimerEvent: {}
[0.951546] (custom_interfaces) CommandEnded: {'returncode': 0}
[0.952477] (custom_interfaces) JobProgress: {'identifier': 'custom_interfaces', 'progress': 'install'}
[0.959273] (custom_interfaces) Command: {'cmd': ['/usr/bin/cmake', '--install', '/home/pochsathya/ros2_ws/build/custom_interfaces'], 'cwd': '/home/pochsathya/ros2_ws/build/custom_interfaces', 'env': OrderedDict([('PYTHON_BASIC_REPL', '1'), ('LESSOPEN', '| /usr/bin/lesspipe %s'), ('USER', 'pochsathya'), ('FONTCONFIG_PATH', '/etc/fonts'), ('GIO_MODULE_DIR', '/home/pochsathya/snap/code/common/.cache/gio-modules'), ('XDG_SESSION_TYPE', 'wayland'), ('GIT_ASKPASS', '/snap/code/230/usr/share/code/resources/app/extensions/git/dist/askpass.sh'), ('GTK_EXE_PREFIX_VSCODE_SNAP_ORIG', ''), ('GDK_BACKEND_VSCODE_SNAP_ORIG', ''), ('SHLVL', '2'), ('LD_LIBRARY_PATH', '/home/pochsathya/ros2_ws/install/custom_interfaces/lib:/usr/lib/x86_64-linux-gnu/gazebo-11/plugins:/opt/ros/humble/opt/rviz_ogre_vendor/lib:/opt/ros/humble/lib/x86_64-linux-gnu:/opt/ros/humble/lib'), ('HOME', '/home/pochsathya'), ('CHROME_DESKTOP', 'code.desktop'), ('LOCPATH_VSCODE_SNAP_ORIG', ''), ('OLDPWD', '/home/pochsathya/ros2_ws/src'), ('TERM_PROGRAM_VERSION', '1.112.0'), ('DESKTOP_SESSION', 'ubuntu'), ('GTK_PATH', '/snap/code/230/usr/lib/x86_64-linux-gnu/gtk-3.0'), ('NVM_BIN', '/home/pochsathya/.nvm/versions/node/v24.14.0/bin'), ('NVM_INC', '/home/pochsathya/.nvm/versions/node/v24.14.0/include/node'), ('XDG_DATA_HOME_VSCODE_SNAP_ORIG', ''), ('GTK_IM_MODULE_FILE', '/home/pochsathya/snap/code/common/.cache/immodules/immodules.cache'), ('ROS_PYTHON_VERSION', '3'), ('GNOME_SHELL_SESSION_MODE', 'ubuntu'), ('GTK_MODULES', 'gail:atk-bridge'), ('GK_GL_PATH', '/tmp/gitkraken/gitlens/gitlens-ipc-server-3329-34165.json'), ('GSETTINGS_SCHEMA_DIR_VSCODE_SNAP_ORIG', ''), ('VSCODE_GIT_ASKPASS_MAIN', '/snap/code/230/usr/share/code/resources/app/extensions/git/dist/askpass-main.js'), ('VSCODE_GIT_ASKPASS_NODE', '/snap/code/230/usr/share/code/code'), ('PYDEVD_DISABLE_FILE_VALIDATION', '1'), ('SYSTEMD_EXEC_PID', '2320'), ('BUNDLED_DEBUGPY_PATH', '/home/pochsathya/.vscode/extensions/ms-python.debugpy-2025.18.0-linux-x64/bundled/libs/debugpy'), ('VSCODE_PYTHON_AUTOACTIVATE_GUARD', '1'), ('DBUS_SESSION_BUS_ADDRESS', 'unix:path=/run/user/1000/bus'), ('COLORTERM', 'truecolor'), ('NVM_DIR', '/home/pochsathya/.nvm'), ('IM_CONFIG_PHASE', '1'), ('WAYLAND_DISPLAY', 'wayland-0'), ('COLCON_PREFIX_PATH', '/home/pochsathya/ros2_ws/install:/home/pochsathya/ros2_ws/src/house_navigation_pkg/house_navigation_pkg/install'), ('ROS_DISTRO', 'humble'), ('LOGNAME', 'pochsathya'), ('_', '/usr/bin/colcon'), ('ROS_VERSION', '2'), ('XDG_CONFIG_DIRS_VSCODE_SNAP_ORIG', '/etc/xdg/xdg-ubuntu:/etc/xdg'), ('XDG_SESSION_CLASS', 'user'), ('XDG_DATA_DIRS_VSCODE_SNAP_ORIG', '/usr/share/ubuntu:/usr/local/share/:/usr/share/:/var/lib/snapd/desktop'), ('USERNAME', 'pochsathya'), ('TERM', 'xterm-256color'), ('GNOME_DESKTOP_SESSION_ID', 'this-is-deprecated'), ('FC_FONTATIONS', '1'), ('ROS_LOCALHOST_ONLY', '0'), ('PATH', '/home/pochsathya/.config/Code/User/globalStorage/github.copilot-chat/debugCommand:/home/pochsathya/.config/Code/User/globalStorage/github.copilot-chat/copilotCli:/home/pochsathya/.nvm/versions/node/v24.14.0/bin:/opt/ros/humble/bin:/home/pochsathya/.local/bin:/usr/local/sbin:/usr/local/bin:/usr/sbin:/usr/bin:/sbin:/bin:/usr/games:/usr/local/games:/snap/bin:/snap/bin:/home/pochsathya/.vscode/extensions/ms-python.debugpy-2025.18.0-linux-x64/bundled/scripts/noConfigScripts'), ('SESSION_MANAGER', 'local/pochsathya-Legion-Pro-5-16IRX8:@/tmp/.ICE-unix/2081,unix/pochsathya-Legion-Pro-5-16IRX8:/tmp/.ICE-unix/2081'), ('GTK_EXE_PREFIX', '/snap/code/230/usr'), ('XDG_MENU_PREFIX', 'gnome-'), ('GNOME_TERMINAL_SCREEN', '/org/gnome/Terminal/screen/3022cf24_8779_4048_b403_e606844e479e'), ('GNOME_SETUP_DISPLAY', ':1'), ('XDG_RUNTIME_DIR', '/run/user/1000'), ('GDK_BACKEND', 'x11'), ('DISPLAY', ':0'), ('LOCPATH', '/snap/code/230/usr/lib/locale'), ('VSCODE_DEBUGPY_ADAPTER_ENDPOINTS', '/home/pochsathya/.vscode/extensions/ms-python.debugpy-2025.18.0-linux-x64/.noConfigDebugAdapterEndpoints/endpoint-2afe878aa90fcd67.txt'), ('LANG', 'en_US.UTF-8'), ('XDG_CURRENT_DESKTOP', 'ubuntu:GNOME'), ('PYTHONSTARTUP', '/home/pochsathya/.config/Code/User/workspaceStorage/f271fc560773b7ce7087c0335d36366c/ms-python.python/pythonrc.py'), ('GIO_MODULE_DIR_VSCODE_SNAP_ORIG', ''), ('XDG_DATA_HOME', '/home/pochsathya/snap/code/230/.local/share'), ('XMODIFIERS', '@im=ibus'), ('XDG_SESSION_DESKTOP', 'ubuntu'), ('XAUTHORITY', '/run/user/1000/.mutter-Xwaylandauth.YFTWM3'), ('LS_COLORS', 'rs=0:di=01;34:ln=01;36:mh=00:pi=40;33:so=01;35:do=01;35:bd=40;33;01:cd=40;33;01:or=40;31;01:mi=00:su=37;41:sg=30;43:ca=30;41:tw=30;42:ow=34;42:st=37;44:ex=01;32:*.tar=01;31:*.tgz=01;31:*.arc=01;31:*.arj=01;31:*.taz=01;31:*.lha=01;31:*.lz4=01;31:*.lzh=01;31:*.lzma=01;31:*.tlz=01;31:*.txz=01;31:*.tzo=01;31:*.t7z=01;31:*.zip=01;31:*.z=01;31:*.dz=01;31:*.gz=01;31:*.lrz=01;31:*.lz=01;31:*.lzo=01;31:*.xz=01;31:*.zst=01;31:*.tzst=01;31:*.bz2=01;31:*.bz=01;31:*.tbz=01;31:*.tbz2=01;31:*.tz=01;31:*.deb=01;31:*.rpm=01;31:*.jar=01;31:*.war=01;31:*.ear=01;31:*.sar=01;31:*.rar=01;31:*.alz=01;31:*.ace=01;31:*.zoo=01;31:*.cpio=01;31:*.7z=01;31:*.rz=01;31:*.cab=01;31:*.wim=01;31:*.swm=01;31:*.dwm=01;31:*.esd=01;31:*.jpg=01;35:*.jpeg=01;35:*.mjpg=01;35:*.mjpeg=01;35:*.gif=01;35:*.bmp=01;35:*.pbm=01;35:*.pgm=01;35:*.ppm=01;35:*.tga=01;35:*.xbm=01;35:*.xpm=01;35:*.tif=01;35:*.tiff=01;35:*.png=01;35:*.svg=01;35:*.svgz=01;35:*.mng=01;35:*.pcx=01;35:*.mov=01;35:*.mpg=01;35:*.mpeg=01;35:*.m2v=01;35:*.mkv=01;35:*.webm=01;35:*.webp=01;35:*.ogm=01;35:*.mp4=01;35:*.m4v=01;35:*.mp4v=01;35:*.vob=01;35:*.qt=01;35:*.nuv=01;35:*.wmv=01;35:*.asf=01;35:*.rm=01;35:*.rmvb=01;35:*.flc=01;35:*.avi=01;35:*.fli=01;35:*.flv=01;35:*.gl=01;35:*.dl=01;35:*.xcf=01;35:*.xwd=01;35:*.yuv=01;35:*.cgm=01;35:*.emf=01;35:*.ogv=01;35:*.ogx=01;35:*.aac=00;36:*.au=00;36:*.flac=00;36:*.m4a=00;36:*.mid=00;36:*.midi=00;36:*.mka=00;36:*.mp3=00;36:*.mpc=00;36:*.ogg=00;36:*.ra=00;36:*.wav=00;36:*.oga=00;36:*.opus=00;36:*.spx=00;36:*.xspf=00;36:'), ('VSCODE_GIT_IPC_HANDLE', '/run/user/1000/vscode-git-8e822459fc.sock'), ('GNOME_TERMINAL_SERVICE', ':1.113'), ('TERM_PROGRAM', 'vscode'), ('SSH_AGENT_LAUNCHER', 'gnome-keyring'), ('SSH_AUTH_SOCK', '/run/user/1000/keyring/ssh'), ('GSETTINGS_SCHEMA_DIR', '/home/pochsathya/snap/code/230/.local/share/glib-2.0/schemas'), ('AMENT_PREFIX_PATH', '/home/pochsathya/ros2_ws/install/house_navigation_pkg:/home/pochsathya/ros2_ws/install/subscriber_pkg:/home/pochsathya/ros2_ws/install/publisher_pkg:/home/pochsathya/ros2_ws/install/odometry_pkg:/home/pochsathya/ros2_ws/install/my_first_pkg:/home/pochsathya/ros2_ws/install/example36_pkg:/home/pochsathya/ros2_ws/install/custom_interfaces:/opt/ros/humble'), ('SHELL', '/bin/bash'), ('QT_ACCESSIBILITY', '1'), ('GDMSESSION', 'ubuntu'), ('LESSCLOSE', '/usr/bin/lesspipe %s %s'), ('GTK_PATH_VSCODE_SNAP_ORIG', ''), ('FONTCONFIG_FILE', '/etc/fonts/fonts.conf'), ('GK_GL_ADDR', 'http://127.0.0.1:34165'), ('GTK_IM_MODULE_FILE_VSCODE_SNAP_ORIG', ''), ('VSCODE_GIT_ASKPASS_EXTRA_ARGS', ''), ('QT_IM_MODULE', 'ibus'), ('PWD', '/home/pochsathya/ros2_ws/build/custom_interfaces'), ('TURTLEBOT3_MODEL', 'burger'), ('LC_ALL', 'en_US.UTF-8'), ('XDG_CONFIG_DIRS', '/etc/xdg/xdg-ubuntu:/etc/xdg'), ('NVM_CD_FLAGS', ''), ('XDG_DATA_DIRS', '/home/pochsathya/snap/code/230/.local/share:/home/pochsathya/snap/code/230:/snap/code/230/usr/share:/usr/share/ubuntu:/usr/local/share/:/usr/share/:/var/lib/snapd/desktop'), ('PYTHONPATH', '/home/pochsathya/ros2_ws/install/house_navigation_pkg/lib/python3.10/site-packages:/home/pochsathya/ros2_ws/install/subscriber_pkg/lib/python3.10/site-packages:/home/pochsathya/ros2_ws/install/publisher_pkg/lib/python3.10/site-packages:/home/pochsathya/ros2_ws/install/odometry_pkg/lib/python3.10/site-packages:/home/pochsathya/ros2_ws/install/my_first_pkg/lib/python3.10/site-packages:/home/pochsathya/ros2_ws/install/example36_pkg/lib/python3.10/site-packages:/home/pochsathya/ros2_ws/install/custom_interfaces/local/lib/python3.10/dist-packages:/opt/ros/humble/lib/python3.10/site-packages:/opt/ros/humble/local/lib/python3.10/dist-packages'), ('COLCON', '1'), ('VTE_VERSION', '6800'), ('CMAKE_PREFIX_PATH', '/home/pochsathya/ros2_ws/install/custom_interfaces:/home/pochsathya/ros2_ws/install/house_navigation_pkg:/home/pochsathya/ros2_ws/install/subscriber_pkg:/home/pochsathya/ros2_ws/install/publisher_pkg:/home/pochsathya/ros2_ws/install/odometry_pkg:/home/pochsathya/ros2_ws/install/my_first_pkg:/home/pochsathya/ros2_ws/install/example36_pkg:/opt/ros/humble')]), 'shell': False}
[0.967583] (custom_interfaces) StdoutLine: {'line': b'-- Install configuration: ""\n'}
[0.968490] (custom_interfaces) StdoutLine: {'line': b'-- Up-to-date: /home/pochsathya/ros2_ws/install/custom_interfaces/share/ament_index/resource_index/rosidl_interfaces/custom_interfaces\n'}
[0.968584] (custom_interfaces) StdoutLine: {'line': b'-- Up-to-date: /home/pochsathya/ros2_ws/install/custom_interfaces/include/custom_interfaces/custom_interfaces\n'}
[0.968655] (custom_interfaces) StdoutLine: {'line': b'-- Up-to-date: /home/pochsathya/ros2_ws/install/custom_interfaces/include/custom_interfaces/custom_interfaces/msg\n'}
[0.968730] (custom_interfaces) StdoutLine: {'line': b'-- Up-to-date: /home/pochsathya/ros2_ws/install/custom_interfaces/include/custom_interfaces/custom_interfaces/msg/age.h\n'}
[0.968802] (custom_interfaces) StdoutLine: {'line': b'-- Up-to-date: /home/pochsathya/ros2_ws/install/custom_interfaces/include/custom_interfaces/custom_interfaces/msg/rosidl_generator_c__visibility_control.h\n'}
[0.968871] (custom_interfaces) StdoutLine: {'line': b'-- Up-to-date: /home/pochsathya/ros2_ws/install/custom_interfaces/include/custom_interfaces/custom_interfaces/msg/detail\n'}
[0.968936] (custom_interfaces) StdoutLine: {'line': b'-- Up-to-date: /home/pochsathya/ros2_ws/install/custom_interfaces/include/custom_interfaces/custom_interfaces/msg/detail/age__struct.h\n'}
[0.969002] (custom_interfaces) StdoutLine: {'line': b'-- Up-to-date: /home/pochsathya/ros2_ws/install/custom_interfaces/include/custom_interfaces/custom_interfaces/msg/detail/age__functions.h\n'}
[0.969125] (custom_interfaces) StdoutLine: {'line': b'-- Up-to-date: /home/pochsathya/ros2_ws/install/custom_interfaces/include/custom_interfaces/custom_interfaces/msg/detail/age__type_support.h\n'}
[0.969198] (custom_interfaces) StdoutLine: {'line': b'-- Up-to-date: /home/pochsathya/ros2_ws/install/custom_interfaces/include/custom_interfaces/custom_interfaces/msg/detail/age__functions.c\n'}
[0.969269] (custom_interfaces) StdoutLine: {'line': b'-- Up-to-date: /home/pochsathya/ros2_ws/install/custom_interfaces/share/custom_interfaces/environment/library_path.sh\n'}
[0.969337] (custom_interfaces) StdoutLine: {'line': b'-- Up-to-date: /home/pochsathya/ros2_ws/install/custom_interfaces/share/custom_interfaces/environment/library_path.dsv\n'}
[0.969405] (custom_interfaces) StdoutLine: {'line': b'-- Up-to-date: /home/pochsathya/ros2_ws/install/custom_interfaces/lib/libcustom_interfaces__rosidl_generator_c.so\n'}
[0.969586] (custom_interfaces) StdoutLine: {'line': b'-- Up-to-date: /home/pochsathya/ros2_ws/install/custom_interfaces/include/custom_interfaces/custom_interfaces\n'}
[0.970017] (custom_interfaces) StdoutLine: {'line': b'-- Up-to-date: /home/pochsathya/ros2_ws/install/custom_interfaces/include/custom_interfaces/custom_interfaces/msg\n'}
[0.970357] (custom_interfaces) StdoutLine: {'line': b'-- Up-to-date: /home/pochsathya/ros2_ws/install/custom_interfaces/include/custom_interfaces/custom_interfaces/msg/rosidl_typesupport_fastrtps_c__visibility_control.h\n'}
[0.970491] (custom_interfaces) StdoutLine: {'line': b'-- Up-to-date: /home/pochsathya/ros2_ws/install/custom_interfaces/include/custom_interfaces/custom_interfaces/msg/detail\n'}
[0.970561] (custom_interfaces) StdoutLine: {'line': b'-- Up-to-date: /home/pochsathya/ros2_ws/install/custom_interfaces/include/custom_interfaces/custom_interfaces/msg/detail/age__rosidl_typesupport_fastrtps_c.h\n'}
[0.970632] (custom_interfaces) StdoutLine: {'line': b'-- Up-to-date: /home/pochsathya/ros2_ws/install/custom_interfaces/lib/libcustom_interfaces__rosidl_typesupport_fastrtps_c.so\n'}
[0.970703] (custom_interfaces) StdoutLine: {'line': b'-- Up-to-date: /home/pochsathya/ros2_ws/install/custom_interfaces/include/custom_interfaces/custom_interfaces\n'}
[0.970774] (custom_interfaces) StdoutLine: {'line': b'-- Up-to-date: /home/pochsathya/ros2_ws/install/custom_interfaces/include/custom_interfaces/custom_interfaces/msg\n'}
[0.970840] (custom_interfaces) StdoutLine: {'line': b'-- Up-to-date: /home/pochsathya/ros2_ws/install/custom_interfaces/include/custom_interfaces/custom_interfaces/msg/age.hpp\n'}
[0.970996] (custom_interfaces) StdoutLine: {'line': b'-- Up-to-date: /home/pochsathya/ros2_ws/install/custom_interfaces/include/custom_interfaces/custom_interfaces/msg/rosidl_generator_cpp__visibility_control.hpp\n'}
[0.971067] (custom_interfaces) StdoutLine: {'line': b'-- Up-to-date: /home/pochsathya/ros2_ws/install/custom_interfaces/include/custom_interfaces/custom_interfaces/msg/detail\n'}
[0.971132] (custom_interfaces) StdoutLine: {'line': b'-- Up-to-date: /home/pochsathya/ros2_ws/install/custom_interfaces/include/custom_interfaces/custom_interfaces/msg/detail/age__traits.hpp\n'}
[0.971196] (custom_interfaces) StdoutLine: {'line': b'-- Up-to-date: /home/pochsathya/ros2_ws/install/custom_interfaces/include/custom_interfaces/custom_interfaces/msg/detail/age__type_support.hpp\n'}
[0.971261] (custom_interfaces) StdoutLine: {'line': b'-- Up-to-date: /home/pochsathya/ros2_ws/install/custom_interfaces/include/custom_interfaces/custom_interfaces/msg/detail/age__struct.hpp\n'}
[0.971326] (custom_interfaces) StdoutLine: {'line': b'-- Up-to-date: /home/pochsathya/ros2_ws/install/custom_interfaces/include/custom_interfaces/custom_interfaces/msg/detail/age__builder.hpp\n'}
[0.971391] (custom_interfaces) StdoutLine: {'line': b'-- Up-to-date: /home/pochsathya/ros2_ws/install/custom_interfaces/include/custom_interfaces/custom_interfaces\n'}
[0.971455] (custom_interfaces) StdoutLine: {'line': b'-- Up-to-date: /home/pochsathya/ros2_ws/install/custom_interfaces/include/custom_interfaces/custom_interfaces/msg\n'}
[0.971519] (custom_interfaces) StdoutLine: {'line': b'-- Up-to-date: /home/pochsathya/ros2_ws/install/custom_interfaces/include/custom_interfaces/custom_interfaces/msg/rosidl_typesupport_fastrtps_cpp__visibility_control.h\n'}
[0.971584] (custom_interfaces) StdoutLine: {'line': b'-- Up-to-date: /home/pochsathya/ros2_ws/install/custom_interfaces/include/custom_interfaces/custom_interfaces/msg/detail\n'}
[0.971647] (custom_interfaces) StdoutLine: {'line': b'-- Up-to-date: /home/pochsathya/ros2_ws/install/custom_interfaces/include/custom_interfaces/custom_interfaces/msg/detail/dds_fastrtps\n'}
[0.971720] (custom_interfaces) StdoutLine: {'line': b'-- Up-to-date: /home/pochsathya/ros2_ws/install/custom_interfaces/include/custom_interfaces/custom_interfaces/msg/detail/age__rosidl_typesupport_fastrtps_cpp.hpp\n'}
[0.971783] (custom_interfaces) StdoutLine: {'line': b'-- Up-to-date: /home/pochsathya/ros2_ws/install/custom_interfaces/lib/libcustom_interfaces__rosidl_typesupport_fastrtps_cpp.so\n'}
[0.971848] (custom_interfaces) StdoutLine: {'line': b'-- Up-to-date: /home/pochsathya/ros2_ws/install/custom_interfaces/include/custom_interfaces/custom_interfaces\n'}
[0.971912] (custom_interfaces) StdoutLine: {'line': b'-- Up-to-date: /home/pochsathya/ros2_ws/install/custom_interfaces/include/custom_interfaces/custom_interfaces/msg\n'}
[0.972605] (custom_interfaces) StdoutLine: {'line': b'-- Up-to-date: /home/pochsathya/ros2_ws/install/custom_interfaces/include/custom_interfaces/custom_interfaces/msg/detail\n'}
[0.973325] (custom_interfaces) StdoutLine: {'line': b'-- Up-to-date: /home/pochsathya/ros2_ws/install/custom_interfaces/include/custom_interfaces/custom_interfaces/msg/detail/age__rosidl_typesupport_introspection_c.h\n'}
[0.973409] (custom_interfaces) StdoutLine: {'line': b'-- Up-to-date: /home/pochsathya/ros2_ws/install/custom_interfaces/include/custom_interfaces/custom_interfaces/msg/detail/age__type_support.c\n'}
[0.973488] (custom_interfaces) StdoutLine: {'line': b'-- Up-to-date: /home/pochsathya/ros2_ws/install/custom_interfaces/include/custom_interfaces/custom_interfaces/msg/rosidl_typesupport_introspection_c__visibility_control.h\n'}
[0.973563] (custom_interfaces) StdoutLine: {'line': b'-- Up-to-date: /home/pochsathya/ros2_ws/install/custom_interfaces/lib/libcustom_interfaces__rosidl_typesupport_introspection_c.so\n'}
[0.973637] (custom_interfaces) StdoutLine: {'line': b'-- Up-to-date: /home/pochsathya/ros2_ws/install/custom_interfaces/lib/libcustom_interfaces__rosidl_typesupport_c.so\n'}
[0.973716] (custom_interfaces) StdoutLine: {'line': b'-- Up-to-date: /home/pochsathya/ros2_ws/install/custom_interfaces/include/custom_interfaces/custom_interfaces\n'}
[0.973790] (custom_interfaces) StdoutLine: {'line': b'-- Up-to-date: /home/pochsathya/ros2_ws/install/custom_interfaces/include/custom_interfaces/custom_interfaces/msg\n'}
[0.973860] (custom_interfaces) StdoutLine: {'line': b'-- Up-to-date: /home/pochsathya/ros2_ws/install/custom_interfaces/include/custom_interfaces/custom_interfaces/msg/detail\n'}
[0.973930] (custom_interfaces) StdoutLine: {'line': b'-- Up-to-date: /home/pochsathya/ros2_ws/install/custom_interfaces/include/custom_interfaces/custom_interfaces/msg/detail/age__type_support.cpp\n'}
[0.974002] (custom_interfaces) StdoutLine: {'line': b'-- Up-to-date: /home/pochsathya/ros2_ws/install/custom_interfaces/include/custom_interfaces/custom_interfaces/msg/detail/age__rosidl_typesupport_introspection_cpp.hpp\n'}
[0.974074] (custom_interfaces) StdoutLine: {'line': b'-- Up-to-date: /home/pochsathya/ros2_ws/install/custom_interfaces/lib/libcustom_interfaces__rosidl_typesupport_introspection_cpp.so\n'}
[0.974144] (custom_interfaces) StdoutLine: {'line': b'-- Up-to-date: /home/pochsathya/ros2_ws/install/custom_interfaces/lib/libcustom_interfaces__rosidl_typesupport_cpp.so\n'}
[0.974217] (custom_interfaces) StdoutLine: {'line': b'-- Up-to-date: /home/pochsathya/ros2_ws/install/custom_interfaces/share/custom_interfaces/environment/pythonpath.sh\n'}
[0.974288] (custom_interfaces) StdoutLine: {'line': b'-- Up-to-date: /home/pochsathya/ros2_ws/install/custom_interfaces/share/custom_interfaces/environment/pythonpath.dsv\n'}
[0.974357] (custom_interfaces) StdoutLine: {'line': b'-- Up-to-date: /home/pochsathya/ros2_ws/install/custom_interfaces/local/lib/python3.10/dist-packages/custom_interfaces-0.0.0-py3.10.egg-info\n'}
[0.974841] (custom_interfaces) StdoutLine: {'line': b'-- Installing: /home/pochsathya/ros2_ws/install/custom_interfaces/local/lib/python3.10/dist-packages/custom_interfaces-0.0.0-py3.10.egg-info/PKG-INFO\n'}
[0.974915] (custom_interfaces) StdoutLine: {'line': b'-- Installing: /home/pochsathya/ros2_ws/install/custom_interfaces/local/lib/python3.10/dist-packages/custom_interfaces-0.0.0-py3.10.egg-info/dependency_links.txt\n'}
[0.974982] (custom_interfaces) StdoutLine: {'line': b'-- Installing: /home/pochsathya/ros2_ws/install/custom_interfaces/local/lib/python3.10/dist-packages/custom_interfaces-0.0.0-py3.10.egg-info/top_level.txt\n'}
[0.975046] (custom_interfaces) StdoutLine: {'line': b'-- Installing: /home/pochsathya/ros2_ws/install/custom_interfaces/local/lib/python3.10/dist-packages/custom_interfaces-0.0.0-py3.10.egg-info/SOURCES.txt\n'}
[0.975108] (custom_interfaces) StdoutLine: {'line': b'-- Up-to-date: /home/pochsathya/ros2_ws/install/custom_interfaces/local/lib/python3.10/dist-packages/custom_interfaces\n'}
[0.975171] (custom_interfaces) StdoutLine: {'line': b'-- Up-to-date: /home/pochsathya/ros2_ws/install/custom_interfaces/local/lib/python3.10/dist-packages/custom_interfaces/libcustom_interfaces__rosidl_generator_py.so\n'}
[0.975382] (custom_interfaces) StdoutLine: {'line': b'-- Up-to-date: /home/pochsathya/ros2_ws/install/custom_interfaces/local/lib/python3.10/dist-packages/custom_interfaces/custom_interfaces_s__rosidl_typesupport_introspection_c.cpython-310-x86_64-linux-gnu.so\n'}
[0.975630] (custom_interfaces) StdoutLine: {'line': b'-- Up-to-date: /home/pochsathya/ros2_ws/install/custom_interfaces/local/lib/python3.10/dist-packages/custom_interfaces/_custom_interfaces_s.ep.rosidl_typesupport_fastrtps_c.c\n'}
[0.975701] (custom_interfaces) StdoutLine: {'line': b'-- Up-to-date: /home/pochsathya/ros2_ws/install/custom_interfaces/local/lib/python3.10/dist-packages/custom_interfaces/__init__.py\n'}
[0.975769] (custom_interfaces) StdoutLine: {'line': b'-- Up-to-date: /home/pochsathya/ros2_ws/install/custom_interfaces/local/lib/python3.10/dist-packages/custom_interfaces/_custom_interfaces_s.ep.rosidl_typesupport_c.c\n'}
[0.975833] (custom_interfaces) StdoutLine: {'line': b'-- Up-to-date: /home/pochsathya/ros2_ws/install/custom_interfaces/local/lib/python3.10/dist-packages/custom_interfaces/_custom_interfaces_s.ep.rosidl_typesupport_introspection_c.c\n'}
[0.975899] (custom_interfaces) StdoutLine: {'line': b'-- Up-to-date: /home/pochsathya/ros2_ws/install/custom_interfaces/local/lib/python3.10/dist-packages/custom_interfaces/custom_interfaces_s__rosidl_typesupport_fastrtps_c.cpython-310-x86_64-linux-gnu.so\n'}
[0.975967] (custom_interfaces) StdoutLine: {'line': b'-- Up-to-date: /home/pochsathya/ros2_ws/install/custom_interfaces/local/lib/python3.10/dist-packages/custom_interfaces/msg\n'}
[0.976034] (custom_interfaces) StdoutLine: {'line': b'-- Up-to-date: /home/pochsathya/ros2_ws/install/custom_interfaces/local/lib/python3.10/dist-packages/custom_interfaces/msg/_age.py\n'}
[0.976097] (custom_interfaces) StdoutLine: {'line': b'-- Up-to-date: /home/pochsathya/ros2_ws/install/custom_interfaces/local/lib/python3.10/dist-packages/custom_interfaces/msg/__init__.py\n'}
[0.976162] (custom_interfaces) StdoutLine: {'line': b'-- Up-to-date: /home/pochsathya/ros2_ws/install/custom_interfaces/local/lib/python3.10/dist-packages/custom_interfaces/msg/_age_s.c\n'}
[0.976228] (custom_interfaces) StdoutLine: {'line': b'-- Up-to-date: /home/pochsathya/ros2_ws/install/custom_interfaces/local/lib/python3.10/dist-packages/custom_interfaces/custom_interfaces_s__rosidl_typesupport_c.cpython-310-x86_64-linux-gnu.so\n'}
[1.002967] (-) TimerEvent: {}
[1.026388] (custom_interfaces) StdoutLine: {'line': b"Listing '/home/pochsathya/ros2_ws/install/custom_interfaces/local/lib/python3.10/dist-packages/custom_interfaces'...\n"}
[1.026748] (custom_interfaces) StdoutLine: {'line': b"Listing '/home/pochsathya/ros2_ws/install/custom_interfaces/local/lib/python3.10/dist-packages/custom_interfaces/msg'...\n"}
[1.033478] (custom_interfaces) StdoutLine: {'line': b'-- Up-to-date: /home/pochsathya/ros2_ws/install/custom_interfaces/local/lib/python3.10/dist-packages/custom_interfaces/custom_interfaces_s__rosidl_typesupport_fastrtps_c.cpython-310-x86_64-linux-gnu.so\n'}
[1.033976] (custom_interfaces) StdoutLine: {'line': b'-- Up-to-date: /home/pochsathya/ros2_ws/install/custom_interfaces/local/lib/python3.10/dist-packages/custom_interfaces/custom_interfaces_s__rosidl_typesupport_introspection_c.cpython-310-x86_64-linux-gnu.so\n'}
[1.034452] (custom_interfaces) StdoutLine: {'line': b'-- Up-to-date: /home/pochsathya/ros2_ws/install/custom_interfaces/local/lib/python3.10/dist-packages/custom_interfaces/custom_interfaces_s__rosidl_typesupport_c.cpython-310-x86_64-linux-gnu.so\n'}
[1.034802] (custom_interfaces) StdoutLine: {'line': b'-- Up-to-date: /home/pochsathya/ros2_ws/install/custom_interfaces/lib/libcustom_interfaces__rosidl_generator_py.so\n'}
[1.035133] (custom_interfaces) StdoutLine: {'line': b'-- Up-to-date: /home/pochsathya/ros2_ws/install/custom_interfaces/share/custom_interfaces/msg/Age.idl\n'}
[1.035405] (custom_interfaces) StdoutLine: {'line': b'-- Up-to-date: /home/pochsathya/ros2_ws/install/custom_interfaces/share/custom_interfaces/msg/Age.msg\n'}
[1.035580] (custom_interfaces) StdoutLine: {'line': b'-- Up-to-date: /home/pochsathya/ros2_ws/install/custom_interfaces/share/ament_index/resource_index/package_run_dependencies/custom_interfaces\n'}
[1.035668] (custom_interfaces) StdoutLine: {'line': b'-- Up-to-date: /home/pochsathya/ros2_ws/install/custom_interfaces/share/ament_index/resource_index/parent_prefix_path/custom_interfaces\n'}
[1.035793] (custom_interfaces) StdoutLine: {'line': b'-- Up-to-date: /home/pochsathya/ros2_ws/install/custom_interfaces/share/custom_interfaces/environment/ament_prefix_path.sh\n'}
[1.035886] (custom_interfaces) StdoutLine: {'line': b'-- Up-to-date: /home/pochsathya/ros2_ws/install/custom_interfaces/share/custom_interfaces/environment/ament_prefix_path.dsv\n'}
[1.035973] (custom_interfaces) StdoutLine: {'line': b'-- Up-to-date: /home/pochsathya/ros2_ws/install/custom_interfaces/share/custom_interfaces/environment/path.sh\n'}
[1.036061] (custom_interfaces) StdoutLine: {'line': b'-- Up-to-date: /home/pochsathya/ros2_ws/install/custom_interfaces/share/custom_interfaces/environment/path.dsv\n'}
[1.036149] (custom_interfaces) StdoutLine: {'line': b'-- Up-to-date: /home/pochsathya/ros2_ws/install/custom_interfaces/share/custom_interfaces/local_setup.bash\n'}
[1.036236] (custom_interfaces) StdoutLine: {'line': b'-- Up-to-date: /home/pochsathya/ros2_ws/install/custom_interfaces/share/custom_interfaces/local_setup.sh\n'}
[1.036317] (custom_interfaces) StdoutLine: {'line': b'-- Up-to-date: /home/pochsathya/ros2_ws/install/custom_interfaces/share/custom_interfaces/local_setup.zsh\n'}
[1.036398] (custom_interfaces) StdoutLine: {'line': b'-- Up-to-date: /home/pochsathya/ros2_ws/install/custom_interfaces/share/custom_interfaces/local_setup.dsv\n'}
[1.036482] (custom_interfaces) StdoutLine: {'line': b'-- Installing: /home/pochsathya/ros2_ws/install/custom_interfaces/share/custom_interfaces/package.dsv\n'}
[1.036623] (custom_interfaces) StdoutLine: {'line': b'-- Up-to-date: /home/pochsathya/ros2_ws/install/custom_interfaces/share/ament_index/resource_index/packages/custom_interfaces\n'}
[1.036925] (custom_interfaces) StdoutLine: {'line': b'-- Up-to-date: /home/pochsathya/ros2_ws/install/custom_interfaces/share/custom_interfaces/cmake/export_custom_interfaces__rosidl_generator_cExport.cmake\n'}
[1.037196] (custom_interfaces) StdoutLine: {'line': b'-- Up-to-date: /home/pochsathya/ros2_ws/install/custom_interfaces/share/custom_interfaces/cmake/export_custom_interfaces__rosidl_generator_cExport-noconfig.cmake\n'}
[1.037397] (custom_interfaces) StdoutLine: {'line': b'-- Up-to-date: /home/pochsathya/ros2_ws/install/custom_interfaces/share/custom_interfaces/cmake/export_custom_interfaces__rosidl_typesupport_fastrtps_cExport.cmake\n'}
[1.037492] (custom_interfaces) StdoutLine: {'line': b'-- Up-to-date: /home/pochsathya/ros2_ws/install/custom_interfaces/share/custom_interfaces/cmake/export_custom_interfaces__rosidl_typesupport_fastrtps_cExport-noconfig.cmake\n'}
[1.037582] (custom_interfaces) StdoutLine: {'line': b'-- Up-to-date: /home/pochsathya/ros2_ws/install/custom_interfaces/share/custom_interfaces/cmake/export_custom_interfaces__rosidl_generator_cppExport.cmake\n'}
[1.037671] (custom_interfaces) StdoutLine: {'line': b'-- Up-to-date: /home/pochsathya/ros2_ws/install/custom_interfaces/share/custom_interfaces/cmake/export_custom_interfaces__rosidl_typesupport_fastrtps_cppExport.cmake\n'}
[1.037776] (custom_interfaces) StdoutLine: {'line': b'-- Up-to-date: /home/pochsathya/ros2_ws/install/custom_interfaces/share/custom_interfaces/cmake/export_custom_interfaces__rosidl_typesupport_fastrtps_cppExport-noconfig.cmake\n'}
[1.037864] (custom_interfaces) StdoutLine: {'line': b'-- Up-to-date: /home/pochsathya/ros2_ws/install/custom_interfaces/share/custom_interfaces/cmake/custom_interfaces__rosidl_typesupport_introspection_cExport.cmake\n'}
[1.037945] (custom_interfaces) StdoutLine: {'line': b'-- Up-to-date: /home/pochsathya/ros2_ws/install/custom_interfaces/share/custom_interfaces/cmake/custom_interfaces__rosidl_typesupport_introspection_cExport-noconfig.cmake\n'}
[1.038074] (custom_interfaces) StdoutLine: {'line': b'-- Up-to-date: /home/pochsathya/ros2_ws/install/custom_interfaces/share/custom_interfaces/cmake/custom_interfaces__rosidl_typesupport_cExport.cmake\n'}
[1.038158] (custom_interfaces) StdoutLine: {'line': b'-- Up-to-date: /home/pochsathya/ros2_ws/install/custom_interfaces/share/custom_interfaces/cmake/custom_interfaces__rosidl_typesupport_cExport-noconfig.cmake\n'}
[1.038241] (custom_interfaces) StdoutLine: {'line': b'-- Up-to-date: /home/pochsathya/ros2_ws/install/custom_interfaces/share/custom_interfaces/cmake/custom_interfaces__rosidl_typesupport_introspection_cppExport.cmake\n'}
[1.038322] (custom_interfaces) StdoutLine: {'line': b'-- Up-to-date: /home/pochsathya/ros2_ws/install/custom_interfaces/share/custom_interfaces/cmake/custom_interfaces__rosidl_typesupport_introspection_cppExport-noconfig.cmake\n'}
[1.038403] (custom_interfaces) StdoutLine: {'line': b'-- Up-to-date: /home/pochsathya/ros2_ws/install/custom_interfaces/share/custom_interfaces/cmake/custom_interfaces__rosidl_typesupport_cppExport.cmake\n'}
[1.038483] (custom_interfaces) StdoutLine: {'line': b'-- Up-to-date: /home/pochsathya/ros2_ws/install/custom_interfaces/share/custom_interfaces/cmake/custom_interfaces__rosidl_typesupport_cppExport-noconfig.cmake\n'}
[1.038670] (custom_interfaces) StdoutLine: {'line': b'-- Up-to-date: /home/pochsathya/ros2_ws/install/custom_interfaces/share/custom_interfaces/cmake/export_custom_interfaces__rosidl_generator_pyExport.cmake\n'}
[1.038778] (custom_interfaces) StdoutLine: {'line': b'-- Up-to-date: /home/pochsathya/ros2_ws/install/custom_interfaces/share/custom_interfaces/cmake/export_custom_interfaces__rosidl_generator_pyExport-noconfig.cmake\n'}
[1.038870] (custom_interfaces) StdoutLine: {'line': b'-- Up-to-date: /home/pochsathya/ros2_ws/install/custom_interfaces/share/custom_interfaces/cmake/rosidl_cmake-extras.cmake\n'}
[1.039085] (custom_interfaces) StdoutLine: {'line': b'-- Up-to-date: /home/pochsathya/ros2_ws/install/custom_interfaces/share/custom_interfaces/cmake/ament_cmake_export_include_directories-extras.cmake\n'}
[1.039165] (custom_interfaces) StdoutLine: {'line': b'-- Up-to-date: /home/pochsathya/ros2_ws/install/custom_interfaces/share/custom_interfaces/cmake/ament_cmake_export_libraries-extras.cmake\n'}
[1.039241] (custom_interfaces) StdoutLine: {'line': b'-- Up-to-date: /home/pochsathya/ros2_ws/install/custom_interfaces/share/custom_interfaces/cmake/ament_cmake_export_targets-extras.cmake\n'}
[1.039310] (custom_interfaces) StdoutLine: {'line': b'-- Up-to-date: /home/pochsathya/ros2_ws/install/custom_interfaces/share/custom_interfaces/cmake/rosidl_cmake_export_typesupport_targets-extras.cmake\n'}
[1.039383] (custom_interfaces) StdoutLine: {'line': b'-- Up-to-date: /home/pochsathya/ros2_ws/install/custom_interfaces/share/custom_interfaces/cmake/ament_cmake_export_dependencies-extras.cmake\n'}
[1.039450] (custom_interfaces) StdoutLine: {'line': b'-- Up-to-date: /home/pochsathya/ros2_ws/install/custom_interfaces/share/custom_interfaces/cmake/rosidl_cmake_export_typesupport_libraries-extras.cmake\n'}
[1.039519] (custom_interfaces) StdoutLine: {'line': b'-- Up-to-date: /home/pochsathya/ros2_ws/install/custom_interfaces/share/custom_interfaces/cmake/custom_interfacesConfig.cmake\n'}
[1.039584] (custom_interfaces) StdoutLine: {'line': b'-- Up-to-date: /home/pochsathya/ros2_ws/install/custom_interfaces/share/custom_interfaces/cmake/custom_interfacesConfig-version.cmake\n'}
[1.039652] (custom_interfaces) StdoutLine: {'line': b'-- Up-to-date: /home/pochsathya/ros2_ws/install/custom_interfaces/share/custom_interfaces/package.xml\n'}
[1.042337] (custom_interfaces) CommandEnded: {'returncode': 0}
[1.075876] (custom_interfaces) JobEnded: {'identifier': 'custom_interfaces', 'rc': 0}
[1.077729] (example36_pkg) JobStarted: {'identifier': 'example36_pkg'}
[1.102962] (-) TimerEvent: {}
[1.203363] (-) TimerEvent: {}
[1.303722] (-) TimerEvent: {}
[1.311709] (publisher_pkg) Command: {'cmd': ['/usr/bin/python3', '-W', 'ignore:setup.py install is deprecated', '-W', 'ignore:easy_install command is deprecated', 'setup.py', 'egg_info', '--egg-base', '../../build/publisher_pkg', 'build', '--build-base', '/home/pochsathya/ros2_ws/build/publisher_pkg/build', 'install', '--record', '/home/pochsathya/ros2_ws/build/publisher_pkg/install.log', '--single-version-externally-managed', 'install_data'], 'cwd': '/home/pochsathya/ros2_ws/src/publisher_pkg', 'env': {'PYTHON_BASIC_REPL': '1', 'LESSOPEN': '| /usr/bin/lesspipe %s', 'USER': 'pochsathya', 'FONTCONFIG_PATH': '/etc/fonts', 'GIO_MODULE_DIR': '/home/pochsathya/snap/code/common/.cache/gio-modules', 'XDG_SESSION_TYPE': 'wayland', 'GIT_ASKPASS': '/snap/code/230/usr/share/code/resources/app/extensions/git/dist/askpass.sh', 'GTK_EXE_PREFIX_VSCODE_SNAP_ORIG': '', 'GDK_BACKEND_VSCODE_SNAP_ORIG': '', 'SHLVL': '2', 'LD_LIBRARY_PATH': '/home/pochsathya/ros2_ws/install/custom_interfaces/lib:/usr/lib/x86_64-linux-gnu/gazebo-11/plugins:/opt/ros/humble/opt/rviz_ogre_vendor/lib:/opt/ros/humble/lib/x86_64-linux-gnu:/opt/ros/humble/lib', 'HOME': '/home/pochsathya', 'CHROME_DESKTOP': 'code.desktop', 'LOCPATH_VSCODE_SNAP_ORIG': '', 'OLDPWD': '/home/pochsathya/ros2_ws/src', 'TERM_PROGRAM_VERSION': '1.112.0', 'DESKTOP_SESSION': 'ubuntu', 'GTK_PATH': '/snap/code/230/usr/lib/x86_64-linux-gnu/gtk-3.0', 'NVM_BIN': '/home/pochsathya/.nvm/versions/node/v24.14.0/bin', 'NVM_INC': '/home/pochsathya/.nvm/versions/node/v24.14.0/include/node', 'XDG_DATA_HOME_VSCODE_SNAP_ORIG': '', 'GTK_IM_MODULE_FILE': '/home/pochsathya/snap/code/common/.cache/immodules/immodules.cache', 'ROS_PYTHON_VERSION': '3', 'GNOME_SHELL_SESSION_MODE': 'ubuntu', 'GTK_MODULES': 'gail:atk-bridge', 'GK_GL_PATH': '/tmp/gitkraken/gitlens/gitlens-ipc-server-3329-34165.json', 'GSETTINGS_SCHEMA_DIR_VSCODE_SNAP_ORIG': '', 'VSCODE_GIT_ASKPASS_MAIN': '/snap/code/230/usr/share/code/resources/app/extensions/git/dist/askpass-main.js', 'VSCODE_GIT_ASKPASS_NODE': '/snap/code/230/usr/share/code/code', 'PYDEVD_DISABLE_FILE_VALIDATION': '1', 'SYSTEMD_EXEC_PID': '2320', 'BUNDLED_DEBUGPY_PATH': '/home/pochsathya/.vscode/extensions/ms-python.debugpy-2025.18.0-linux-x64/bundled/libs/debugpy', 'VSCODE_PYTHON_AUTOACTIVATE_GUARD': '1', 'DBUS_SESSION_BUS_ADDRESS': 'unix:path=/run/user/1000/bus', 'COLORTERM': 'truecolor', 'NVM_DIR': '/home/pochsathya/.nvm', 'IM_CONFIG_PHASE': '1', 'WAYLAND_DISPLAY': 'wayland-0', 'COLCON_PREFIX_PATH': '/home/pochsathya/ros2_ws/install:/home/pochsathya/ros2_ws/src/house_navigation_pkg/house_navigation_pkg/install', 'ROS_DISTRO': 'humble', 'LOGNAME': 'pochsathya', '_': '/usr/bin/colcon', 'ROS_VERSION': '2', 'XDG_CONFIG_DIRS_VSCODE_SNAP_ORIG': '/etc/xdg/xdg-ubuntu:/etc/xdg', 'XDG_SESSION_CLASS': 'user', 'XDG_DATA_DIRS_VSCODE_SNAP_ORIG': '/usr/share/ubuntu:/usr/local/share/:/usr/share/:/var/lib/snapd/desktop', 'USERNAME': 'pochsathya', 'TERM': 'xterm-256color', 'GNOME_DESKTOP_SESSION_ID': 'this-is-deprecated', 'FC_FONTATIONS': '1', 'ROS_LOCALHOST_ONLY': '0', 'PATH': '/home/pochsathya/.config/Code/User/globalStorage/github.copilot-chat/debugCommand:/home/pochsathya/.config/Code/User/globalStorage/github.copilot-chat/copilotCli:/home/pochsathya/.nvm/versions/node/v24.14.0/bin:/opt/ros/humble/bin:/home/pochsathya/.local/bin:/usr/local/sbin:/usr/local/bin:/usr/sbin:/usr/bin:/sbin:/bin:/usr/games:/usr/local/games:/snap/bin:/snap/bin:/home/pochsathya/.vscode/extensions/ms-python.debugpy-2025.18.0-linux-x64/bundled/scripts/noConfigScripts', 'SESSION_MANAGER': 'local/pochsathya-Legion-Pro-5-16IRX8:@/tmp/.ICE-unix/2081,unix/pochsathya-Legion-Pro-5-16IRX8:/tmp/.ICE-unix/2081', 'GTK_EXE_PREFIX': '/snap/code/230/usr', 'XDG_MENU_PREFIX': 'gnome-', 'GNOME_TERMINAL_SCREEN': '/org/gnome/Terminal/screen/3022cf24_8779_4048_b403_e606844e479e', 'GNOME_SETUP_DISPLAY': ':1', 'XDG_RUNTIME_DIR': '/run/user/1000', 'GDK_BACKEND': 'x11', 'DISPLAY': ':0', 'LOCPATH': '/snap/code/230/usr/lib/locale', 'VSCODE_DEBUGPY_ADAPTER_ENDPOINTS': '/home/pochsathya/.vscode/extensions/ms-python.debugpy-2025.18.0-linux-x64/.noConfigDebugAdapterEndpoints/endpoint-2afe878aa90fcd67.txt', 'LANG': 'en_US.UTF-8', 'XDG_CURRENT_DESKTOP': 'ubuntu:GNOME', 'PYTHONSTARTUP': '/home/pochsathya/.config/Code/User/workspaceStorage/f271fc560773b7ce7087c0335d36366c/ms-python.python/pythonrc.py', 'GIO_MODULE_DIR_VSCODE_SNAP_ORIG': '', 'XDG_DATA_HOME': '/home/pochsathya/snap/code/230/.local/share', 'XMODIFIERS': '@im=ibus', 'XDG_SESSION_DESKTOP': 'ubuntu', 'XAUTHORITY': '/run/user/1000/.mutter-Xwaylandauth.YFTWM3', 'LS_COLORS': 'rs=0:di=01;34:ln=01;36:mh=00:pi=40;33:so=01;35:do=01;35:bd=40;33;01:cd=40;33;01:or=40;31;01:mi=00:su=37;41:sg=30;43:ca=30;41:tw=30;42:ow=34;42:st=37;44:ex=01;32:*.tar=01;31:*.tgz=01;31:*.arc=01;31:*.arj=01;31:*.taz=01;31:*.lha=01;31:*.lz4=01;31:*.lzh=01;31:*.lzma=01;31:*.tlz=01;31:*.txz=01;31:*.tzo=01;31:*.t7z=01;31:*.zip=01;31:*.z=01;31:*.dz=01;31:*.gz=01;31:*.lrz=01;31:*.lz=01;31:*.lzo=01;31:*.xz=01;31:*.zst=01;31:*.tzst=01;31:*.bz2=01;31:*.bz=01;31:*.tbz=01;31:*.tbz2=01;31:*.tz=01;31:*.deb=01;31:*.rpm=01;31:*.jar=01;31:*.war=01;31:*.ear=01;31:*.sar=01;31:*.rar=01;31:*.alz=01;31:*.ace=01;31:*.zoo=01;31:*.cpio=01;31:*.7z=01;31:*.rz=01;31:*.cab=01;31:*.wim=01;31:*.swm=01;31:*.dwm=01;31:*.esd=01;31:*.jpg=01;35:*.jpeg=01;35:*.mjpg=01;35:*.mjpeg=01;35:*.gif=01;35:*.bmp=01;35:*.pbm=01;35:*.pgm=01;35:*.ppm=01;35:*.tga=01;35:*.xbm=01;35:*.xpm=01;35:*.tif=01;35:*.tiff=01;35:*.png=01;35:*.svg=01;35:*.svgz=01;35:*.mng=01;35:*.pcx=01;35:*.mov=01;35:*.mpg=01;35:*.mpeg=01;35:*.m2v=01;35:*.mkv=01;35:*.webm=01;35:*.webp=01;35:*.ogm=01;35:*.mp4=01;35:*.m4v=01;35:*.mp4v=01;35:*.vob=01;35:*.qt=01;35:*.nuv=01;35:*.wmv=01;35:*.asf=01;35:*.rm=01;35:*.rmvb=01;35:*.flc=01;35:*.avi=01;35:*.fli=01;35:*.flv=01;35:*.gl=01;35:*.dl=01;35:*.xcf=01;35:*.xwd=01;35:*.yuv=01;35:*.cgm=01;35:*.emf=01;35:*.ogv=01;35:*.ogx=01;35:*.aac=00;36:*.au=00;36:*.flac=00;36:*.m4a=00;36:*.mid=00;36:*.midi=00;36:*.mka=00;36:*.mp3=00;36:*.mpc=00;36:*.ogg=00;36:*.ra=00;36:*.wav=00;36:*.oga=00;36:*.opus=00;36:*.spx=00;36:*.xspf=00;36:', 'VSCODE_GIT_IPC_HANDLE': '/run/user/1000/vscode-git-8e822459fc.sock', 'GNOME_TERMINAL_SERVICE': ':1.113', 'TERM_PROGRAM': 'vscode', 'SSH_AGENT_LAUNCHER': 'gnome-keyring', 'SSH_AUTH_SOCK': '/run/user/1000/keyring/ssh', 'GSETTINGS_SCHEMA_DIR': '/home/pochsathya/snap/code/230/.local/share/glib-2.0/schemas', 'AMENT_PREFIX_PATH': '/home/pochsathya/ros2_ws/install/house_navigation_pkg:/home/pochsathya/ros2_ws/install/subscriber_pkg:/home/pochsathya/ros2_ws/install/publisher_pkg:/home/pochsathya/ros2_ws/install/odometry_pkg:/home/pochsathya/ros2_ws/install/my_first_pkg:/home/pochsathya/ros2_ws/install/example36_pkg:/home/pochsathya/ros2_ws/install/custom_interfaces:/opt/ros/humble', 'SHELL': '/bin/bash', 'QT_ACCESSIBILITY': '1', 'GDMSESSION': 'ubuntu', 'LESSCLOSE': '/usr/bin/lesspipe %s %s', 'GTK_PATH_VSCODE_SNAP_ORIG': '', 'FONTCONFIG_FILE': '/etc/fonts/fonts.conf', 'GK_GL_ADDR': 'http://127.0.0.1:34165', 'GTK_IM_MODULE_FILE_VSCODE_SNAP_ORIG': '', 'VSCODE_GIT_ASKPASS_EXTRA_ARGS': '', 'QT_IM_MODULE': 'ibus', 'PWD': '/home/pochsathya/ros2_ws/build/publisher_pkg', 'TURTLEBOT3_MODEL': 'burger', 'LC_ALL': 'en_US.UTF-8', 'XDG_CONFIG_DIRS': '/etc/xdg/xdg-ubuntu:/etc/xdg', 'NVM_CD_FLAGS': '', 'XDG_DATA_DIRS': '/home/pochsathya/snap/code/230/.local/share:/home/pochsathya/snap/code/230:/snap/code/230/usr/share:/usr/share/ubuntu:/usr/local/share/:/usr/share/:/var/lib/snapd/desktop', 'PYTHONPATH': '/home/pochsathya/ros2_ws/build/publisher_pkg/prefix_override:/usr/lib/python3/dist-packages/colcon_core/task/python/colcon_distutils_commands:/home/pochsathya/ros2_ws/install/publisher_pkg/lib/python3.10/site-packages:/home/pochsathya/ros2_ws/install/house_navigation_pkg/lib/python3.10/site-packages:/home/pochsathya/ros2_ws/install/subscriber_pkg/lib/python3.10/site-packages:/home/pochsathya/ros2_ws/install/publisher_pkg/lib/python3.10/site-packages:/home/pochsathya/ros2_ws/install/odometry_pkg/lib/python3.10/site-packages:/home/pochsathya/ros2_ws/install/my_first_pkg/lib/python3.10/site-packages:/home/pochsathya/ros2_ws/install/example36_pkg/lib/python3.10/site-packages:/home/pochsathya/ros2_ws/install/custom_interfaces/local/lib/python3.10/dist-packages:/opt/ros/humble/lib/python3.10/site-packages:/opt/ros/humble/local/lib/python3.10/dist-packages', 'COLCON': '1', 'VTE_VERSION': '6800', 'CMAKE_PREFIX_PATH': '/home/pochsathya/ros2_ws/install/custom_interfaces'}, 'shell': False}
[1.314068] (house_navigation_pkg) Command: {'cmd': ['/usr/bin/python3', '-W', 'ignore:setup.py install is deprecated', '-W', 'ignore:easy_install command is deprecated', 'setup.py', 'egg_info', '--egg-base', '../../build/house_navigation_pkg', 'build', '--build-base', '/home/pochsathya/ros2_ws/build/house_navigation_pkg/build', 'install', '--record', '/home/pochsathya/ros2_ws/build/house_navigation_pkg/install.log', '--single-version-externally-managed', 'install_data'], 'cwd': '/home/pochsathya/ros2_ws/src/house_navigation_pkg', 'env': {'PYTHON_BASIC_REPL': '1', 'LESSOPEN': '| /usr/bin/lesspipe %s', 'USER': 'pochsathya', 'FONTCONFIG_PATH': '/etc/fonts', 'GIO_MODULE_DIR': '/home/pochsathya/snap/code/common/.cache/gio-modules', 'XDG_SESSION_TYPE': 'wayland', 'GIT_ASKPASS': '/snap/code/230/usr/share/code/resources/app/extensions/git/dist/askpass.sh', 'GTK_EXE_PREFIX_VSCODE_SNAP_ORIG': '', 'GDK_BACKEND_VSCODE_SNAP_ORIG': '', 'SHLVL': '2', 'LD_LIBRARY_PATH': '/home/pochsathya/ros2_ws/install/custom_interfaces/lib:/usr/lib/x86_64-linux-gnu/gazebo-11/plugins:/opt/ros/humble/opt/rviz_ogre_vendor/lib:/opt/ros/humble/lib/x86_64-linux-gnu:/opt/ros/humble/lib', 'HOME': '/home/pochsathya', 'CHROME_DESKTOP': 'code.desktop', 'LOCPATH_VSCODE_SNAP_ORIG': '', 'OLDPWD': '/home/pochsathya/ros2_ws/src', 'TERM_PROGRAM_VERSION': '1.112.0', 'DESKTOP_SESSION': 'ubuntu', 'GTK_PATH': '/snap/code/230/usr/lib/x86_64-linux-gnu/gtk-3.0', 'NVM_BIN': '/home/pochsathya/.nvm/versions/node/v24.14.0/bin', 'NVM_INC': '/home/pochsathya/.nvm/versions/node/v24.14.0/include/node', 'XDG_DATA_HOME_VSCODE_SNAP_ORIG': '', 'GTK_IM_MODULE_FILE': '/home/pochsathya/snap/code/common/.cache/immodules/immodules.cache', 'ROS_PYTHON_VERSION': '3', 'GNOME_SHELL_SESSION_MODE': 'ubuntu', 'GTK_MODULES': 'gail:atk-bridge', 'GK_GL_PATH': '/tmp/gitkraken/gitlens/gitlens-ipc-server-3329-34165.json', 'GSETTINGS_SCHEMA_DIR_VSCODE_SNAP_ORIG': '', 'VSCODE_GIT_ASKPASS_MAIN': '/snap/code/230/usr/share/code/resources/app/extensions/git/dist/askpass-main.js', 'VSCODE_GIT_ASKPASS_NODE': '/snap/code/230/usr/share/code/code', 'PYDEVD_DISABLE_FILE_VALIDATION': '1', 'SYSTEMD_EXEC_PID': '2320', 'BUNDLED_DEBUGPY_PATH': '/home/pochsathya/.vscode/extensions/ms-python.debugpy-2025.18.0-linux-x64/bundled/libs/debugpy', 'VSCODE_PYTHON_AUTOACTIVATE_GUARD': '1', 'DBUS_SESSION_BUS_ADDRESS': 'unix:path=/run/user/1000/bus', 'COLORTERM': 'truecolor', 'NVM_DIR': '/home/pochsathya/.nvm', 'IM_CONFIG_PHASE': '1', 'WAYLAND_DISPLAY': 'wayland-0', 'COLCON_PREFIX_PATH': '/home/pochsathya/ros2_ws/install:/home/pochsathya/ros2_ws/src/house_navigation_pkg/house_navigation_pkg/install', 'ROS_DISTRO': 'humble', 'LOGNAME': 'pochsathya', '_': '/usr/bin/colcon', 'ROS_VERSION': '2', 'XDG_CONFIG_DIRS_VSCODE_SNAP_ORIG': '/etc/xdg/xdg-ubuntu:/etc/xdg', 'XDG_SESSION_CLASS': 'user', 'XDG_DATA_DIRS_VSCODE_SNAP_ORIG': '/usr/share/ubuntu:/usr/local/share/:/usr/share/:/var/lib/snapd/desktop', 'USERNAME': 'pochsathya', 'TERM': 'xterm-256color', 'GNOME_DESKTOP_SESSION_ID': 'this-is-deprecated', 'FC_FONTATIONS': '1', 'ROS_LOCALHOST_ONLY': '0', 'PATH': '/home/pochsathya/.config/Code/User/globalStorage/github.copilot-chat/debugCommand:/home/pochsathya/.config/Code/User/globalStorage/github.copilot-chat/copilotCli:/home/pochsathya/.nvm/versions/node/v24.14.0/bin:/opt/ros/humble/bin:/home/pochsathya/.local/bin:/usr/local/sbin:/usr/local/bin:/usr/sbin:/usr/bin:/sbin:/bin:/usr/games:/usr/local/games:/snap/bin:/snap/bin:/home/pochsathya/.vscode/extensions/ms-python.debugpy-2025.18.0-linux-x64/bundled/scripts/noConfigScripts', 'SESSION_MANAGER': 'local/pochsathya-Legion-Pro-5-16IRX8:@/tmp/.ICE-unix/2081,unix/pochsathya-Legion-Pro-5-16IRX8:/tmp/.ICE-unix/2081', 'GTK_EXE_PREFIX': '/snap/code/230/usr', 'XDG_MENU_PREFIX': 'gnome-', 'GNOME_TERMINAL_SCREEN': '/org/gnome/Terminal/screen/3022cf24_8779_4048_b403_e606844e479e', 'GNOME_SETUP_DISPLAY': ':1', 'XDG_RUNTIME_DIR': '/run/user/1000', 'GDK_BACKEND': 'x11', 'DISPLAY': ':0', 'LOCPATH': '/snap/code/230/usr/lib/locale', 'VSCODE_DEBUGPY_ADAPTER_ENDPOINTS': '/home/pochsathya/.vscode/extensions/ms-python.debugpy-2025.18.0-linux-x64/.noConfigDebugAdapterEndpoints/endpoint-2afe878aa90fcd67.txt', 'LANG': 'en_US.UTF-8', 'XDG_CURRENT_DESKTOP': 'ubuntu:GNOME', 'PYTHONSTARTUP': '/home/pochsathya/.config/Code/User/workspaceStorage/f271fc560773b7ce7087c0335d36366c/ms-python.python/pythonrc.py', 'GIO_MODULE_DIR_VSCODE_SNAP_ORIG': '', 'XDG_DATA_HOME': '/home/pochsathya/snap/code/230/.local/share', 'XMODIFIERS': '@im=ibus', 'XDG_SESSION_DESKTOP': 'ubuntu', 'XAUTHORITY': '/run/user/1000/.mutter-Xwaylandauth.YFTWM3', 'LS_COLORS': 'rs=0:di=01;34:ln=01;36:mh=00:pi=40;33:so=01;35:do=01;35:bd=40;33;01:cd=40;33;01:or=40;31;01:mi=00:su=37;41:sg=30;43:ca=30;41:tw=30;42:ow=34;42:st=37;44:ex=01;32:*.tar=01;31:*.tgz=01;31:*.arc=01;31:*.arj=01;31:*.taz=01;31:*.lha=01;31:*.lz4=01;31:*.lzh=01;31:*.lzma=01;31:*.tlz=01;31:*.txz=01;31:*.tzo=01;31:*.t7z=01;31:*.zip=01;31:*.z=01;31:*.dz=01;31:*.gz=01;31:*.lrz=01;31:*.lz=01;31:*.lzo=01;31:*.xz=01;31:*.zst=01;31:*.tzst=01;31:*.bz2=01;31:*.bz=01;31:*.tbz=01;31:*.tbz2=01;31:*.tz=01;31:*.deb=01;31:*.rpm=01;31:*.jar=01;31:*.war=01;31:*.ear=01;31:*.sar=01;31:*.rar=01;31:*.alz=01;31:*.ace=01;31:*.zoo=01;31:*.cpio=01;31:*.7z=01;31:*.rz=01;31:*.cab=01;31:*.wim=01;31:*.swm=01;31:*.dwm=01;31:*.esd=01;31:*.jpg=01;35:*.jpeg=01;35:*.mjpg=01;35:*.mjpeg=01;35:*.gif=01;35:*.bmp=01;35:*.pbm=01;35:*.pgm=01;35:*.ppm=01;35:*.tga=01;35:*.xbm=01;35:*.xpm=01;35:*.tif=01;35:*.tiff=01;35:*.png=01;35:*.svg=01;35:*.svgz=01;35:*.mng=01;35:*.pcx=01;35:*.mov=01;35:*.mpg=01;35:*.mpeg=01;35:*.m2v=01;35:*.mkv=01;35:*.webm=01;35:*.webp=01;35:*.ogm=01;35:*.mp4=01;35:*.m4v=01;35:*.mp4v=01;35:*.vob=01;35:*.qt=01;35:*.nuv=01;35:*.wmv=01;35:*.asf=01;35:*.rm=01;35:*.rmvb=01;35:*.flc=01;35:*.avi=01;35:*.fli=01;35:*.flv=01;35:*.gl=01;35:*.dl=01;35:*.xcf=01;35:*.xwd=01;35:*.yuv=01;35:*.cgm=01;35:*.emf=01;35:*.ogv=01;35:*.ogx=01;35:*.aac=00;36:*.au=00;36:*.flac=00;36:*.m4a=00;36:*.mid=00;36:*.midi=00;36:*.mka=00;36:*.mp3=00;36:*.mpc=00;36:*.ogg=00;36:*.ra=00;36:*.wav=00;36:*.oga=00;36:*.opus=00;36:*.spx=00;36:*.xspf=00;36:', 'VSCODE_GIT_IPC_HANDLE': '/run/user/1000/vscode-git-8e822459fc.sock', 'GNOME_TERMINAL_SERVICE': ':1.113', 'TERM_PROGRAM': 'vscode', 'SSH_AGENT_LAUNCHER': 'gnome-keyring', 'SSH_AUTH_SOCK': '/run/user/1000/keyring/ssh', 'GSETTINGS_SCHEMA_DIR': '/home/pochsathya/snap/code/230/.local/share/glib-2.0/schemas', 'AMENT_PREFIX_PATH': '/home/pochsathya/ros2_ws/install/house_navigation_pkg:/home/pochsathya/ros2_ws/install/subscriber_pkg:/home/pochsathya/ros2_ws/install/publisher_pkg:/home/pochsathya/ros2_ws/install/odometry_pkg:/home/pochsathya/ros2_ws/install/my_first_pkg:/home/pochsathya/ros2_ws/install/example36_pkg:/home/pochsathya/ros2_ws/install/custom_interfaces:/opt/ros/humble', 'SHELL': '/bin/bash', 'QT_ACCESSIBILITY': '1', 'GDMSESSION': 'ubuntu', 'LESSCLOSE': '/usr/bin/lesspipe %s %s', 'GTK_PATH_VSCODE_SNAP_ORIG': '', 'FONTCONFIG_FILE': '/etc/fonts/fonts.conf', 'GK_GL_ADDR': 'http://127.0.0.1:34165', 'GTK_IM_MODULE_FILE_VSCODE_SNAP_ORIG': '', 'VSCODE_GIT_ASKPASS_EXTRA_ARGS': '', 'QT_IM_MODULE': 'ibus', 'PWD': '/home/pochsathya/ros2_ws/build/house_navigation_pkg', 'TURTLEBOT3_MODEL': 'burger', 'LC_ALL': 'en_US.UTF-8', 'XDG_CONFIG_DIRS': '/etc/xdg/xdg-ubuntu:/etc/xdg', 'NVM_CD_FLAGS': '', 'XDG_DATA_DIRS': '/home/pochsathya/snap/code/230/.local/share:/home/pochsathya/snap/code/230:/snap/code/230/usr/share:/usr/share/ubuntu:/usr/local/share/:/usr/share/:/var/lib/snapd/desktop', 'PYTHONPATH': '/home/pochsathya/ros2_ws/build/house_navigation_pkg/prefix_override:/usr/lib/python3/dist-packages/colcon_core/task/python/colcon_distutils_commands:/home/pochsathya/ros2_ws/install/house_navigation_pkg/lib/python3.10/site-packages:/home/pochsathya/ros2_ws/install/house_navigation_pkg/lib/python3.10/site-packages:/home/pochsathya/ros2_ws/install/subscriber_pkg/lib/python3.10/site-packages:/home/pochsathya/ros2_ws/install/publisher_pkg/lib/python3.10/site-packages:/home/pochsathya/ros2_ws/install/odometry_pkg/lib/python3.10/site-packages:/home/pochsathya/ros2_ws/install/my_first_pkg/lib/python3.10/site-packages:/home/pochsathya/ros2_ws/install/example36_pkg/lib/python3.10/site-packages:/home/pochsathya/ros2_ws/install/custom_interfaces/local/lib/python3.10/dist-packages:/opt/ros/humble/lib/python3.10/site-packages:/opt/ros/humble/local/lib/python3.10/dist-packages', 'COLCON': '1', 'VTE_VERSION': '6800', 'CMAKE_PREFIX_PATH': '/home/pochsathya/ros2_ws/install/custom_interfaces'}, 'shell': False}
[1.316428] (my_first_pkg) Command: {'cmd': ['/usr/bin/python3', '-W', 'ignore:setup.py install is deprecated', '-W', 'ignore:easy_install command is deprecated', 'setup.py', 'egg_info', '--egg-base', '../../build/my_first_pkg', 'build', '--build-base', '/home/pochsathya/ros2_ws/build/my_first_pkg/build', 'install', '--record', '/home/pochsathya/ros2_ws/build/my_first_pkg/install.log', '--single-version-externally-managed', 'install_data'], 'cwd': '/home/pochsathya/ros2_ws/src/my_first_pkg', 'env': {'PYTHON_BASIC_REPL': '1', 'LESSOPEN': '| /usr/bin/lesspipe %s', 'USER': 'pochsathya', 'FONTCONFIG_PATH': '/etc/fonts', 'GIO_MODULE_DIR': '/home/pochsathya/snap/code/common/.cache/gio-modules', 'XDG_SESSION_TYPE': 'wayland', 'GIT_ASKPASS': '/snap/code/230/usr/share/code/resources/app/extensions/git/dist/askpass.sh', 'GTK_EXE_PREFIX_VSCODE_SNAP_ORIG': '', 'GDK_BACKEND_VSCODE_SNAP_ORIG': '', 'SHLVL': '2', 'LD_LIBRARY_PATH': '/home/pochsathya/ros2_ws/install/custom_interfaces/lib:/usr/lib/x86_64-linux-gnu/gazebo-11/plugins:/opt/ros/humble/opt/rviz_ogre_vendor/lib:/opt/ros/humble/lib/x86_64-linux-gnu:/opt/ros/humble/lib', 'HOME': '/home/pochsathya', 'CHROME_DESKTOP': 'code.desktop', 'LOCPATH_VSCODE_SNAP_ORIG': '', 'OLDPWD': '/home/pochsathya/ros2_ws/src', 'TERM_PROGRAM_VERSION': '1.112.0', 'DESKTOP_SESSION': 'ubuntu', 'GTK_PATH': '/snap/code/230/usr/lib/x86_64-linux-gnu/gtk-3.0', 'NVM_BIN': '/home/pochsathya/.nvm/versions/node/v24.14.0/bin', 'NVM_INC': '/home/pochsathya/.nvm/versions/node/v24.14.0/include/node', 'XDG_DATA_HOME_VSCODE_SNAP_ORIG': '', 'GTK_IM_MODULE_FILE': '/home/pochsathya/snap/code/common/.cache/immodules/immodules.cache', 'ROS_PYTHON_VERSION': '3', 'GNOME_SHELL_SESSION_MODE': 'ubuntu', 'GTK_MODULES': 'gail:atk-bridge', 'GK_GL_PATH': '/tmp/gitkraken/gitlens/gitlens-ipc-server-3329-34165.json', 'GSETTINGS_SCHEMA_DIR_VSCODE_SNAP_ORIG': '', 'VSCODE_GIT_ASKPASS_MAIN': '/snap/code/230/usr/share/code/resources/app/extensions/git/dist/askpass-main.js', 'VSCODE_GIT_ASKPASS_NODE': '/snap/code/230/usr/share/code/code', 'PYDEVD_DISABLE_FILE_VALIDATION': '1', 'SYSTEMD_EXEC_PID': '2320', 'BUNDLED_DEBUGPY_PATH': '/home/pochsathya/.vscode/extensions/ms-python.debugpy-2025.18.0-linux-x64/bundled/libs/debugpy', 'VSCODE_PYTHON_AUTOACTIVATE_GUARD': '1', 'DBUS_SESSION_BUS_ADDRESS': 'unix:path=/run/user/1000/bus', 'COLORTERM': 'truecolor', 'NVM_DIR': '/home/pochsathya/.nvm', 'IM_CONFIG_PHASE': '1', 'WAYLAND_DISPLAY': 'wayland-0', 'COLCON_PREFIX_PATH': '/home/pochsathya/ros2_ws/install:/home/pochsathya/ros2_ws/src/house_navigation_pkg/house_navigation_pkg/install', 'ROS_DISTRO': 'humble', 'LOGNAME': 'pochsathya', '_': '/usr/bin/colcon', 'ROS_VERSION': '2', 'XDG_CONFIG_DIRS_VSCODE_SNAP_ORIG': '/etc/xdg/xdg-ubuntu:/etc/xdg', 'XDG_SESSION_CLASS': 'user', 'XDG_DATA_DIRS_VSCODE_SNAP_ORIG': '/usr/share/ubuntu:/usr/local/share/:/usr/share/:/var/lib/snapd/desktop', 'USERNAME': 'pochsathya', 'TERM': 'xterm-256color', 'GNOME_DESKTOP_SESSION_ID': 'this-is-deprecated', 'FC_FONTATIONS': '1', 'ROS_LOCALHOST_ONLY': '0', 'PATH': '/home/pochsathya/.config/Code/User/globalStorage/github.copilot-chat/debugCommand:/home/pochsathya/.config/Code/User/globalStorage/github.copilot-chat/copilotCli:/home/pochsathya/.nvm/versions/node/v24.14.0/bin:/opt/ros/humble/bin:/home/pochsathya/.local/bin:/usr/local/sbin:/usr/local/bin:/usr/sbin:/usr/bin:/sbin:/bin:/usr/games:/usr/local/games:/snap/bin:/snap/bin:/home/pochsathya/.vscode/extensions/ms-python.debugpy-2025.18.0-linux-x64/bundled/scripts/noConfigScripts', 'SESSION_MANAGER': 'local/pochsathya-Legion-Pro-5-16IRX8:@/tmp/.ICE-unix/2081,unix/pochsathya-Legion-Pro-5-16IRX8:/tmp/.ICE-unix/2081', 'GTK_EXE_PREFIX': '/snap/code/230/usr', 'XDG_MENU_PREFIX': 'gnome-', 'GNOME_TERMINAL_SCREEN': '/org/gnome/Terminal/screen/3022cf24_8779_4048_b403_e606844e479e', 'GNOME_SETUP_DISPLAY': ':1', 'XDG_RUNTIME_DIR': '/run/user/1000', 'GDK_BACKEND': 'x11', 'DISPLAY': ':0', 'LOCPATH': '/snap/code/230/usr/lib/locale', 'VSCODE_DEBUGPY_ADAPTER_ENDPOINTS': '/home/pochsathya/.vscode/extensions/ms-python.debugpy-2025.18.0-linux-x64/.noConfigDebugAdapterEndpoints/endpoint-2afe878aa90fcd67.txt', 'LANG': 'en_US.UTF-8', 'XDG_CURRENT_DESKTOP': 'ubuntu:GNOME', 'PYTHONSTARTUP': '/home/pochsathya/.config/Code/User/workspaceStorage/f271fc560773b7ce7087c0335d36366c/ms-python.python/pythonrc.py', 'GIO_MODULE_DIR_VSCODE_SNAP_ORIG': '', 'XDG_DATA_HOME': '/home/pochsathya/snap/code/230/.local/share', 'XMODIFIERS': '@im=ibus', 'XDG_SESSION_DESKTOP': 'ubuntu', 'XAUTHORITY': '/run/user/1000/.mutter-Xwaylandauth.YFTWM3', 'LS_COLORS': 'rs=0:di=01;34:ln=01;36:mh=00:pi=40;33:so=01;35:do=01;35:bd=40;33;01:cd=40;33;01:or=40;31;01:mi=00:su=37;41:sg=30;43:ca=30;41:tw=30;42:ow=34;42:st=37;44:ex=01;32:*.tar=01;31:*.tgz=01;31:*.arc=01;31:*.arj=01;31:*.taz=01;31:*.lha=01;31:*.lz4=01;31:*.lzh=01;31:*.lzma=01;31:*.tlz=01;31:*.txz=01;31:*.tzo=01;31:*.t7z=01;31:*.zip=01;31:*.z=01;31:*.dz=01;31:*.gz=01;31:*.lrz=01;31:*.lz=01;31:*.lzo=01;31:*.xz=01;31:*.zst=01;31:*.tzst=01;31:*.bz2=01;31:*.bz=01;31:*.tbz=01;31:*.tbz2=01;31:*.tz=01;31:*.deb=01;31:*.rpm=01;31:*.jar=01;31:*.war=01;31:*.ear=01;31:*.sar=01;31:*.rar=01;31:*.alz=01;31:*.ace=01;31:*.zoo=01;31:*.cpio=01;31:*.7z=01;31:*.rz=01;31:*.cab=01;31:*.wim=01;31:*.swm=01;31:*.dwm=01;31:*.esd=01;31:*.jpg=01;35:*.jpeg=01;35:*.mjpg=01;35:*.mjpeg=01;35:*.gif=01;35:*.bmp=01;35:*.pbm=01;35:*.pgm=01;35:*.ppm=01;35:*.tga=01;35:*.xbm=01;35:*.xpm=01;35:*.tif=01;35:*.tiff=01;35:*.png=01;35:*.svg=01;35:*.svgz=01;35:*.mng=01;35:*.pcx=01;35:*.mov=01;35:*.mpg=01;35:*.mpeg=01;35:*.m2v=01;35:*.mkv=01;35:*.webm=01;35:*.webp=01;35:*.ogm=01;35:*.mp4=01;35:*.m4v=01;35:*.mp4v=01;35:*.vob=01;35:*.qt=01;35:*.nuv=01;35:*.wmv=01;35:*.asf=01;35:*.rm=01;35:*.rmvb=01;35:*.flc=01;35:*.avi=01;35:*.fli=01;35:*.flv=01;35:*.gl=01;35:*.dl=01;35:*.xcf=01;35:*.xwd=01;35:*.yuv=01;35:*.cgm=01;35:*.emf=01;35:*.ogv=01;35:*.ogx=01;35:*.aac=00;36:*.au=00;36:*.flac=00;36:*.m4a=00;36:*.mid=00;36:*.midi=00;36:*.mka=00;36:*.mp3=00;36:*.mpc=00;36:*.ogg=00;36:*.ra=00;36:*.wav=00;36:*.oga=00;36:*.opus=00;36:*.spx=00;36:*.xspf=00;36:', 'VSCODE_GIT_IPC_HANDLE': '/run/user/1000/vscode-git-8e822459fc.sock', 'GNOME_TERMINAL_SERVICE': ':1.113', 'TERM_PROGRAM': 'vscode', 'SSH_AGENT_LAUNCHER': 'gnome-keyring', 'SSH_AUTH_SOCK': '/run/user/1000/keyring/ssh', 'GSETTINGS_SCHEMA_DIR': '/home/pochsathya/snap/code/230/.local/share/glib-2.0/schemas', 'AMENT_PREFIX_PATH': '/home/pochsathya/ros2_ws/install/house_navigation_pkg:/home/pochsathya/ros2_ws/install/subscriber_pkg:/home/pochsathya/ros2_ws/install/publisher_pkg:/home/pochsathya/ros2_ws/install/odometry_pkg:/home/pochsathya/ros2_ws/install/my_first_pkg:/home/pochsathya/ros2_ws/install/example36_pkg:/home/pochsathya/ros2_ws/install/custom_interfaces:/opt/ros/humble', 'SHELL': '/bin/bash', 'QT_ACCESSIBILITY': '1', 'GDMSESSION': 'ubuntu', 'LESSCLOSE': '/usr/bin/lesspipe %s %s', 'GTK_PATH_VSCODE_SNAP_ORIG': '', 'FONTCONFIG_FILE': '/etc/fonts/fonts.conf', 'GK_GL_ADDR': 'http://127.0.0.1:34165', 'GTK_IM_MODULE_FILE_VSCODE_SNAP_ORIG': '', 'VSCODE_GIT_ASKPASS_EXTRA_ARGS': '', 'QT_IM_MODULE': 'ibus', 'PWD': '/home/pochsathya/ros2_ws/build/my_first_pkg', 'TURTLEBOT3_MODEL': 'burger', 'LC_ALL': 'en_US.UTF-8', 'XDG_CONFIG_DIRS': '/etc/xdg/xdg-ubuntu:/etc/xdg', 'NVM_CD_FLAGS': '', 'XDG_DATA_DIRS': '/home/pochsathya/snap/code/230/.local/share:/home/pochsathya/snap/code/230:/snap/code/230/usr/share:/usr/share/ubuntu:/usr/local/share/:/usr/share/:/var/lib/snapd/desktop', 'PYTHONPATH': '/home/pochsathya/ros2_ws/build/my_first_pkg/prefix_override:/usr/lib/python3/dist-packages/colcon_core/task/python/colcon_distutils_commands:/home/pochsathya/ros2_ws/install/my_first_pkg/lib/python3.10/site-packages:/home/pochsathya/ros2_ws/install/house_navigation_pkg/lib/python3.10/site-packages:/home/pochsathya/ros2_ws/install/subscriber_pkg/lib/python3.10/site-packages:/home/pochsathya/ros2_ws/install/publisher_pkg/lib/python3.10/site-packages:/home/pochsathya/ros2_ws/install/odometry_pkg/lib/python3.10/site-packages:/home/pochsathya/ros2_ws/install/my_first_pkg/lib/python3.10/site-packages:/home/pochsathya/ros2_ws/install/example36_pkg/lib/python3.10/site-packages:/home/pochsathya/ros2_ws/install/custom_interfaces/local/lib/python3.10/dist-packages:/opt/ros/humble/lib/python3.10/site-packages:/opt/ros/humble/local/lib/python3.10/dist-packages', 'COLCON': '1', 'VTE_VERSION': '6800', 'CMAKE_PREFIX_PATH': '/home/pochsathya/ros2_ws/install/custom_interfaces'}, 'shell': False}
[1.320039] (subscriber_pkg) Command: {'cmd': ['/usr/bin/python3', '-W', 'ignore:setup.py install is deprecated', '-W', 'ignore:easy_install command is deprecated', 'setup.py', 'egg_info', '--egg-base', '../../build/subscriber_pkg', 'build', '--build-base', '/home/pochsathya/ros2_ws/build/subscriber_pkg/build', 'install', '--record', '/home/pochsathya/ros2_ws/build/subscriber_pkg/install.log', '--single-version-externally-managed', 'install_data'], 'cwd': '/home/pochsathya/ros2_ws/src/subscriber_pkg', 'env': {'PYTHON_BASIC_REPL': '1', 'LESSOPEN': '| /usr/bin/lesspipe %s', 'USER': 'pochsathya', 'FONTCONFIG_PATH': '/etc/fonts', 'GIO_MODULE_DIR': '/home/pochsathya/snap/code/common/.cache/gio-modules', 'XDG_SESSION_TYPE': 'wayland', 'GIT_ASKPASS': '/snap/code/230/usr/share/code/resources/app/extensions/git/dist/askpass.sh', 'GTK_EXE_PREFIX_VSCODE_SNAP_ORIG': '', 'GDK_BACKEND_VSCODE_SNAP_ORIG': '', 'SHLVL': '2', 'LD_LIBRARY_PATH': '/home/pochsathya/ros2_ws/install/custom_interfaces/lib:/usr/lib/x86_64-linux-gnu/gazebo-11/plugins:/opt/ros/humble/opt/rviz_ogre_vendor/lib:/opt/ros/humble/lib/x86_64-linux-gnu:/opt/ros/humble/lib', 'HOME': '/home/pochsathya', 'CHROME_DESKTOP': 'code.desktop', 'LOCPATH_VSCODE_SNAP_ORIG': '', 'OLDPWD': '/home/pochsathya/ros2_ws/src', 'TERM_PROGRAM_VERSION': '1.112.0', 'DESKTOP_SESSION': 'ubuntu', 'GTK_PATH': '/snap/code/230/usr/lib/x86_64-linux-gnu/gtk-3.0', 'NVM_BIN': '/home/pochsathya/.nvm/versions/node/v24.14.0/bin', 'NVM_INC': '/home/pochsathya/.nvm/versions/node/v24.14.0/include/node', 'XDG_DATA_HOME_VSCODE_SNAP_ORIG': '', 'GTK_IM_MODULE_FILE': '/home/pochsathya/snap/code/common/.cache/immodules/immodules.cache', 'ROS_PYTHON_VERSION': '3', 'GNOME_SHELL_SESSION_MODE': 'ubuntu', 'GTK_MODULES': 'gail:atk-bridge', 'GK_GL_PATH': '/tmp/gitkraken/gitlens/gitlens-ipc-server-3329-34165.json', 'GSETTINGS_SCHEMA_DIR_VSCODE_SNAP_ORIG': '', 'VSCODE_GIT_ASKPASS_MAIN': '/snap/code/230/usr/share/code/resources/app/extensions/git/dist/askpass-main.js', 'VSCODE_GIT_ASKPASS_NODE': '/snap/code/230/usr/share/code/code', 'PYDEVD_DISABLE_FILE_VALIDATION': '1', 'SYSTEMD_EXEC_PID': '2320', 'BUNDLED_DEBUGPY_PATH': '/home/pochsathya/.vscode/extensions/ms-python.debugpy-2025.18.0-linux-x64/bundled/libs/debugpy', 'VSCODE_PYTHON_AUTOACTIVATE_GUARD': '1', 'DBUS_SESSION_BUS_ADDRESS': 'unix:path=/run/user/1000/bus', 'COLORTERM': 'truecolor', 'NVM_DIR': '/home/pochsathya/.nvm', 'IM_CONFIG_PHASE': '1', 'WAYLAND_DISPLAY': 'wayland-0', 'COLCON_PREFIX_PATH': '/home/pochsathya/ros2_ws/install:/home/pochsathya/ros2_ws/src/house_navigation_pkg/house_navigation_pkg/install', 'ROS_DISTRO': 'humble', 'LOGNAME': 'pochsathya', '_': '/usr/bin/colcon', 'ROS_VERSION': '2', 'XDG_CONFIG_DIRS_VSCODE_SNAP_ORIG': '/etc/xdg/xdg-ubuntu:/etc/xdg', 'XDG_SESSION_CLASS': 'user', 'XDG_DATA_DIRS_VSCODE_SNAP_ORIG': '/usr/share/ubuntu:/usr/local/share/:/usr/share/:/var/lib/snapd/desktop', 'USERNAME': 'pochsathya', 'TERM': 'xterm-256color', 'GNOME_DESKTOP_SESSION_ID': 'this-is-deprecated', 'FC_FONTATIONS': '1', 'ROS_LOCALHOST_ONLY': '0', 'PATH': '/home/pochsathya/.config/Code/User/globalStorage/github.copilot-chat/debugCommand:/home/pochsathya/.config/Code/User/globalStorage/github.copilot-chat/copilotCli:/home/pochsathya/.nvm/versions/node/v24.14.0/bin:/opt/ros/humble/bin:/home/pochsathya/.local/bin:/usr/local/sbin:/usr/local/bin:/usr/sbin:/usr/bin:/sbin:/bin:/usr/games:/usr/local/games:/snap/bin:/snap/bin:/home/pochsathya/.vscode/extensions/ms-python.debugpy-2025.18.0-linux-x64/bundled/scripts/noConfigScripts', 'SESSION_MANAGER': 'local/pochsathya-Legion-Pro-5-16IRX8:@/tmp/.ICE-unix/2081,unix/pochsathya-Legion-Pro-5-16IRX8:/tmp/.ICE-unix/2081', 'GTK_EXE_PREFIX': '/snap/code/230/usr', 'XDG_MENU_PREFIX': 'gnome-', 'GNOME_TERMINAL_SCREEN': '/org/gnome/Terminal/screen/3022cf24_8779_4048_b403_e606844e479e', 'GNOME_SETUP_DISPLAY': ':1', 'XDG_RUNTIME_DIR': '/run/user/1000', 'GDK_BACKEND': 'x11', 'DISPLAY': ':0', 'LOCPATH': '/snap/code/230/usr/lib/locale', 'VSCODE_DEBUGPY_ADAPTER_ENDPOINTS': '/home/pochsathya/.vscode/extensions/ms-python.debugpy-2025.18.0-linux-x64/.noConfigDebugAdapterEndpoints/endpoint-2afe878aa90fcd67.txt', 'LANG': 'en_US.UTF-8', 'XDG_CURRENT_DESKTOP': 'ubuntu:GNOME', 'PYTHONSTARTUP': '/home/pochsathya/.config/Code/User/workspaceStorage/f271fc560773b7ce7087c0335d36366c/ms-python.python/pythonrc.py', 'GIO_MODULE_DIR_VSCODE_SNAP_ORIG': '', 'XDG_DATA_HOME': '/home/pochsathya/snap/code/230/.local/share', 'XMODIFIERS': '@im=ibus', 'XDG_SESSION_DESKTOP': 'ubuntu', 'XAUTHORITY': '/run/user/1000/.mutter-Xwaylandauth.YFTWM3', 'LS_COLORS': 'rs=0:di=01;34:ln=01;36:mh=00:pi=40;33:so=01;35:do=01;35:bd=40;33;01:cd=40;33;01:or=40;31;01:mi=00:su=37;41:sg=30;43:ca=30;41:tw=30;42:ow=34;42:st=37;44:ex=01;32:*.tar=01;31:*.tgz=01;31:*.arc=01;31:*.arj=01;31:*.taz=01;31:*.lha=01;31:*.lz4=01;31:*.lzh=01;31:*.lzma=01;31:*.tlz=01;31:*.txz=01;31:*.tzo=01;31:*.t7z=01;31:*.zip=01;31:*.z=01;31:*.dz=01;31:*.gz=01;31:*.lrz=01;31:*.lz=01;31:*.lzo=01;31:*.xz=01;31:*.zst=01;31:*.tzst=01;31:*.bz2=01;31:*.bz=01;31:*.tbz=01;31:*.tbz2=01;31:*.tz=01;31:*.deb=01;31:*.rpm=01;31:*.jar=01;31:*.war=01;31:*.ear=01;31:*.sar=01;31:*.rar=01;31:*.alz=01;31:*.ace=01;31:*.zoo=01;31:*.cpio=01;31:*.7z=01;31:*.rz=01;31:*.cab=01;31:*.wim=01;31:*.swm=01;31:*.dwm=01;31:*.esd=01;31:*.jpg=01;35:*.jpeg=01;35:*.mjpg=01;35:*.mjpeg=01;35:*.gif=01;35:*.bmp=01;35:*.pbm=01;35:*.pgm=01;35:*.ppm=01;35:*.tga=01;35:*.xbm=01;35:*.xpm=01;35:*.tif=01;35:*.tiff=01;35:*.png=01;35:*.svg=01;35:*.svgz=01;35:*.mng=01;35:*.pcx=01;35:*.mov=01;35:*.mpg=01;35:*.mpeg=01;35:*.m2v=01;35:*.mkv=01;35:*.webm=01;35:*.webp=01;35:*.ogm=01;35:*.mp4=01;35:*.m4v=01;35:*.mp4v=01;35:*.vob=01;35:*.qt=01;35:*.nuv=01;35:*.wmv=01;35:*.asf=01;35:*.rm=01;35:*.rmvb=01;35:*.flc=01;35:*.avi=01;35:*.fli=01;35:*.flv=01;35:*.gl=01;35:*.dl=01;35:*.xcf=01;35:*.xwd=01;35:*.yuv=01;35:*.cgm=01;35:*.emf=01;35:*.ogv=01;35:*.ogx=01;35:*.aac=00;36:*.au=00;36:*.flac=00;36:*.m4a=00;36:*.mid=00;36:*.midi=00;36:*.mka=00;36:*.mp3=00;36:*.mpc=00;36:*.ogg=00;36:*.ra=00;36:*.wav=00;36:*.oga=00;36:*.opus=00;36:*.spx=00;36:*.xspf=00;36:', 'VSCODE_GIT_IPC_HANDLE': '/run/user/1000/vscode-git-8e822459fc.sock', 'GNOME_TERMINAL_SERVICE': ':1.113', 'TERM_PROGRAM': 'vscode', 'SSH_AGENT_LAUNCHER': 'gnome-keyring', 'SSH_AUTH_SOCK': '/run/user/1000/keyring/ssh', 'GSETTINGS_SCHEMA_DIR': '/home/pochsathya/snap/code/230/.local/share/glib-2.0/schemas', 'AMENT_PREFIX_PATH': '/home/pochsathya/ros2_ws/install/house_navigation_pkg:/home/pochsathya/ros2_ws/install/subscriber_pkg:/home/pochsathya/ros2_ws/install/publisher_pkg:/home/pochsathya/ros2_ws/install/odometry_pkg:/home/pochsathya/ros2_ws/install/my_first_pkg:/home/pochsathya/ros2_ws/install/example36_pkg:/home/pochsathya/ros2_ws/install/custom_interfaces:/opt/ros/humble', 'SHELL': '/bin/bash', 'QT_ACCESSIBILITY': '1', 'GDMSESSION': 'ubuntu', 'LESSCLOSE': '/usr/bin/lesspipe %s %s', 'GTK_PATH_VSCODE_SNAP_ORIG': '', 'FONTCONFIG_FILE': '/etc/fonts/fonts.conf', 'GK_GL_ADDR': 'http://127.0.0.1:34165', 'GTK_IM_MODULE_FILE_VSCODE_SNAP_ORIG': '', 'VSCODE_GIT_ASKPASS_EXTRA_ARGS': '', 'QT_IM_MODULE': 'ibus', 'PWD': '/home/pochsathya/ros2_ws/build/subscriber_pkg', 'TURTLEBOT3_MODEL': 'burger', 'LC_ALL': 'en_US.UTF-8', 'XDG_CONFIG_DIRS': '/etc/xdg/xdg-ubuntu:/etc/xdg', 'NVM_CD_FLAGS': '', 'XDG_DATA_DIRS': '/home/pochsathya/snap/code/230/.local/share:/home/pochsathya/snap/code/230:/snap/code/230/usr/share:/usr/share/ubuntu:/usr/local/share/:/usr/share/:/var/lib/snapd/desktop', 'PYTHONPATH': '/home/pochsathya/ros2_ws/build/subscriber_pkg/prefix_override:/usr/lib/python3/dist-packages/colcon_core/task/python/colcon_distutils_commands:/home/pochsathya/ros2_ws/install/subscriber_pkg/lib/python3.10/site-packages:/home/pochsathya/ros2_ws/install/house_navigation_pkg/lib/python3.10/site-packages:/home/pochsathya/ros2_ws/install/subscriber_pkg/lib/python3.10/site-packages:/home/pochsathya/ros2_ws/install/publisher_pkg/lib/python3.10/site-packages:/home/pochsathya/ros2_ws/install/odometry_pkg/lib/python3.10/site-packages:/home/pochsathya/ros2_ws/install/my_first_pkg/lib/python3.10/site-packages:/home/pochsathya/ros2_ws/install/example36_pkg/lib/python3.10/site-packages:/home/pochsathya/ros2_ws/install/custom_interfaces/local/lib/python3.10/dist-packages:/opt/ros/humble/lib/python3.10/site-packages:/opt/ros/humble/local/lib/python3.10/dist-packages', 'COLCON': '1', 'VTE_VERSION': '6800', 'CMAKE_PREFIX_PATH': '/home/pochsathya/ros2_ws/install/custom_interfaces'}, 'shell': False}
[1.322059] (odometry_pkg) Command: {'cmd': ['/usr/bin/python3', '-W', 'ignore:setup.py install is deprecated', '-W', 'ignore:easy_install command is deprecated', 'setup.py', 'egg_info', '--egg-base', '../../build/odometry_pkg', 'build', '--build-base', '/home/pochsathya/ros2_ws/build/odometry_pkg/build', 'install', '--record', '/home/pochsathya/ros2_ws/build/odometry_pkg/install.log', '--single-version-externally-managed', 'install_data'], 'cwd': '/home/pochsathya/ros2_ws/src/odometry_pkg', 'env': {'PYTHON_BASIC_REPL': '1', 'LESSOPEN': '| /usr/bin/lesspipe %s', 'USER': 'pochsathya', 'FONTCONFIG_PATH': '/etc/fonts', 'GIO_MODULE_DIR': '/home/pochsathya/snap/code/common/.cache/gio-modules', 'XDG_SESSION_TYPE': 'wayland', 'GIT_ASKPASS': '/snap/code/230/usr/share/code/resources/app/extensions/git/dist/askpass.sh', 'GTK_EXE_PREFIX_VSCODE_SNAP_ORIG': '', 'GDK_BACKEND_VSCODE_SNAP_ORIG': '', 'SHLVL': '2', 'LD_LIBRARY_PATH': '/home/pochsathya/ros2_ws/install/custom_interfaces/lib:/usr/lib/x86_64-linux-gnu/gazebo-11/plugins:/opt/ros/humble/opt/rviz_ogre_vendor/lib:/opt/ros/humble/lib/x86_64-linux-gnu:/opt/ros/humble/lib', 'HOME': '/home/pochsathya', 'CHROME_DESKTOP': 'code.desktop', 'LOCPATH_VSCODE_SNAP_ORIG': '', 'OLDPWD': '/home/pochsathya/ros2_ws/src', 'TERM_PROGRAM_VERSION': '1.112.0', 'DESKTOP_SESSION': 'ubuntu', 'GTK_PATH': '/snap/code/230/usr/lib/x86_64-linux-gnu/gtk-3.0', 'NVM_BIN': '/home/pochsathya/.nvm/versions/node/v24.14.0/bin', 'NVM_INC': '/home/pochsathya/.nvm/versions/node/v24.14.0/include/node', 'XDG_DATA_HOME_VSCODE_SNAP_ORIG': '', 'GTK_IM_MODULE_FILE': '/home/pochsathya/snap/code/common/.cache/immodules/immodules.cache', 'ROS_PYTHON_VERSION': '3', 'GNOME_SHELL_SESSION_MODE': 'ubuntu', 'GTK_MODULES': 'gail:atk-bridge', 'GK_GL_PATH': '/tmp/gitkraken/gitlens/gitlens-ipc-server-3329-34165.json', 'GSETTINGS_SCHEMA_DIR_VSCODE_SNAP_ORIG': '', 'VSCODE_GIT_ASKPASS_MAIN': '/snap/code/230/usr/share/code/resources/app/extensions/git/dist/askpass-main.js', 'VSCODE_GIT_ASKPASS_NODE': '/snap/code/230/usr/share/code/code', 'PYDEVD_DISABLE_FILE_VALIDATION': '1', 'SYSTEMD_EXEC_PID': '2320', 'BUNDLED_DEBUGPY_PATH': '/home/pochsathya/.vscode/extensions/ms-python.debugpy-2025.18.0-linux-x64/bundled/libs/debugpy', 'VSCODE_PYTHON_AUTOACTIVATE_GUARD': '1', 'DBUS_SESSION_BUS_ADDRESS': 'unix:path=/run/user/1000/bus', 'COLORTERM': 'truecolor', 'NVM_DIR': '/home/pochsathya/.nvm', 'IM_CONFIG_PHASE': '1', 'WAYLAND_DISPLAY': 'wayland-0', 'COLCON_PREFIX_PATH': '/home/pochsathya/ros2_ws/install:/home/pochsathya/ros2_ws/src/house_navigation_pkg/house_navigation_pkg/install', 'ROS_DISTRO': 'humble', 'LOGNAME': 'pochsathya', '_': '/usr/bin/colcon', 'ROS_VERSION': '2', 'XDG_CONFIG_DIRS_VSCODE_SNAP_ORIG': '/etc/xdg/xdg-ubuntu:/etc/xdg', 'XDG_SESSION_CLASS': 'user', 'XDG_DATA_DIRS_VSCODE_SNAP_ORIG': '/usr/share/ubuntu:/usr/local/share/:/usr/share/:/var/lib/snapd/desktop', 'USERNAME': 'pochsathya', 'TERM': 'xterm-256color', 'GNOME_DESKTOP_SESSION_ID': 'this-is-deprecated', 'FC_FONTATIONS': '1', 'ROS_LOCALHOST_ONLY': '0', 'PATH': '/home/pochsathya/.config/Code/User/globalStorage/github.copilot-chat/debugCommand:/home/pochsathya/.config/Code/User/globalStorage/github.copilot-chat/copilotCli:/home/pochsathya/.nvm/versions/node/v24.14.0/bin:/opt/ros/humble/bin:/home/pochsathya/.local/bin:/usr/local/sbin:/usr/local/bin:/usr/sbin:/usr/bin:/sbin:/bin:/usr/games:/usr/local/games:/snap/bin:/snap/bin:/home/pochsathya/.vscode/extensions/ms-python.debugpy-2025.18.0-linux-x64/bundled/scripts/noConfigScripts', 'SESSION_MANAGER': 'local/pochsathya-Legion-Pro-5-16IRX8:@/tmp/.ICE-unix/2081,unix/pochsathya-Legion-Pro-5-16IRX8:/tmp/.ICE-unix/2081', 'GTK_EXE_PREFIX': '/snap/code/230/usr', 'XDG_MENU_PREFIX': 'gnome-', 'GNOME_TERMINAL_SCREEN': '/org/gnome/Terminal/screen/3022cf24_8779_4048_b403_e606844e479e', 'GNOME_SETUP_DISPLAY': ':1', 'XDG_RUNTIME_DIR': '/run/user/1000', 'GDK_BACKEND': 'x11', 'DISPLAY': ':0', 'LOCPATH': '/snap/code/230/usr/lib/locale', 'VSCODE_DEBUGPY_ADAPTER_ENDPOINTS': '/home/pochsathya/.vscode/extensions/ms-python.debugpy-2025.18.0-linux-x64/.noConfigDebugAdapterEndpoints/endpoint-2afe878aa90fcd67.txt', 'LANG': 'en_US.UTF-8', 'XDG_CURRENT_DESKTOP': 'ubuntu:GNOME', 'PYTHONSTARTUP': '/home/pochsathya/.config/Code/User/workspaceStorage/f271fc560773b7ce7087c0335d36366c/ms-python.python/pythonrc.py', 'GIO_MODULE_DIR_VSCODE_SNAP_ORIG': '', 'XDG_DATA_HOME': '/home/pochsathya/snap/code/230/.local/share', 'XMODIFIERS': '@im=ibus', 'XDG_SESSION_DESKTOP': 'ubuntu', 'XAUTHORITY': '/run/user/1000/.mutter-Xwaylandauth.YFTWM3', 'LS_COLORS': 'rs=0:di=01;34:ln=01;36:mh=00:pi=40;33:so=01;35:do=01;35:bd=40;33;01:cd=40;33;01:or=40;31;01:mi=00:su=37;41:sg=30;43:ca=30;41:tw=30;42:ow=34;42:st=37;44:ex=01;32:*.tar=01;31:*.tgz=01;31:*.arc=01;31:*.arj=01;31:*.taz=01;31:*.lha=01;31:*.lz4=01;31:*.lzh=01;31:*.lzma=01;31:*.tlz=01;31:*.txz=01;31:*.tzo=01;31:*.t7z=01;31:*.zip=01;31:*.z=01;31:*.dz=01;31:*.gz=01;31:*.lrz=01;31:*.lz=01;31:*.lzo=01;31:*.xz=01;31:*.zst=01;31:*.tzst=01;31:*.bz2=01;31:*.bz=01;31:*.tbz=01;31:*.tbz2=01;31:*.tz=01;31:*.deb=01;31:*.rpm=01;31:*.jar=01;31:*.war=01;31:*.ear=01;31:*.sar=01;31:*.rar=01;31:*.alz=01;31:*.ace=01;31:*.zoo=01;31:*.cpio=01;31:*.7z=01;31:*.rz=01;31:*.cab=01;31:*.wim=01;31:*.swm=01;31:*.dwm=01;31:*.esd=01;31:*.jpg=01;35:*.jpeg=01;35:*.mjpg=01;35:*.mjpeg=01;35:*.gif=01;35:*.bmp=01;35:*.pbm=01;35:*.pgm=01;35:*.ppm=01;35:*.tga=01;35:*.xbm=01;35:*.xpm=01;35:*.tif=01;35:*.tiff=01;35:*.png=01;35:*.svg=01;35:*.svgz=01;35:*.mng=01;35:*.pcx=01;35:*.mov=01;35:*.mpg=01;35:*.mpeg=01;35:*.m2v=01;35:*.mkv=01;35:*.webm=01;35:*.webp=01;35:*.ogm=01;35:*.mp4=01;35:*.m4v=01;35:*.mp4v=01;35:*.vob=01;35:*.qt=01;35:*.nuv=01;35:*.wmv=01;35:*.asf=01;35:*.rm=01;35:*.rmvb=01;35:*.flc=01;35:*.avi=01;35:*.fli=01;35:*.flv=01;35:*.gl=01;35:*.dl=01;35:*.xcf=01;35:*.xwd=01;35:*.yuv=01;35:*.cgm=01;35:*.emf=01;35:*.ogv=01;35:*.ogx=01;35:*.aac=00;36:*.au=00;36:*.flac=00;36:*.m4a=00;36:*.mid=00;36:*.midi=00;36:*.mka=00;36:*.mp3=00;36:*.mpc=00;36:*.ogg=00;36:*.ra=00;36:*.wav=00;36:*.oga=00;36:*.opus=00;36:*.spx=00;36:*.xspf=00;36:', 'VSCODE_GIT_IPC_HANDLE': '/run/user/1000/vscode-git-8e822459fc.sock', 'GNOME_TERMINAL_SERVICE': ':1.113', 'TERM_PROGRAM': 'vscode', 'SSH_AGENT_LAUNCHER': 'gnome-keyring', 'SSH_AUTH_SOCK': '/run/user/1000/keyring/ssh', 'GSETTINGS_SCHEMA_DIR': '/home/pochsathya/snap/code/230/.local/share/glib-2.0/schemas', 'AMENT_PREFIX_PATH': '/home/pochsathya/ros2_ws/install/house_navigation_pkg:/home/pochsathya/ros2_ws/install/subscriber_pkg:/home/pochsathya/ros2_ws/install/publisher_pkg:/home/pochsathya/ros2_ws/install/odometry_pkg:/home/pochsathya/ros2_ws/install/my_first_pkg:/home/pochsathya/ros2_ws/install/example36_pkg:/home/pochsathya/ros2_ws/install/custom_interfaces:/opt/ros/humble', 'SHELL': '/bin/bash', 'QT_ACCESSIBILITY': '1', 'GDMSESSION': 'ubuntu', 'LESSCLOSE': '/usr/bin/lesspipe %s %s', 'GTK_PATH_VSCODE_SNAP_ORIG': '', 'FONTCONFIG_FILE': '/etc/fonts/fonts.conf', 'GK_GL_ADDR': 'http://127.0.0.1:34165', 'GTK_IM_MODULE_FILE_VSCODE_SNAP_ORIG': '', 'VSCODE_GIT_ASKPASS_EXTRA_ARGS': '', 'QT_IM_MODULE': 'ibus', 'PWD': '/home/pochsathya/ros2_ws/build/odometry_pkg', 'TURTLEBOT3_MODEL': 'burger', 'LC_ALL': 'en_US.UTF-8', 'XDG_CONFIG_DIRS': '/etc/xdg/xdg-ubuntu:/etc/xdg', 'NVM_CD_FLAGS': '', 'XDG_DATA_DIRS': '/home/pochsathya/snap/code/230/.local/share:/home/pochsathya/snap/code/230:/snap/code/230/usr/share:/usr/share/ubuntu:/usr/local/share/:/usr/share/:/var/lib/snapd/desktop', 'PYTHONPATH': '/home/pochsathya/ros2_ws/build/odometry_pkg/prefix_override:/usr/lib/python3/dist-packages/colcon_core/task/python/colcon_distutils_commands:/home/pochsathya/ros2_ws/install/odometry_pkg/lib/python3.10/site-packages:/home/pochsathya/ros2_ws/install/house_navigation_pkg/lib/python3.10/site-packages:/home/pochsathya/ros2_ws/install/subscriber_pkg/lib/python3.10/site-packages:/home/pochsathya/ros2_ws/install/publisher_pkg/lib/python3.10/site-packages:/home/pochsathya/ros2_ws/install/odometry_pkg/lib/python3.10/site-packages:/home/pochsathya/ros2_ws/install/my_first_pkg/lib/python3.10/site-packages:/home/pochsathya/ros2_ws/install/example36_pkg/lib/python3.10/site-packages:/home/pochsathya/ros2_ws/install/custom_interfaces/local/lib/python3.10/dist-packages:/opt/ros/humble/lib/python3.10/site-packages:/opt/ros/humble/local/lib/python3.10/dist-packages', 'COLCON': '1', 'VTE_VERSION': '6800', 'CMAKE_PREFIX_PATH': '/home/pochsathya/ros2_ws/install/custom_interfaces'}, 'shell': False}
[1.403804] (-) TimerEvent: {}
[1.471170] (subscriber_pkg) StdoutLine: {'line': b'running egg_info\n'}
[1.471356] (house_navigation_pkg) StdoutLine: {'line': b'running egg_info\n'}
[1.471611] (subscriber_pkg) StdoutLine: {'line': b'writing ../../build/subscriber_pkg/subscriber_pkg.egg-info/PKG-INFO\n'}
[1.471835] (house_navigation_pkg) StdoutLine: {'line': b'writing ../../build/house_navigation_pkg/house_navigation_pkg.egg-info/PKG-INFO\n'}
[1.472055] (house_navigation_pkg) StdoutLine: {'line': b'writing dependency_links to ../../build/house_navigation_pkg/house_navigation_pkg.egg-info/dependency_links.txt\n'}
[1.472124] (house_navigation_pkg) StdoutLine: {'line': b'writing entry points to ../../build/house_navigation_pkg/house_navigation_pkg.egg-info/entry_points.txt\n'}
[1.472414] (house_navigation_pkg) StdoutLine: {'line': b'writing requirements to ../../build/house_navigation_pkg/house_navigation_pkg.egg-info/requires.txt\n'}
[1.472524] (subscriber_pkg) StdoutLine: {'line': b'writing dependency_links to ../../build/subscriber_pkg/subscriber_pkg.egg-info/dependency_links.txt\n'}
[1.472601] (house_navigation_pkg) StdoutLine: {'line': b'writing top-level names to ../../build/house_navigation_pkg/house_navigation_pkg.egg-info/top_level.txt\n'}
[1.472668] (subscriber_pkg) StdoutLine: {'line': b'writing entry points to ../../build/subscriber_pkg/subscriber_pkg.egg-info/entry_points.txt\n'}
[1.472747] (subscriber_pkg) StdoutLine: {'line': b'writing requirements to ../../build/subscriber_pkg/subscriber_pkg.egg-info/requires.txt\n'}
[1.472815] (subscriber_pkg) StdoutLine: {'line': b'writing top-level names to ../../build/subscriber_pkg/subscriber_pkg.egg-info/top_level.txt\n'}
[1.473593] (subscriber_pkg) StdoutLine: {'line': b"reading manifest file '../../build/subscriber_pkg/subscriber_pkg.egg-info/SOURCES.txt'\n"}
[1.473736] (house_navigation_pkg) StdoutLine: {'line': b"reading manifest file '../../build/house_navigation_pkg/house_navigation_pkg.egg-info/SOURCES.txt'\n"}
[1.474116] (subscriber_pkg) StdoutLine: {'line': b"writing manifest file '../../build/subscriber_pkg/subscriber_pkg.egg-info/SOURCES.txt'\n"}
[1.474344] (subscriber_pkg) StdoutLine: {'line': b'running build\n'}
[1.474445] (subscriber_pkg) StdoutLine: {'line': b'running build_py\n'}
[1.474539] (house_navigation_pkg) StdoutLine: {'line': b"writing manifest file '../../build/house_navigation_pkg/house_navigation_pkg.egg-info/SOURCES.txt'\n"}
[1.474614] (house_navigation_pkg) StdoutLine: {'line': b'running build\n'}
[1.474746] (house_navigation_pkg) StdoutLine: {'line': b'running build_py\n'}
[1.474813] (subscriber_pkg) StdoutLine: {'line': b'running install\n'}
[1.474889] (house_navigation_pkg) StdoutLine: {'line': b'running install\n'}
[1.474954] (my_first_pkg) StdoutLine: {'line': b'running egg_info\n'}
[1.475045] (subscriber_pkg) StdoutLine: {'line': b'running install_lib\n'}
[1.475118] (house_navigation_pkg) StdoutLine: {'line': b'running install_lib\n'}
[1.475224] (my_first_pkg) StdoutLine: {'line': b'writing ../../build/my_first_pkg/my_first_pkg.egg-info/PKG-INFO\n'}
[1.475323] (my_first_pkg) StdoutLine: {'line': b'writing dependency_links to ../../build/my_first_pkg/my_first_pkg.egg-info/dependency_links.txt\n'}
[1.475456] (my_first_pkg) StdoutLine: {'line': b'writing entry points to ../../build/my_first_pkg/my_first_pkg.egg-info/entry_points.txt\n'}
[1.475527] (my_first_pkg) StdoutLine: {'line': b'writing requirements to ../../build/my_first_pkg/my_first_pkg.egg-info/requires.txt\n'}
[1.475596] (my_first_pkg) StdoutLine: {'line': b'writing top-level names to ../../build/my_first_pkg/my_first_pkg.egg-info/top_level.txt\n'}
[1.475664] (house_navigation_pkg) StdoutLine: {'line': b'running install_data\n'}
[1.475760] (house_navigation_pkg) StdoutLine: {'line': b'running install_egg_info\n'}
[1.475827] (subscriber_pkg) StdoutLine: {'line': b'running install_data\n'}
[1.475896] (subscriber_pkg) StdoutLine: {'line': b'running install_egg_info\n'}
[1.476318] (odometry_pkg) StdoutLine: {'line': b'running egg_info\n'}
[1.476629] (house_navigation_pkg) StdoutLine: {'line': b"removing '/home/pochsathya/ros2_ws/install/house_navigation_pkg/lib/python3.10/site-packages/house_navigation_pkg-0.0.0-py3.10.egg-info' (and everything under it)\n"}
[1.476784] (subscriber_pkg) StdoutLine: {'line': b"removing '/home/pochsathya/ros2_ws/install/subscriber_pkg/lib/python3.10/site-packages/subscriber_pkg-0.0.0-py3.10.egg-info' (and everything under it)\n"}
[1.476952] (odometry_pkg) StdoutLine: {'line': b'writing ../../build/odometry_pkg/odometry_pkg.egg-info/PKG-INFO\n'}
[1.477088] (house_navigation_pkg) StdoutLine: {'line': b'Copying ../../build/house_navigation_pkg/house_navigation_pkg.egg-info to /home/pochsathya/ros2_ws/install/house_navigation_pkg/lib/python3.10/site-packages/house_navigation_pkg-0.0.0-py3.10.egg-info\n'}
[1.477173] (subscriber_pkg) StdoutLine: {'line': b'Copying ../../build/subscriber_pkg/subscriber_pkg.egg-info to /home/pochsathya/ros2_ws/install/subscriber_pkg/lib/python3.10/site-packages/subscriber_pkg-0.0.0-py3.10.egg-info\n'}
[1.477259] (odometry_pkg) StdoutLine: {'line': b'writing dependency_links to ../../build/odometry_pkg/odometry_pkg.egg-info/dependency_links.txt\n'}
[1.477328] (odometry_pkg) StdoutLine: {'line': b'writing entry points to ../../build/odometry_pkg/odometry_pkg.egg-info/entry_points.txt\n'}
[1.477393] (my_first_pkg) StdoutLine: {'line': b"reading manifest file '../../build/my_first_pkg/my_first_pkg.egg-info/SOURCES.txt'\n"}
[1.477463] (odometry_pkg) StdoutLine: {'line': b'writing requirements to ../../build/odometry_pkg/odometry_pkg.egg-info/requires.txt\n'}
[1.477527] (odometry_pkg) StdoutLine: {'line': b'writing top-level names to ../../build/odometry_pkg/odometry_pkg.egg-info/top_level.txt\n'}
[1.477635] (house_navigation_pkg) StdoutLine: {'line': b'running install_scripts\n'}
[1.477707] (my_first_pkg) StdoutLine: {'line': b"writing manifest file '../../build/my_first_pkg/my_first_pkg.egg-info/SOURCES.txt'\n"}
[1.477779] (my_first_pkg) StdoutLine: {'line': b'running build\n'}
[1.477848] (my_first_pkg) StdoutLine: {'line': b'running build_py\n'}
[1.477968] (subscriber_pkg) StdoutLine: {'line': b'running install_scripts\n'}
[1.478061] (my_first_pkg) StdoutLine: {'line': b'running install\n'}
[1.478130] (my_first_pkg) StdoutLine: {'line': b'running install_lib\n'}
[1.478913] (my_first_pkg) StdoutLine: {'line': b'running install_data\n'}
[1.479067] (my_first_pkg) StdoutLine: {'line': b'running install_egg_info\n'}
[1.479108] (odometry_pkg) StdoutLine: {'line': b"reading manifest file '../../build/odometry_pkg/odometry_pkg.egg-info/SOURCES.txt'\n"}
[1.479576] (odometry_pkg) StdoutLine: {'line': b"writing manifest file '../../build/odometry_pkg/odometry_pkg.egg-info/SOURCES.txt'\n"}
[1.479631] (odometry_pkg) StdoutLine: {'line': b'running build\n'}
[1.479685] (odometry_pkg) StdoutLine: {'line': b'running build_py\n'}
[1.479874] (odometry_pkg) StdoutLine: {'line': b'running install\n'}
[1.480088] (odometry_pkg) StdoutLine: {'line': b'running install_lib\n'}
[1.480260] (my_first_pkg) StdoutLine: {'line': b"removing '/home/pochsathya/ros2_ws/install/my_first_pkg/lib/python3.10/site-packages/my_first_pkg-0.0.0-py3.10.egg-info' (and everything under it)\n"}
[1.480420] (my_first_pkg) StdoutLine: {'line': b'Copying ../../build/my_first_pkg/my_first_pkg.egg-info to /home/pochsathya/ros2_ws/install/my_first_pkg/lib/python3.10/site-packages/my_first_pkg-0.0.0-py3.10.egg-info\n'}
[1.480850] (my_first_pkg) StdoutLine: {'line': b'running install_scripts\n'}
[1.480929] (odometry_pkg) StdoutLine: {'line': b'running install_data\n'}
[1.480982] (odometry_pkg) StdoutLine: {'line': b'running install_egg_info\n'}
[1.482217] (odometry_pkg) StdoutLine: {'line': b"removing '/home/pochsathya/ros2_ws/install/odometry_pkg/lib/python3.10/site-packages/odometry_pkg-0.0.0-py3.10.egg-info' (and everything under it)\n"}
[1.482357] (odometry_pkg) StdoutLine: {'line': b'Copying ../../build/odometry_pkg/odometry_pkg.egg-info to /home/pochsathya/ros2_ws/install/odometry_pkg/lib/python3.10/site-packages/odometry_pkg-0.0.0-py3.10.egg-info\n'}
[1.482811] (odometry_pkg) StdoutLine: {'line': b'running install_scripts\n'}
[1.491545] (house_navigation_pkg) StdoutLine: {'line': b'Installing house_navigation script to /home/pochsathya/ros2_ws/install/house_navigation_pkg/lib/house_navigation_pkg\n'}
[1.491704] (house_navigation_pkg) StdoutLine: {'line': b"writing list of installed files to '/home/pochsathya/ros2_ws/build/house_navigation_pkg/install.log'\n"}
[1.494664] (publisher_pkg) StdoutLine: {'line': b'running egg_info\n'}
[1.494890] (my_first_pkg) StdoutLine: {'line': b'Installing Sathya_node script to /home/pochsathya/ros2_ws/install/my_first_pkg/lib/my_first_pkg\n'}
[1.495003] (my_first_pkg) StdoutLine: {'line': b'Installing subscriber_node script to /home/pochsathya/ros2_ws/install/my_first_pkg/lib/my_first_pkg\n'}
[1.495185] (my_first_pkg) StdoutLine: {'line': b"writing list of installed files to '/home/pochsathya/ros2_ws/build/my_first_pkg/install.log'\n"}
[1.495310] (publisher_pkg) StdoutLine: {'line': b'writing ../../build/publisher_pkg/publisher_pkg.egg-info/PKG-INFO\n'}
[1.495456] (publisher_pkg) StdoutLine: {'line': b'writing dependency_links to ../../build/publisher_pkg/publisher_pkg.egg-info/dependency_links.txt\n'}
[1.495529] (publisher_pkg) StdoutLine: {'line': b'writing entry points to ../../build/publisher_pkg/publisher_pkg.egg-info/entry_points.txt\n'}
[1.495598] (publisher_pkg) StdoutLine: {'line': b'writing requirements to ../../build/publisher_pkg/publisher_pkg.egg-info/requires.txt\n'}
[1.495665] (publisher_pkg) StdoutLine: {'line': b'writing top-level names to ../../build/publisher_pkg/publisher_pkg.egg-info/top_level.txt\n'}
[1.496972] (odometry_pkg) StdoutLine: {'line': b'Installing odometry_subscriber script to /home/pochsathya/ros2_ws/install/odometry_pkg/lib/odometry_pkg\n'}
[1.497237] (odometry_pkg) StdoutLine: {'line': b"writing list of installed files to '/home/pochsathya/ros2_ws/build/odometry_pkg/install.log'\n"}
[1.497319] (subscriber_pkg) StdoutLine: {'line': b"writing list of installed files to '/home/pochsathya/ros2_ws/build/subscriber_pkg/install.log'\n"}
[1.497428] (publisher_pkg) StdoutLine: {'line': b"reading manifest file '../../build/publisher_pkg/publisher_pkg.egg-info/SOURCES.txt'\n"}
[1.498209] (publisher_pkg) StdoutLine: {'line': b"writing manifest file '../../build/publisher_pkg/publisher_pkg.egg-info/SOURCES.txt'\n"}
[1.498397] (publisher_pkg) StdoutLine: {'line': b'running build\n'}
[1.498500] (publisher_pkg) StdoutLine: {'line': b'running build_py\n'}
[1.498574] (publisher_pkg) StdoutLine: {'line': b'running install\n'}
[1.498663] (publisher_pkg) StdoutLine: {'line': b'running install_lib\n'}
[1.499630] (publisher_pkg) StdoutLine: {'line': b'running install_data\n'}
[1.499775] (publisher_pkg) StdoutLine: {'line': b'running install_egg_info\n'}
[1.501424] (publisher_pkg) StdoutLine: {'line': b"removing '/home/pochsathya/ros2_ws/install/publisher_pkg/lib/python3.10/site-packages/publisher_pkg-0.0.0-py3.10.egg-info' (and everything under it)\n"}
[1.501589] (publisher_pkg) StdoutLine: {'line': b'Copying ../../build/publisher_pkg/publisher_pkg.egg-info to /home/pochsathya/ros2_ws/install/publisher_pkg/lib/python3.10/site-packages/publisher_pkg-0.0.0-py3.10.egg-info\n'}
[1.502086] (publisher_pkg) StdoutLine: {'line': b'running install_scripts\n'}
[1.503873] (-) TimerEvent: {}
[1.508580] (house_navigation_pkg) CommandEnded: {'returncode': 0}
[1.513469] (house_navigation_pkg) JobEnded: {'identifier': 'house_navigation_pkg', 'rc': 0}
[1.514613] (my_first_pkg) CommandEnded: {'returncode': 0}
[1.517749] (publisher_pkg) StdoutLine: {'line': b"writing list of installed files to '/home/pochsathya/ros2_ws/build/publisher_pkg/install.log'\n"}
[1.518354] (my_first_pkg) JobEnded: {'identifier': 'my_first_pkg', 'rc': 0}
[1.519322] (subscriber_pkg) CommandEnded: {'returncode': 0}
[1.522930] (subscriber_pkg) JobEnded: {'identifier': 'subscriber_pkg', 'rc': 0}
[1.523383] (odometry_pkg) CommandEnded: {'returncode': 0}
[1.527253] (odometry_pkg) JobEnded: {'identifier': 'odometry_pkg', 'rc': 0}
[1.533641] (publisher_pkg) CommandEnded: {'returncode': 0}
[1.539431] (publisher_pkg) JobEnded: {'identifier': 'publisher_pkg', 'rc': 0}
[1.604058] (-) TimerEvent: {}
[1.647470] (example36_pkg) Command: {'cmd': ['/usr/bin/python3', '-W', 'ignore:setup.py install is deprecated', '-W', 'ignore:easy_install command is deprecated', 'setup.py', 'egg_info', '--egg-base', '../build/example36_pkg', 'build', '--build-base', '/home/pochsathya/ros2_ws/build/example36_pkg/build', 'install', '--record', '/home/pochsathya/ros2_ws/build/example36_pkg/install.log', '--single-version-externally-managed', 'install_data'], 'cwd': '/home/pochsathya/ros2_ws/example36_pkg', 'env': {'PYTHON_BASIC_REPL': '1', 'LESSOPEN': '| /usr/bin/lesspipe %s', 'USER': 'pochsathya', 'FONTCONFIG_PATH': '/etc/fonts', 'GIO_MODULE_DIR': '/home/pochsathya/snap/code/common/.cache/gio-modules', 'XDG_SESSION_TYPE': 'wayland', 'GIT_ASKPASS': '/snap/code/230/usr/share/code/resources/app/extensions/git/dist/askpass.sh', 'GTK_EXE_PREFIX_VSCODE_SNAP_ORIG': '', 'GDK_BACKEND_VSCODE_SNAP_ORIG': '', 'SHLVL': '2', 'LD_LIBRARY_PATH': '/home/pochsathya/ros2_ws/install/custom_interfaces/lib:/usr/lib/x86_64-linux-gnu/gazebo-11/plugins:/opt/ros/humble/opt/rviz_ogre_vendor/lib:/opt/ros/humble/lib/x86_64-linux-gnu:/opt/ros/humble/lib', 'HOME': '/home/pochsathya', 'CHROME_DESKTOP': 'code.desktop', 'LOCPATH_VSCODE_SNAP_ORIG': '', 'OLDPWD': '/home/pochsathya/ros2_ws/src', 'TERM_PROGRAM_VERSION': '1.112.0', 'DESKTOP_SESSION': 'ubuntu', 'GTK_PATH': '/snap/code/230/usr/lib/x86_64-linux-gnu/gtk-3.0', 'NVM_BIN': '/home/pochsathya/.nvm/versions/node/v24.14.0/bin', 'NVM_INC': '/home/pochsathya/.nvm/versions/node/v24.14.0/include/node', 'XDG_DATA_HOME_VSCODE_SNAP_ORIG': '', 'GTK_IM_MODULE_FILE': '/home/pochsathya/snap/code/common/.cache/immodules/immodules.cache', 'ROS_PYTHON_VERSION': '3', 'GNOME_SHELL_SESSION_MODE': 'ubuntu', 'GTK_MODULES': 'gail:atk-bridge', 'GK_GL_PATH': '/tmp/gitkraken/gitlens/gitlens-ipc-server-3329-34165.json', 'GSETTINGS_SCHEMA_DIR_VSCODE_SNAP_ORIG': '', 'VSCODE_GIT_ASKPASS_MAIN': '/snap/code/230/usr/share/code/resources/app/extensions/git/dist/askpass-main.js', 'VSCODE_GIT_ASKPASS_NODE': '/snap/code/230/usr/share/code/code', 'PYDEVD_DISABLE_FILE_VALIDATION': '1', 'SYSTEMD_EXEC_PID': '2320', 'BUNDLED_DEBUGPY_PATH': '/home/pochsathya/.vscode/extensions/ms-python.debugpy-2025.18.0-linux-x64/bundled/libs/debugpy', 'VSCODE_PYTHON_AUTOACTIVATE_GUARD': '1', 'DBUS_SESSION_BUS_ADDRESS': 'unix:path=/run/user/1000/bus', 'COLORTERM': 'truecolor', 'NVM_DIR': '/home/pochsathya/.nvm', 'IM_CONFIG_PHASE': '1', 'WAYLAND_DISPLAY': 'wayland-0', 'COLCON_PREFIX_PATH': '/home/pochsathya/ros2_ws/install:/home/pochsathya/ros2_ws/src/house_navigation_pkg/house_navigation_pkg/install', 'ROS_DISTRO': 'humble', 'LOGNAME': 'pochsathya', '_': '/usr/bin/colcon', 'ROS_VERSION': '2', 'XDG_CONFIG_DIRS_VSCODE_SNAP_ORIG': '/etc/xdg/xdg-ubuntu:/etc/xdg', 'XDG_SESSION_CLASS': 'user', 'XDG_DATA_DIRS_VSCODE_SNAP_ORIG': '/usr/share/ubuntu:/usr/local/share/:/usr/share/:/var/lib/snapd/desktop', 'USERNAME': 'pochsathya', 'TERM': 'xterm-256color', 'GNOME_DESKTOP_SESSION_ID': 'this-is-deprecated', 'FC_FONTATIONS': '1', 'ROS_LOCALHOST_ONLY': '0', 'PATH': '/home/pochsathya/.config/Code/User/globalStorage/github.copilot-chat/debugCommand:/home/pochsathya/.config/Code/User/globalStorage/github.copilot-chat/copilotCli:/home/pochsathya/.nvm/versions/node/v24.14.0/bin:/opt/ros/humble/bin:/home/pochsathya/.local/bin:/usr/local/sbin:/usr/local/bin:/usr/sbin:/usr/bin:/sbin:/bin:/usr/games:/usr/local/games:/snap/bin:/snap/bin:/home/pochsathya/.vscode/extensions/ms-python.debugpy-2025.18.0-linux-x64/bundled/scripts/noConfigScripts', 'SESSION_MANAGER': 'local/pochsathya-Legion-Pro-5-16IRX8:@/tmp/.ICE-unix/2081,unix/pochsathya-Legion-Pro-5-16IRX8:/tmp/.ICE-unix/2081', 'GTK_EXE_PREFIX': '/snap/code/230/usr', 'XDG_MENU_PREFIX': 'gnome-', 'GNOME_TERMINAL_SCREEN': '/org/gnome/Terminal/screen/3022cf24_8779_4048_b403_e606844e479e', 'GNOME_SETUP_DISPLAY': ':1', 'XDG_RUNTIME_DIR': '/run/user/1000', 'GDK_BACKEND': 'x11', 'DISPLAY': ':0', 'LOCPATH': '/snap/code/230/usr/lib/locale', 'VSCODE_DEBUGPY_ADAPTER_ENDPOINTS': '/home/pochsathya/.vscode/extensions/ms-python.debugpy-2025.18.0-linux-x64/.noConfigDebugAdapterEndpoints/endpoint-2afe878aa90fcd67.txt', 'LANG': 'en_US.UTF-8', 'XDG_CURRENT_DESKTOP': 'ubuntu:GNOME', 'PYTHONSTARTUP': '/home/pochsathya/.config/Code/User/workspaceStorage/f271fc560773b7ce7087c0335d36366c/ms-python.python/pythonrc.py', 'GIO_MODULE_DIR_VSCODE_SNAP_ORIG': '', 'XDG_DATA_HOME': '/home/pochsathya/snap/code/230/.local/share', 'XMODIFIERS': '@im=ibus', 'XDG_SESSION_DESKTOP': 'ubuntu', 'XAUTHORITY': '/run/user/1000/.mutter-Xwaylandauth.YFTWM3', 'LS_COLORS': 'rs=0:di=01;34:ln=01;36:mh=00:pi=40;33:so=01;35:do=01;35:bd=40;33;01:cd=40;33;01:or=40;31;01:mi=00:su=37;41:sg=30;43:ca=30;41:tw=30;42:ow=34;42:st=37;44:ex=01;32:*.tar=01;31:*.tgz=01;31:*.arc=01;31:*.arj=01;31:*.taz=01;31:*.lha=01;31:*.lz4=01;31:*.lzh=01;31:*.lzma=01;31:*.tlz=01;31:*.txz=01;31:*.tzo=01;31:*.t7z=01;31:*.zip=01;31:*.z=01;31:*.dz=01;31:*.gz=01;31:*.lrz=01;31:*.lz=01;31:*.lzo=01;31:*.xz=01;31:*.zst=01;31:*.tzst=01;31:*.bz2=01;31:*.bz=01;31:*.tbz=01;31:*.tbz2=01;31:*.tz=01;31:*.deb=01;31:*.rpm=01;31:*.jar=01;31:*.war=01;31:*.ear=01;31:*.sar=01;31:*.rar=01;31:*.alz=01;31:*.ace=01;31:*.zoo=01;31:*.cpio=01;31:*.7z=01;31:*.rz=01;31:*.cab=01;31:*.wim=01;31:*.swm=01;31:*.dwm=01;31:*.esd=01;31:*.jpg=01;35:*.jpeg=01;35:*.mjpg=01;35:*.mjpeg=01;35:*.gif=01;35:*.bmp=01;35:*.pbm=01;35:*.pgm=01;35:*.ppm=01;35:*.tga=01;35:*.xbm=01;35:*.xpm=01;35:*.tif=01;35:*.tiff=01;35:*.png=01;35:*.svg=01;35:*.svgz=01;35:*.mng=01;35:*.pcx=01;35:*.mov=01;35:*.mpg=01;35:*.mpeg=01;35:*.m2v=01;35:*.mkv=01;35:*.webm=01;35:*.webp=01;35:*.ogm=01;35:*.mp4=01;35:*.m4v=01;35:*.mp4v=01;35:*.vob=01;35:*.qt=01;35:*.nuv=01;35:*.wmv=01;35:*.asf=01;35:*.rm=01;35:*.rmvb=01;35:*.flc=01;35:*.avi=01;35:*.fli=01;35:*.flv=01;35:*.gl=01;35:*.dl=01;35:*.xcf=01;35:*.xwd=01;35:*.yuv=01;35:*.cgm=01;35:*.emf=01;35:*.ogv=01;35:*.ogx=01;35:*.aac=00;36:*.au=00;36:*.flac=00;36:*.m4a=00;36:*.mid=00;36:*.midi=00;36:*.mka=00;36:*.mp3=00;36:*.mpc=00;36:*.ogg=00;36:*.ra=00;36:*.wav=00;36:*.oga=00;36:*.opus=00;36:*.spx=00;36:*.xspf=00;36:', 'VSCODE_GIT_IPC_HANDLE': '/run/user/1000/vscode-git-8e822459fc.sock', 'GNOME_TERMINAL_SERVICE': ':1.113', 'TERM_PROGRAM': 'vscode', 'SSH_AGENT_LAUNCHER': 'gnome-keyring', 'SSH_AUTH_SOCK': '/run/user/1000/keyring/ssh', 'GSETTINGS_SCHEMA_DIR': '/home/pochsathya/snap/code/230/.local/share/glib-2.0/schemas', 'AMENT_PREFIX_PATH': '/home/pochsathya/ros2_ws/install/house_navigation_pkg:/home/pochsathya/ros2_ws/install/subscriber_pkg:/home/pochsathya/ros2_ws/install/publisher_pkg:/home/pochsathya/ros2_ws/install/odometry_pkg:/home/pochsathya/ros2_ws/install/my_first_pkg:/home/pochsathya/ros2_ws/install/example36_pkg:/home/pochsathya/ros2_ws/install/custom_interfaces:/opt/ros/humble', 'SHELL': '/bin/bash', 'QT_ACCESSIBILITY': '1', 'GDMSESSION': 'ubuntu', 'LESSCLOSE': '/usr/bin/lesspipe %s %s', 'GTK_PATH_VSCODE_SNAP_ORIG': '', 'FONTCONFIG_FILE': '/etc/fonts/fonts.conf', 'GK_GL_ADDR': 'http://127.0.0.1:34165', 'GTK_IM_MODULE_FILE_VSCODE_SNAP_ORIG': '', 'VSCODE_GIT_ASKPASS_EXTRA_ARGS': '', 'QT_IM_MODULE': 'ibus', 'PWD': '/home/pochsathya/ros2_ws/build/example36_pkg', 'TURTLEBOT3_MODEL': 'burger', 'LC_ALL': 'en_US.UTF-8', 'XDG_CONFIG_DIRS': '/etc/xdg/xdg-ubuntu:/etc/xdg', 'NVM_CD_FLAGS': '', 'XDG_DATA_DIRS': '/home/pochsathya/snap/code/230/.local/share:/home/pochsathya/snap/code/230:/snap/code/230/usr/share:/usr/share/ubuntu:/usr/local/share/:/usr/share/:/var/lib/snapd/desktop', 'PYTHONPATH': '/home/pochsathya/ros2_ws/build/example36_pkg/prefix_override:/usr/lib/python3/dist-packages/colcon_core/task/python/colcon_distutils_commands:/home/pochsathya/ros2_ws/install/example36_pkg/lib/python3.10/site-packages:/home/pochsathya/ros2_ws/install/house_navigation_pkg/lib/python3.10/site-packages:/home/pochsathya/ros2_ws/install/subscriber_pkg/lib/python3.10/site-packages:/home/pochsathya/ros2_ws/install/publisher_pkg/lib/python3.10/site-packages:/home/pochsathya/ros2_ws/install/odometry_pkg/lib/python3.10/site-packages:/home/pochsathya/ros2_ws/install/my_first_pkg/lib/python3.10/site-packages:/home/pochsathya/ros2_ws/install/example36_pkg/lib/python3.10/site-packages:/home/pochsathya/ros2_ws/install/custom_interfaces/local/lib/python3.10/dist-packages:/opt/ros/humble/lib/python3.10/site-packages:/opt/ros/humble/local/lib/python3.10/dist-packages', 'COLCON': '1', 'VTE_VERSION': '6800', 'CMAKE_PREFIX_PATH': '/home/pochsathya/ros2_ws/install/custom_interfaces'}, 'shell': False}
[1.704182] (-) TimerEvent: {}
[1.804610] (-) TimerEvent: {}
[1.905069] (-) TimerEvent: {}
[1.943899] (example36_pkg) StdoutLine: {'line': b'running egg_info\n'}
[1.944453] (example36_pkg) StdoutLine: {'line': b'writing ../build/example36_pkg/example36_pkg.egg-info/PKG-INFO\n'}
[1.944569] (example36_pkg) StdoutLine: {'line': b'writing dependency_links to ../build/example36_pkg/example36_pkg.egg-info/dependency_links.txt\n'}
[1.944628] (example36_pkg) StdoutLine: {'line': b'writing entry points to ../build/example36_pkg/example36_pkg.egg-info/entry_points.txt\n'}
[1.944807] (example36_pkg) StdoutLine: {'line': b'writing requirements to ../build/example36_pkg/example36_pkg.egg-info/requires.txt\n'}
[1.944880] (example36_pkg) StdoutLine: {'line': b'writing top-level names to ../build/example36_pkg/example36_pkg.egg-info/top_level.txt\n'}
[1.945958] (example36_pkg) StdoutLine: {'line': b"reading manifest file '../build/example36_pkg/example36_pkg.egg-info/SOURCES.txt'\n"}
[1.946242] (example36_pkg) StdoutLine: {'line': b"writing manifest file '../build/example36_pkg/example36_pkg.egg-info/SOURCES.txt'\n"}
[1.946315] (example36_pkg) StdoutLine: {'line': b'running build\n'}
[1.946352] (example36_pkg) StdoutLine: {'line': b'running build_py\n'}
[1.946554] (example36_pkg) StdoutLine: {'line': b'running install\n'}
[1.946612] (example36_pkg) StdoutLine: {'line': b'running install_lib\n'}
[1.947338] (example36_pkg) StdoutLine: {'line': b'running install_data\n'}
[1.947400] (example36_pkg) StdoutLine: {'line': b'running install_egg_info\n'}
[1.948170] (example36_pkg) StdoutLine: {'line': b"removing '/home/pochsathya/ros2_ws/install/example36_pkg/lib/python3.10/site-packages/example36_pkg-0.0.0-py3.10.egg-info' (and everything under it)\n"}
[1.948381] (example36_pkg) StdoutLine: {'line': b'Copying ../build/example36_pkg/example36_pkg.egg-info to /home/pochsathya/ros2_ws/install/example36_pkg/lib/python3.10/site-packages/example36_pkg-0.0.0-py3.10.egg-info\n'}
[1.948599] (example36_pkg) StdoutLine: {'line': b'running install_scripts\n'}
[1.959498] (example36_pkg) StdoutLine: {'line': b'Installing example36 script to /home/pochsathya/ros2_ws/install/example36_pkg/lib/example36_pkg\n'}
[1.959593] (example36_pkg) StdoutLine: {'line': b"writing list of installed files to '/home/pochsathya/ros2_ws/build/example36_pkg/install.log'\n"}
[1.971114] (example36_pkg) CommandEnded: {'returncode': 0}
[1.973998] (example36_pkg) JobEnded: {'identifier': 'example36_pkg', 'rc': 0}
[1.974460] (-) EventReactorShutdown: {}
