[0.000000] (-) TimerEvent: {}
[0.000352] (custom_interfaces) JobQueued: {'identifier': 'custom_interfaces', 'dependencies': OrderedDict()}
[0.000386] (house_navigation_pkg) JobQueued: {'identifier': 'house_navigation_pkg', 'dependencies': OrderedDict()}
[0.000403] (my_first_pkg) JobQueued: {'identifier': 'my_first_pkg', 'dependencies': OrderedDict()}
[0.000417] (odometry_pkg) JobQueued: {'identifier': 'odometry_pkg', 'dependencies': OrderedDict()}
[0.000432] (publisher_pkg) JobQueued: {'identifier': 'publisher_pkg', 'dependencies': OrderedDict()}
[0.000468] (subscriber_pkg) JobQueued: {'identifier': 'subscriber_pkg', 'dependencies': OrderedDict()}
[0.000499] (example36_pkg) JobQueued: {'identifier': 'example36_pkg', 'dependencies': OrderedDict([('custom_interfaces', '/home/pochsathya/ros2_ws/install/custom_interfaces')])}
[0.000566] (custom_interfaces) JobStarted: {'identifier': 'custom_interfaces'}
[0.003794] (house_navigation_pkg) JobStarted: {'identifier': 'house_navigation_pkg'}
[0.006402] (my_first_pkg) JobStarted: {'identifier': 'my_first_pkg'}
[0.009294] (odometry_pkg) JobStarted: {'identifier': 'odometry_pkg'}
[0.011885] (publisher_pkg) JobStarted: {'identifier': 'publisher_pkg'}
[0.015306] (subscriber_pkg) JobStarted: {'identifier': 'subscriber_pkg'}
[0.022651] (custom_interfaces) JobProgress: {'identifier': 'custom_interfaces', 'progress': 'cmake'}
[0.023703] (custom_interfaces) JobProgress: {'identifier': 'custom_interfaces', 'progress': 'build'}
[0.023750] (custom_interfaces) Command: {'cmd': ['/usr/bin/cmake', '--build', '/home/pochsathya/ros2_ws/build/custom_interfaces', '--', '-j32', '-l32'], 'cwd': '/home/pochsathya/ros2_ws/build/custom_interfaces', 'env': OrderedDict([('GJS_DEBUG_TOPICS', 'JS ERROR;JS LOG'), ('PYTHON_BASIC_REPL', '1'), ('LESSOPEN', '| /usr/bin/lesspipe %s'), ('USER', 'pochsathya'), ('FONTCONFIG_PATH', '/etc/fonts'), ('GIO_MODULE_DIR', '/home/pochsathya/snap/code/common/.cache/gio-modules'), ('XDG_SESSION_TYPE', 'wayland'), ('GIT_ASKPASS', '/snap/code/230/usr/share/code/resources/app/extensions/git/dist/askpass.sh'), ('GTK_EXE_PREFIX_VSCODE_SNAP_ORIG', ''), ('GDK_BACKEND_VSCODE_SNAP_ORIG', ''), ('SHLVL', '1'), ('LD_LIBRARY_PATH', '/home/pochsathya/ros2_ws/install/custom_interfaces/lib:/usr/lib/x86_64-linux-gnu/gazebo-11/plugins:/opt/ros/humble/opt/rviz_ogre_vendor/lib:/opt/ros/humble/lib/x86_64-linux-gnu:/opt/ros/humble/lib'), ('HOME', '/home/pochsathya'), ('CHROME_DESKTOP', 'code.desktop'), ('LOCPATH_VSCODE_SNAP_ORIG', ''), ('TERM_PROGRAM_VERSION', '1.112.0'), ('DESKTOP_SESSION', 'ubuntu'), ('GTK_PATH', '/snap/code/230/usr/lib/x86_64-linux-gnu/gtk-3.0'), ('NVM_BIN', '/home/pochsathya/.nvm/versions/node/v24.14.0/bin'), ('NVM_INC', '/home/pochsathya/.nvm/versions/node/v24.14.0/include/node'), ('XDG_DATA_HOME_VSCODE_SNAP_ORIG', ''), ('GTK_IM_MODULE_FILE', '/home/pochsathya/snap/code/common/.cache/immodules/immodules.cache'), ('GIO_LAUNCHED_DESKTOP_FILE', '/var/lib/snapd/desktop/applications/code_code.desktop'), ('ROS_PYTHON_VERSION', '3'), ('GNOME_SHELL_SESSION_MODE', 'ubuntu'), ('GTK_MODULES', 'gail:atk-bridge'), ('GSETTINGS_SCHEMA_DIR_VSCODE_SNAP_ORIG', ''), ('VSCODE_GIT_ASKPASS_MAIN', '/snap/code/230/usr/share/code/resources/app/extensions/git/dist/askpass-main.js'), ('VSCODE_GIT_ASKPASS_NODE', '/snap/code/230/usr/share/code/code'), ('MANAGERPID', '1939'), ('PYDEVD_DISABLE_FILE_VALIDATION', '1'), ('SYSTEMD_EXEC_PID', '2110'), ('BUNDLED_DEBUGPY_PATH', '/home/pochsathya/.vscode/extensions/ms-python.debugpy-2025.18.0-linux-x64/bundled/libs/debugpy'), ('IM_CONFIG_CHECK_ENV', '1'), ('VSCODE_PYTHON_AUTOACTIVATE_GUARD', '1'), ('DBUS_SESSION_BUS_ADDRESS', 'unix:path=/run/user/1000/bus'), ('COLORTERM', 'truecolor'), ('GIO_LAUNCHED_DESKTOP_FILE_PID', '41595'), ('NVM_DIR', '/home/pochsathya/.nvm'), ('IM_CONFIG_PHASE', '1'), ('WAYLAND_DISPLAY', 'wayland-0'), ('COLCON_PREFIX_PATH', '/home/pochsathya/ros2_ws/install:/home/pochsathya/ros2_ws/src/house_navigation_pkg/house_navigation_pkg/install'), ('ROS_DISTRO', 'humble'), ('LOGNAME', 'pochsathya'), ('JOURNAL_STREAM', '8:5723'), ('_', '/usr/bin/colcon'), ('ROS_VERSION', '2'), ('XDG_CONFIG_DIRS_VSCODE_SNAP_ORIG', '/etc/xdg/xdg-ubuntu:/etc/xdg'), ('XDG_SESSION_CLASS', 'user'), ('XDG_DATA_DIRS_VSCODE_SNAP_ORIG', '/usr/share/ubuntu:/usr/local/share/:/usr/share/:/var/lib/snapd/desktop'), ('USERNAME', 'pochsathya'), ('TERM', 'xterm-256color'), ('GNOME_DESKTOP_SESSION_ID', 'this-is-deprecated'), ('FC_FONTATIONS', '1'), ('ROS_LOCALHOST_ONLY', '0'), ('PATH', '/home/pochsathya/.config/Code/User/globalStorage/github.copilot-chat/debugCommand:/home/pochsathya/.config/Code/User/globalStorage/github.copilot-chat/copilotCli:/home/pochsathya/.local/bin:/home/pochsathya/.nvm/versions/node/v24.14.0/bin:/opt/ros/humble/bin:/home/pochsathya/.local/bin:/usr/local/sbin:/usr/local/bin:/usr/sbin:/usr/bin:/sbin:/bin:/usr/games:/usr/local/games:/snap/bin:/snap/bin:/home/pochsathya/.vscode/extensions/ms-python.debugpy-2025.18.0-linux-x64/bundled/scripts/noConfigScripts'), ('SESSION_MANAGER', 'local/pochsathya-Legion-Pro-5-16IRX8:@/tmp/.ICE-unix/2081,unix/pochsathya-Legion-Pro-5-16IRX8:/tmp/.ICE-unix/2081'), ('GTK_EXE_PREFIX', '/snap/code/230/usr'), ('INVOCATION_ID', 'bec8f1b216d34278993222b7f454f91b'), ('XDG_MENU_PREFIX', 'gnome-'), ('GNOME_SETUP_DISPLAY', ':1'), ('XDG_RUNTIME_DIR', '/run/user/1000'), ('GDK_BACKEND', 'x11'), ('DISPLAY', ':0'), ('LOCPATH', '/snap/code/230/usr/lib/locale'), ('VSCODE_DEBUGPY_ADAPTER_ENDPOINTS', '/home/pochsathya/.vscode/extensions/ms-python.debugpy-2025.18.0-linux-x64/.noConfigDebugAdapterEndpoints/endpoint-2afe878aa90fcd67.txt'), ('LANG', 'en_US.UTF-8'), ('XDG_CURRENT_DESKTOP', 'ubuntu:GNOME'), ('PYTHONSTARTUP', '/home/pochsathya/.config/Code/User/workspaceStorage/f271fc560773b7ce7087c0335d36366c/ms-python.python/pythonrc.py'), ('GIO_MODULE_DIR_VSCODE_SNAP_ORIG', ''), ('XDG_DATA_HOME', '/home/pochsathya/snap/code/230/.local/share'), ('XMODIFIERS', '@im=ibus'), ('XDG_SESSION_DESKTOP', 'ubuntu'), ('XAUTHORITY', '/run/user/1000/.mutter-Xwaylandauth.YFTWM3'), ('LS_COLORS', 'rs=0:di=01;34:ln=01;36:mh=00:pi=40;33:so=01;35:do=01;35:bd=40;33;01:cd=40;33;01:or=40;31;01:mi=00:su=37;41:sg=30;43:ca=30;41:tw=30;42:ow=34;42:st=37;44:ex=01;32:*.tar=01;31:*.tgz=01;31:*.arc=01;31:*.arj=01;31:*.taz=01;31:*.lha=01;31:*.lz4=01;31:*.lzh=01;31:*.lzma=01;31:*.tlz=01;31:*.txz=01;31:*.tzo=01;31:*.t7z=01;31:*.zip=01;31:*.z=01;31:*.dz=01;31:*.gz=01;31:*.lrz=01;31:*.lz=01;31:*.lzo=01;31:*.xz=01;31:*.zst=01;31:*.tzst=01;31:*.bz2=01;31:*.bz=01;31:*.tbz=01;31:*.tbz2=01;31:*.tz=01;31:*.deb=01;31:*.rpm=01;31:*.jar=01;31:*.war=01;31:*.ear=01;31:*.sar=01;31:*.rar=01;31:*.alz=01;31:*.ace=01;31:*.zoo=01;31:*.cpio=01;31:*.7z=01;31:*.rz=01;31:*.cab=01;31:*.wim=01;31:*.swm=01;31:*.dwm=01;31:*.esd=01;31:*.jpg=01;35:*.jpeg=01;35:*.mjpg=01;35:*.mjpeg=01;35:*.gif=01;35:*.bmp=01;35:*.pbm=01;35:*.pgm=01;35:*.ppm=01;35:*.tga=01;35:*.xbm=01;35:*.xpm=01;35:*.tif=01;35:*.tiff=01;35:*.png=01;35:*.svg=01;35:*.svgz=01;35:*.mng=01;35:*.pcx=01;35:*.mov=01;35:*.mpg=01;35:*.mpeg=01;35:*.m2v=01;35:*.mkv=01;35:*.webm=01;35:*.webp=01;35:*.ogm=01;35:*.mp4=01;35:*.m4v=01;35:*.mp4v=01;35:*.vob=01;35:*.qt=01;35:*.nuv=01;35:*.wmv=01;35:*.asf=01;35:*.rm=01;35:*.rmvb=01;35:*.flc=01;35:*.avi=01;35:*.fli=01;35:*.flv=01;35:*.gl=01;35:*.dl=01;35:*.xcf=01;35:*.xwd=01;35:*.yuv=01;35:*.cgm=01;35:*.emf=01;35:*.ogv=01;35:*.ogx=01;35:*.aac=00;36:*.au=00;36:*.flac=00;36:*.m4a=00;36:*.mid=00;36:*.midi=00;36:*.mka=00;36:*.mp3=00;36:*.mpc=00;36:*.ogg=00;36:*.ra=00;36:*.wav=00;36:*.oga=00;36:*.opus=00;36:*.spx=00;36:*.xspf=00;36:'), ('VSCODE_GIT_IPC_HANDLE', '/run/user/1000/vscode-git-8e822459fc.sock'), ('TERM_PROGRAM', 'vscode'), ('SSH_AGENT_LAUNCHER', 'gnome-keyring'), ('SSH_AUTH_SOCK', '/run/user/1000/keyring/ssh'), ('GSETTINGS_SCHEMA_DIR', '/home/pochsathya/snap/code/230/.local/share/glib-2.0/schemas'), ('AMENT_PREFIX_PATH', '/home/pochsathya/ros2_ws/install/subscriber_pkg:/home/pochsathya/ros2_ws/install/publisher_pkg:/home/pochsathya/ros2_ws/install/odometry_pkg:/home/pochsathya/ros2_ws/install/my_first_pkg:/home/pochsathya/ros2_ws/install/house_navigation_pkg:/home/pochsathya/ros2_ws/install/example36_pkg:/home/pochsathya/ros2_ws/install/custom_interfaces:/opt/ros/humble'), ('SHELL', '/bin/bash'), ('QT_ACCESSIBILITY', '1'), ('GDMSESSION', 'ubuntu'), ('LESSCLOSE', '/usr/bin/lesspipe %s %s'), ('GTK_PATH_VSCODE_SNAP_ORIG', ''), ('FONTCONFIG_FILE', '/etc/fonts/fonts.conf'), ('GTK_IM_MODULE_FILE_VSCODE_SNAP_ORIG', ''), ('GJS_DEBUG_OUTPUT', 'stderr'), ('VSCODE_GIT_ASKPASS_EXTRA_ARGS', ''), ('QT_IM_MODULE', 'ibus'), ('PWD', '/home/pochsathya/ros2_ws/build/custom_interfaces'), ('TURTLEBOT3_MODEL', 'burger'), ('LC_ALL', 'en_US.UTF-8'), ('XDG_CONFIG_DIRS', '/etc/xdg/xdg-ubuntu:/etc/xdg'), ('NVM_CD_FLAGS', ''), ('XDG_DATA_DIRS', '/home/pochsathya/snap/code/230/.local/share:/home/pochsathya/snap/code/230:/snap/code/230/usr/share:/usr/share/ubuntu:/usr/local/share/:/usr/share/:/var/lib/snapd/desktop'), ('PYTHONPATH', '/home/pochsathya/ros2_ws/install/subscriber_pkg/lib/python3.10/site-packages:/home/pochsathya/ros2_ws/install/publisher_pkg/lib/python3.10/site-packages:/home/pochsathya/ros2_ws/install/odometry_pkg/lib/python3.10/site-packages:/home/pochsathya/ros2_ws/install/my_first_pkg/lib/python3.10/site-packages:/home/pochsathya/ros2_ws/install/house_navigation_pkg/lib/python3.10/site-packages:/home/pochsathya/ros2_ws/install/example36_pkg/lib/python3.10/site-packages:/home/pochsathya/ros2_ws/install/custom_interfaces/local/lib/python3.10/dist-packages:/opt/ros/humble/lib/python3.10/site-packages:/opt/ros/humble/local/lib/python3.10/dist-packages'), ('COLCON', '1'), ('CMAKE_PREFIX_PATH', '/home/pochsathya/ros2_ws/install/custom_interfaces:/home/pochsathya/ros2_ws/install/subscriber_pkg:/home/pochsathya/ros2_ws/install/publisher_pkg:/home/pochsathya/ros2_ws/install/odometry_pkg:/home/pochsathya/ros2_ws/install/my_first_pkg:/home/pochsathya/ros2_ws/install/house_navigation_pkg:/home/pochsathya/ros2_ws/install/example36_pkg:/opt/ros/humble')]), 'shell': False}
[0.099862] (-) TimerEvent: {}
[0.200427] (-) TimerEvent: {}
[0.301001] (-) TimerEvent: {}
[0.401516] (-) TimerEvent: {}
[0.501867] (-) TimerEvent: {}
[0.602097] (-) TimerEvent: {}
[0.702404] (-) TimerEvent: {}
[0.802759] (-) TimerEvent: {}
[0.903199] (-) TimerEvent: {}
[1.003595] (-) TimerEvent: {}
[1.084343] (custom_interfaces) StdoutLine: {'line': b'[  3%] Built target custom_interfaces__cpp\n'}
[1.085142] (custom_interfaces) StdoutLine: {'line': b'[ 12%] Built target custom_interfaces__rosidl_generator_c\n'}
[1.085201] (custom_interfaces) StdoutLine: {'line': b'[ 12%] Built target ament_cmake_python_copy_custom_interfaces\n'}
[1.085248] (custom_interfaces) StdoutLine: {'line': b'[ 22%] Built target custom_interfaces__rosidl_typesupport_introspection_cpp\n'}
[1.085282] (custom_interfaces) StdoutLine: {'line': b'[ 32%] Built target custom_interfaces__rosidl_typesupport_fastrtps_cpp\n'}
[1.085314] (custom_interfaces) StdoutLine: {'line': b'[ 41%] Built target custom_interfaces__rosidl_typesupport_cpp\n'}
[1.085344] (custom_interfaces) StdoutLine: {'line': b'[ 51%] Built target custom_interfaces__rosidl_typesupport_c\n'}
[1.085373] (custom_interfaces) StdoutLine: {'line': b'[ 61%] Built target custom_interfaces__rosidl_typesupport_introspection_c\n'}
[1.085403] (custom_interfaces) StdoutLine: {'line': b'[ 70%] Built target custom_interfaces__rosidl_typesupport_fastrtps_c\n'}
[1.085433] (custom_interfaces) StdoutLine: {'line': b'[ 70%] Built target custom_interfaces\n'}
[1.085463] (custom_interfaces) StdoutLine: {'line': b'[ 74%] Built target custom_interfaces__py\n'}
[1.085492] (custom_interfaces) StdoutLine: {'line': b'[ 80%] Built target custom_interfaces__rosidl_generator_py\n'}
[1.085521] (custom_interfaces) StdoutLine: {'line': b'[ 87%] Built target custom_interfaces__rosidl_typesupport_fastrtps_c__pyext\n'}
[1.085549] (custom_interfaces) StdoutLine: {'line': b'[ 93%] Built target custom_interfaces__rosidl_typesupport_c__pyext\n'}
[1.085579] (custom_interfaces) StdoutLine: {'line': b'[100%] Built target custom_interfaces__rosidl_typesupport_introspection_c__pyext\n'}
[1.085610] (custom_interfaces) StdoutLine: {'line': b'running egg_info\n'}
[1.085639] (custom_interfaces) StdoutLine: {'line': b'writing custom_interfaces.egg-info/PKG-INFO\n'}
[1.085674] (custom_interfaces) StdoutLine: {'line': b'writing dependency_links to custom_interfaces.egg-info/dependency_links.txt\n'}
[1.085703] (custom_interfaces) StdoutLine: {'line': b'writing top-level names to custom_interfaces.egg-info/top_level.txt\n'}
[1.085733] (custom_interfaces) StdoutLine: {'line': b"reading manifest file 'custom_interfaces.egg-info/SOURCES.txt'\n"}
[1.085762] (custom_interfaces) StdoutLine: {'line': b"writing manifest file 'custom_interfaces.egg-info/SOURCES.txt'\n"}
[1.085790] (custom_interfaces) StdoutLine: {'line': b'[100%] Built target ament_cmake_python_build_custom_interfaces_egg\n'}
[1.103733] (-) TimerEvent: {}
[1.204070] (-) TimerEvent: {}
[1.239498] (custom_interfaces) CommandEnded: {'returncode': 0}
[1.239860] (custom_interfaces) JobProgress: {'identifier': 'custom_interfaces', 'progress': 'install'}
[1.247398] (custom_interfaces) Command: {'cmd': ['/usr/bin/cmake', '--install', '/home/pochsathya/ros2_ws/build/custom_interfaces'], 'cwd': '/home/pochsathya/ros2_ws/build/custom_interfaces', 'env': OrderedDict([('GJS_DEBUG_TOPICS', 'JS ERROR;JS LOG'), ('PYTHON_BASIC_REPL', '1'), ('LESSOPEN', '| /usr/bin/lesspipe %s'), ('USER', 'pochsathya'), ('FONTCONFIG_PATH', '/etc/fonts'), ('GIO_MODULE_DIR', '/home/pochsathya/snap/code/common/.cache/gio-modules'), ('XDG_SESSION_TYPE', 'wayland'), ('GIT_ASKPASS', '/snap/code/230/usr/share/code/resources/app/extensions/git/dist/askpass.sh'), ('GTK_EXE_PREFIX_VSCODE_SNAP_ORIG', ''), ('GDK_BACKEND_VSCODE_SNAP_ORIG', ''), ('SHLVL', '1'), ('LD_LIBRARY_PATH', '/home/pochsathya/ros2_ws/install/custom_interfaces/lib:/usr/lib/x86_64-linux-gnu/gazebo-11/plugins:/opt/ros/humble/opt/rviz_ogre_vendor/lib:/opt/ros/humble/lib/x86_64-linux-gnu:/opt/ros/humble/lib'), ('HOME', '/home/pochsathya'), ('CHROME_DESKTOP', 'code.desktop'), ('LOCPATH_VSCODE_SNAP_ORIG', ''), ('TERM_PROGRAM_VERSION', '1.112.0'), ('DESKTOP_SESSION', 'ubuntu'), ('GTK_PATH', '/snap/code/230/usr/lib/x86_64-linux-gnu/gtk-3.0'), ('NVM_BIN', '/home/pochsathya/.nvm/versions/node/v24.14.0/bin'), ('NVM_INC', '/home/pochsathya/.nvm/versions/node/v24.14.0/include/node'), ('XDG_DATA_HOME_VSCODE_SNAP_ORIG', ''), ('GTK_IM_MODULE_FILE', '/home/pochsathya/snap/code/common/.cache/immodules/immodules.cache'), ('GIO_LAUNCHED_DESKTOP_FILE', '/var/lib/snapd/desktop/applications/code_code.desktop'), ('ROS_PYTHON_VERSION', '3'), ('GNOME_SHELL_SESSION_MODE', 'ubuntu'), ('GTK_MODULES', 'gail:atk-bridge'), ('GSETTINGS_SCHEMA_DIR_VSCODE_SNAP_ORIG', ''), ('VSCODE_GIT_ASKPASS_MAIN', '/snap/code/230/usr/share/code/resources/app/extensions/git/dist/askpass-main.js'), ('VSCODE_GIT_ASKPASS_NODE', '/snap/code/230/usr/share/code/code'), ('MANAGERPID', '1939'), ('PYDEVD_DISABLE_FILE_VALIDATION', '1'), ('SYSTEMD_EXEC_PID', '2110'), ('BUNDLED_DEBUGPY_PATH', '/home/pochsathya/.vscode/extensions/ms-python.debugpy-2025.18.0-linux-x64/bundled/libs/debugpy'), ('IM_CONFIG_CHECK_ENV', '1'), ('VSCODE_PYTHON_AUTOACTIVATE_GUARD', '1'), ('DBUS_SESSION_BUS_ADDRESS', 'unix:path=/run/user/1000/bus'), ('COLORTERM', 'truecolor'), ('GIO_LAUNCHED_DESKTOP_FILE_PID', '41595'), ('NVM_DIR', '/home/pochsathya/.nvm'), ('IM_CONFIG_PHASE', '1'), ('WAYLAND_DISPLAY', 'wayland-0'), ('COLCON_PREFIX_PATH', '/home/pochsathya/ros2_ws/install:/home/pochsathya/ros2_ws/src/house_navigation_pkg/house_navigation_pkg/install'), ('ROS_DISTRO', 'humble'), ('LOGNAME', 'pochsathya'), ('JOURNAL_STREAM', '8:5723'), ('_', '/usr/bin/colcon'), ('ROS_VERSION', '2'), ('XDG_CONFIG_DIRS_VSCODE_SNAP_ORIG', '/etc/xdg/xdg-ubuntu:/etc/xdg'), ('XDG_SESSION_CLASS', 'user'), ('XDG_DATA_DIRS_VSCODE_SNAP_ORIG', '/usr/share/ubuntu:/usr/local/share/:/usr/share/:/var/lib/snapd/desktop'), ('USERNAME', 'pochsathya'), ('TERM', 'xterm-256color'), ('GNOME_DESKTOP_SESSION_ID', 'this-is-deprecated'), ('FC_FONTATIONS', '1'), ('ROS_LOCALHOST_ONLY', '0'), ('PATH', '/home/pochsathya/.config/Code/User/globalStorage/github.copilot-chat/debugCommand:/home/pochsathya/.config/Code/User/globalStorage/github.copilot-chat/copilotCli:/home/pochsathya/.local/bin:/home/pochsathya/.nvm/versions/node/v24.14.0/bin:/opt/ros/humble/bin:/home/pochsathya/.local/bin:/usr/local/sbin:/usr/local/bin:/usr/sbin:/usr/bin:/sbin:/bin:/usr/games:/usr/local/games:/snap/bin:/snap/bin:/home/pochsathya/.vscode/extensions/ms-python.debugpy-2025.18.0-linux-x64/bundled/scripts/noConfigScripts'), ('SESSION_MANAGER', 'local/pochsathya-Legion-Pro-5-16IRX8:@/tmp/.ICE-unix/2081,unix/pochsathya-Legion-Pro-5-16IRX8:/tmp/.ICE-unix/2081'), ('GTK_EXE_PREFIX', '/snap/code/230/usr'), ('INVOCATION_ID', 'bec8f1b216d34278993222b7f454f91b'), ('XDG_MENU_PREFIX', 'gnome-'), ('GNOME_SETUP_DISPLAY', ':1'), ('XDG_RUNTIME_DIR', '/run/user/1000'), ('GDK_BACKEND', 'x11'), ('DISPLAY', ':0'), ('LOCPATH', '/snap/code/230/usr/lib/locale'), ('VSCODE_DEBUGPY_ADAPTER_ENDPOINTS', '/home/pochsathya/.vscode/extensions/ms-python.debugpy-2025.18.0-linux-x64/.noConfigDebugAdapterEndpoints/endpoint-2afe878aa90fcd67.txt'), ('LANG', 'en_US.UTF-8'), ('XDG_CURRENT_DESKTOP', 'ubuntu:GNOME'), ('PYTHONSTARTUP', '/home/pochsathya/.config/Code/User/workspaceStorage/f271fc560773b7ce7087c0335d36366c/ms-python.python/pythonrc.py'), ('GIO_MODULE_DIR_VSCODE_SNAP_ORIG', ''), ('XDG_DATA_HOME', '/home/pochsathya/snap/code/230/.local/share'), ('XMODIFIERS', '@im=ibus'), ('XDG_SESSION_DESKTOP', 'ubuntu'), ('XAUTHORITY', '/run/user/1000/.mutter-Xwaylandauth.YFTWM3'), ('LS_COLORS', 'rs=0:di=01;34:ln=01;36:mh=00:pi=40;33:so=01;35:do=01;35:bd=40;33;01:cd=40;33;01:or=40;31;01:mi=00:su=37;41:sg=30;43:ca=30;41:tw=30;42:ow=34;42:st=37;44:ex=01;32:*.tar=01;31:*.tgz=01;31:*.arc=01;31:*.arj=01;31:*.taz=01;31:*.lha=01;31:*.lz4=01;31:*.lzh=01;31:*.lzma=01;31:*.tlz=01;31:*.txz=01;31:*.tzo=01;31:*.t7z=01;31:*.zip=01;31:*.z=01;31:*.dz=01;31:*.gz=01;31:*.lrz=01;31:*.lz=01;31:*.lzo=01;31:*.xz=01;31:*.zst=01;31:*.tzst=01;31:*.bz2=01;31:*.bz=01;31:*.tbz=01;31:*.tbz2=01;31:*.tz=01;31:*.deb=01;31:*.rpm=01;31:*.jar=01;31:*.war=01;31:*.ear=01;31:*.sar=01;31:*.rar=01;31:*.alz=01;31:*.ace=01;31:*.zoo=01;31:*.cpio=01;31:*.7z=01;31:*.rz=01;31:*.cab=01;31:*.wim=01;31:*.swm=01;31:*.dwm=01;31:*.esd=01;31:*.jpg=01;35:*.jpeg=01;35:*.mjpg=01;35:*.mjpeg=01;35:*.gif=01;35:*.bmp=01;35:*.pbm=01;35:*.pgm=01;35:*.ppm=01;35:*.tga=01;35:*.xbm=01;35:*.xpm=01;35:*.tif=01;35:*.tiff=01;35:*.png=01;35:*.svg=01;35:*.svgz=01;35:*.mng=01;35:*.pcx=01;35:*.mov=01;35:*.mpg=01;35:*.mpeg=01;35:*.m2v=01;35:*.mkv=01;35:*.webm=01;35:*.webp=01;35:*.ogm=01;35:*.mp4=01;35:*.m4v=01;35:*.mp4v=01;35:*.vob=01;35:*.qt=01;35:*.nuv=01;35:*.wmv=01;35:*.asf=01;35:*.rm=01;35:*.rmvb=01;35:*.flc=01;35:*.avi=01;35:*.fli=01;35:*.flv=01;35:*.gl=01;35:*.dl=01;35:*.xcf=01;35:*.xwd=01;35:*.yuv=01;35:*.cgm=01;35:*.emf=01;35:*.ogv=01;35:*.ogx=01;35:*.aac=00;36:*.au=00;36:*.flac=00;36:*.m4a=00;36:*.mid=00;36:*.midi=00;36:*.mka=00;36:*.mp3=00;36:*.mpc=00;36:*.ogg=00;36:*.ra=00;36:*.wav=00;36:*.oga=00;36:*.opus=00;36:*.spx=00;36:*.xspf=00;36:'), ('VSCODE_GIT_IPC_HANDLE', '/run/user/1000/vscode-git-8e822459fc.sock'), ('TERM_PROGRAM', 'vscode'), ('SSH_AGENT_LAUNCHER', 'gnome-keyring'), ('SSH_AUTH_SOCK', '/run/user/1000/keyring/ssh'), ('GSETTINGS_SCHEMA_DIR', '/home/pochsathya/snap/code/230/.local/share/glib-2.0/schemas'), ('AMENT_PREFIX_PATH', '/home/pochsathya/ros2_ws/install/subscriber_pkg:/home/pochsathya/ros2_ws/install/publisher_pkg:/home/pochsathya/ros2_ws/install/odometry_pkg:/home/pochsathya/ros2_ws/install/my_first_pkg:/home/pochsathya/ros2_ws/install/house_navigation_pkg:/home/pochsathya/ros2_ws/install/example36_pkg:/home/pochsathya/ros2_ws/install/custom_interfaces:/opt/ros/humble'), ('SHELL', '/bin/bash'), ('QT_ACCESSIBILITY', '1'), ('GDMSESSION', 'ubuntu'), ('LESSCLOSE', '/usr/bin/lesspipe %s %s'), ('GTK_PATH_VSCODE_SNAP_ORIG', ''), ('FONTCONFIG_FILE', '/etc/fonts/fonts.conf'), ('GTK_IM_MODULE_FILE_VSCODE_SNAP_ORIG', ''), ('GJS_DEBUG_OUTPUT', 'stderr'), ('VSCODE_GIT_ASKPASS_EXTRA_ARGS', ''), ('QT_IM_MODULE', 'ibus'), ('PWD', '/home/pochsathya/ros2_ws/build/custom_interfaces'), ('TURTLEBOT3_MODEL', 'burger'), ('LC_ALL', 'en_US.UTF-8'), ('XDG_CONFIG_DIRS', '/etc/xdg/xdg-ubuntu:/etc/xdg'), ('NVM_CD_FLAGS', ''), ('XDG_DATA_DIRS', '/home/pochsathya/snap/code/230/.local/share:/home/pochsathya/snap/code/230:/snap/code/230/usr/share:/usr/share/ubuntu:/usr/local/share/:/usr/share/:/var/lib/snapd/desktop'), ('PYTHONPATH', '/home/pochsathya/ros2_ws/install/subscriber_pkg/lib/python3.10/site-packages:/home/pochsathya/ros2_ws/install/publisher_pkg/lib/python3.10/site-packages:/home/pochsathya/ros2_ws/install/odometry_pkg/lib/python3.10/site-packages:/home/pochsathya/ros2_ws/install/my_first_pkg/lib/python3.10/site-packages:/home/pochsathya/ros2_ws/install/house_navigation_pkg/lib/python3.10/site-packages:/home/pochsathya/ros2_ws/install/example36_pkg/lib/python3.10/site-packages:/home/pochsathya/ros2_ws/install/custom_interfaces/local/lib/python3.10/dist-packages:/opt/ros/humble/lib/python3.10/site-packages:/opt/ros/humble/local/lib/python3.10/dist-packages'), ('COLCON', '1'), ('CMAKE_PREFIX_PATH', '/home/pochsathya/ros2_ws/install/custom_interfaces:/home/pochsathya/ros2_ws/install/subscriber_pkg:/home/pochsathya/ros2_ws/install/publisher_pkg:/home/pochsathya/ros2_ws/install/odometry_pkg:/home/pochsathya/ros2_ws/install/my_first_pkg:/home/pochsathya/ros2_ws/install/house_navigation_pkg:/home/pochsathya/ros2_ws/install/example36_pkg:/opt/ros/humble')]), 'shell': False}
[1.262708] (custom_interfaces) StdoutLine: {'line': b'-- Install configuration: ""\n'}
[1.263455] (custom_interfaces) StdoutLine: {'line': b'-- Up-to-date: /home/pochsathya/ros2_ws/install/custom_interfaces/share/ament_index/resource_index/rosidl_interfaces/custom_interfaces\n'}
[1.264072] (custom_interfaces) StdoutLine: {'line': b'-- Up-to-date: /home/pochsathya/ros2_ws/install/custom_interfaces/include/custom_interfaces/custom_interfaces\n'}
[1.264237] (custom_interfaces) StdoutLine: {'line': b'-- Up-to-date: /home/pochsathya/ros2_ws/install/custom_interfaces/include/custom_interfaces/custom_interfaces/msg\n'}
[1.264645] (custom_interfaces) StdoutLine: {'line': b'-- Up-to-date: /home/pochsathya/ros2_ws/install/custom_interfaces/include/custom_interfaces/custom_interfaces/msg/age.h\n'}
[1.264932] (custom_interfaces) StdoutLine: {'line': b'-- Up-to-date: /home/pochsathya/ros2_ws/install/custom_interfaces/include/custom_interfaces/custom_interfaces/msg/rosidl_generator_c__visibility_control.h\n'}
[1.265156] (custom_interfaces) StdoutLine: {'line': b'-- Up-to-date: /home/pochsathya/ros2_ws/install/custom_interfaces/include/custom_interfaces/custom_interfaces/msg/detail\n'}
[1.265496] (custom_interfaces) StdoutLine: {'line': b'-- Up-to-date: /home/pochsathya/ros2_ws/install/custom_interfaces/include/custom_interfaces/custom_interfaces/msg/detail/age__struct.h\n'}
[1.266137] (custom_interfaces) StdoutLine: {'line': b'-- Up-to-date: /home/pochsathya/ros2_ws/install/custom_interfaces/include/custom_interfaces/custom_interfaces/msg/detail/age__functions.h\n'}
[1.266541] (custom_interfaces) StdoutLine: {'line': b'-- Up-to-date: /home/pochsathya/ros2_ws/install/custom_interfaces/include/custom_interfaces/custom_interfaces/msg/detail/age__type_support.h\n'}
[1.268842] (custom_interfaces) StdoutLine: {'line': b'-- Up-to-date: /home/pochsathya/ros2_ws/install/custom_interfaces/include/custom_interfaces/custom_interfaces/msg/detail/age__functions.c\n'}
[1.269069] (custom_interfaces) StdoutLine: {'line': b'-- Up-to-date: /home/pochsathya/ros2_ws/install/custom_interfaces/share/custom_interfaces/environment/library_path.sh\n'}
[1.269227] (custom_interfaces) StdoutLine: {'line': b'-- Up-to-date: /home/pochsathya/ros2_ws/install/custom_interfaces/share/custom_interfaces/environment/library_path.dsv\n'}
[1.269375] (custom_interfaces) StdoutLine: {'line': b'-- Up-to-date: /home/pochsathya/ros2_ws/install/custom_interfaces/lib/libcustom_interfaces__rosidl_generator_c.so\n'}
[1.269510] (custom_interfaces) StdoutLine: {'line': b'-- Up-to-date: /home/pochsathya/ros2_ws/install/custom_interfaces/include/custom_interfaces/custom_interfaces\n'}
[1.269642] (custom_interfaces) StdoutLine: {'line': b'-- Up-to-date: /home/pochsathya/ros2_ws/install/custom_interfaces/include/custom_interfaces/custom_interfaces/msg\n'}
[1.269770] (custom_interfaces) StdoutLine: {'line': b'-- Up-to-date: /home/pochsathya/ros2_ws/install/custom_interfaces/include/custom_interfaces/custom_interfaces/msg/rosidl_typesupport_fastrtps_c__visibility_control.h\n'}
[1.269916] (custom_interfaces) StdoutLine: {'line': b'-- Up-to-date: /home/pochsathya/ros2_ws/install/custom_interfaces/include/custom_interfaces/custom_interfaces/msg/detail\n'}
[1.270043] (custom_interfaces) StdoutLine: {'line': b'-- Up-to-date: /home/pochsathya/ros2_ws/install/custom_interfaces/include/custom_interfaces/custom_interfaces/msg/detail/age__rosidl_typesupport_fastrtps_c.h\n'}
[1.270168] (custom_interfaces) StdoutLine: {'line': b'-- Up-to-date: /home/pochsathya/ros2_ws/install/custom_interfaces/lib/libcustom_interfaces__rosidl_typesupport_fastrtps_c.so\n'}
[1.270315] (custom_interfaces) StdoutLine: {'line': b'-- Up-to-date: /home/pochsathya/ros2_ws/install/custom_interfaces/include/custom_interfaces/custom_interfaces\n'}
[1.270441] (custom_interfaces) StdoutLine: {'line': b'-- Up-to-date: /home/pochsathya/ros2_ws/install/custom_interfaces/include/custom_interfaces/custom_interfaces/msg\n'}
[1.270563] (custom_interfaces) StdoutLine: {'line': b'-- Up-to-date: /home/pochsathya/ros2_ws/install/custom_interfaces/include/custom_interfaces/custom_interfaces/msg/age.hpp\n'}
[1.270707] (custom_interfaces) StdoutLine: {'line': b'-- Up-to-date: /home/pochsathya/ros2_ws/install/custom_interfaces/include/custom_interfaces/custom_interfaces/msg/rosidl_generator_cpp__visibility_control.hpp\n'}
[1.270831] (custom_interfaces) StdoutLine: {'line': b'-- Up-to-date: /home/pochsathya/ros2_ws/install/custom_interfaces/include/custom_interfaces/custom_interfaces/msg/detail\n'}
[1.270957] (custom_interfaces) StdoutLine: {'line': b'-- Up-to-date: /home/pochsathya/ros2_ws/install/custom_interfaces/include/custom_interfaces/custom_interfaces/msg/detail/age__traits.hpp\n'}
[1.271080] (custom_interfaces) StdoutLine: {'line': b'-- Up-to-date: /home/pochsathya/ros2_ws/install/custom_interfaces/include/custom_interfaces/custom_interfaces/msg/detail/age__type_support.hpp\n'}
[1.271212] (custom_interfaces) StdoutLine: {'line': b'-- Up-to-date: /home/pochsathya/ros2_ws/install/custom_interfaces/include/custom_interfaces/custom_interfaces/msg/detail/age__struct.hpp\n'}
[1.271350] (custom_interfaces) StdoutLine: {'line': b'-- Up-to-date: /home/pochsathya/ros2_ws/install/custom_interfaces/include/custom_interfaces/custom_interfaces/msg/detail/age__builder.hpp\n'}
[1.271476] (custom_interfaces) StdoutLine: {'line': b'-- Up-to-date: /home/pochsathya/ros2_ws/install/custom_interfaces/include/custom_interfaces/custom_interfaces\n'}
[1.271598] (custom_interfaces) StdoutLine: {'line': b'-- Up-to-date: /home/pochsathya/ros2_ws/install/custom_interfaces/include/custom_interfaces/custom_interfaces/msg\n'}
[1.271720] (custom_interfaces) StdoutLine: {'line': b'-- Up-to-date: /home/pochsathya/ros2_ws/install/custom_interfaces/include/custom_interfaces/custom_interfaces/msg/rosidl_typesupport_fastrtps_cpp__visibility_control.h\n'}
[1.271841] (custom_interfaces) StdoutLine: {'line': b'-- Up-to-date: /home/pochsathya/ros2_ws/install/custom_interfaces/include/custom_interfaces/custom_interfaces/msg/detail\n'}
[1.271962] (custom_interfaces) StdoutLine: {'line': b'-- Up-to-date: /home/pochsathya/ros2_ws/install/custom_interfaces/include/custom_interfaces/custom_interfaces/msg/detail/dds_fastrtps\n'}
[1.272085] (custom_interfaces) StdoutLine: {'line': b'-- Up-to-date: /home/pochsathya/ros2_ws/install/custom_interfaces/include/custom_interfaces/custom_interfaces/msg/detail/age__rosidl_typesupport_fastrtps_cpp.hpp\n'}
[1.272216] (custom_interfaces) StdoutLine: {'line': b'-- Up-to-date: /home/pochsathya/ros2_ws/install/custom_interfaces/lib/libcustom_interfaces__rosidl_typesupport_fastrtps_cpp.so\n'}
[1.272355] (custom_interfaces) StdoutLine: {'line': b'-- Up-to-date: /home/pochsathya/ros2_ws/install/custom_interfaces/include/custom_interfaces/custom_interfaces\n'}
[1.272485] (custom_interfaces) StdoutLine: {'line': b'-- Up-to-date: /home/pochsathya/ros2_ws/install/custom_interfaces/include/custom_interfaces/custom_interfaces/msg\n'}
[1.272629] (custom_interfaces) StdoutLine: {'line': b'-- Up-to-date: /home/pochsathya/ros2_ws/install/custom_interfaces/include/custom_interfaces/custom_interfaces/msg/detail\n'}
[1.272765] (custom_interfaces) StdoutLine: {'line': b'-- Up-to-date: /home/pochsathya/ros2_ws/install/custom_interfaces/include/custom_interfaces/custom_interfaces/msg/detail/age__rosidl_typesupport_introspection_c.h\n'}
[1.272895] (custom_interfaces) StdoutLine: {'line': b'-- Up-to-date: /home/pochsathya/ros2_ws/install/custom_interfaces/include/custom_interfaces/custom_interfaces/msg/detail/age__type_support.c\n'}
[1.273026] (custom_interfaces) StdoutLine: {'line': b'-- Up-to-date: /home/pochsathya/ros2_ws/install/custom_interfaces/include/custom_interfaces/custom_interfaces/msg/rosidl_typesupport_introspection_c__visibility_control.h\n'}
[1.273157] (custom_interfaces) StdoutLine: {'line': b'-- Up-to-date: /home/pochsathya/ros2_ws/install/custom_interfaces/lib/libcustom_interfaces__rosidl_typesupport_introspection_c.so\n'}
[1.273306] (custom_interfaces) StdoutLine: {'line': b'-- Up-to-date: /home/pochsathya/ros2_ws/install/custom_interfaces/lib/libcustom_interfaces__rosidl_typesupport_c.so\n'}
[1.273440] (custom_interfaces) StdoutLine: {'line': b'-- Up-to-date: /home/pochsathya/ros2_ws/install/custom_interfaces/include/custom_interfaces/custom_interfaces\n'}
[1.273570] (custom_interfaces) StdoutLine: {'line': b'-- Up-to-date: /home/pochsathya/ros2_ws/install/custom_interfaces/include/custom_interfaces/custom_interfaces/msg\n'}
[1.273699] (custom_interfaces) StdoutLine: {'line': b'-- Up-to-date: /home/pochsathya/ros2_ws/install/custom_interfaces/include/custom_interfaces/custom_interfaces/msg/detail\n'}
[1.273880] (custom_interfaces) StdoutLine: {'line': b'-- Up-to-date: /home/pochsathya/ros2_ws/install/custom_interfaces/include/custom_interfaces/custom_interfaces/msg/detail/age__type_support.cpp\n'}
[1.274012] (custom_interfaces) StdoutLine: {'line': b'-- Up-to-date: /home/pochsathya/ros2_ws/install/custom_interfaces/include/custom_interfaces/custom_interfaces/msg/detail/age__rosidl_typesupport_introspection_cpp.hpp\n'}
[1.274138] (custom_interfaces) StdoutLine: {'line': b'-- Up-to-date: /home/pochsathya/ros2_ws/install/custom_interfaces/lib/libcustom_interfaces__rosidl_typesupport_introspection_cpp.so\n'}
[1.274273] (custom_interfaces) StdoutLine: {'line': b'-- Up-to-date: /home/pochsathya/ros2_ws/install/custom_interfaces/lib/libcustom_interfaces__rosidl_typesupport_cpp.so\n'}
[1.274401] (custom_interfaces) StdoutLine: {'line': b'-- Up-to-date: /home/pochsathya/ros2_ws/install/custom_interfaces/share/custom_interfaces/environment/pythonpath.sh\n'}
[1.274523] (custom_interfaces) StdoutLine: {'line': b'-- Up-to-date: /home/pochsathya/ros2_ws/install/custom_interfaces/share/custom_interfaces/environment/pythonpath.dsv\n'}
[1.274645] (custom_interfaces) StdoutLine: {'line': b'-- Up-to-date: /home/pochsathya/ros2_ws/install/custom_interfaces/local/lib/python3.10/dist-packages/custom_interfaces-0.0.0-py3.10.egg-info\n'}
[1.274782] (custom_interfaces) StdoutLine: {'line': b'-- Installing: /home/pochsathya/ros2_ws/install/custom_interfaces/local/lib/python3.10/dist-packages/custom_interfaces-0.0.0-py3.10.egg-info/PKG-INFO\n'}
[1.274905] (custom_interfaces) StdoutLine: {'line': b'-- Installing: /home/pochsathya/ros2_ws/install/custom_interfaces/local/lib/python3.10/dist-packages/custom_interfaces-0.0.0-py3.10.egg-info/dependency_links.txt\n'}
[1.275028] (custom_interfaces) StdoutLine: {'line': b'-- Installing: /home/pochsathya/ros2_ws/install/custom_interfaces/local/lib/python3.10/dist-packages/custom_interfaces-0.0.0-py3.10.egg-info/top_level.txt\n'}
[1.275149] (custom_interfaces) StdoutLine: {'line': b'-- Installing: /home/pochsathya/ros2_ws/install/custom_interfaces/local/lib/python3.10/dist-packages/custom_interfaces-0.0.0-py3.10.egg-info/SOURCES.txt\n'}
[1.275288] (custom_interfaces) StdoutLine: {'line': b'-- Up-to-date: /home/pochsathya/ros2_ws/install/custom_interfaces/local/lib/python3.10/dist-packages/custom_interfaces\n'}
[1.275424] (custom_interfaces) StdoutLine: {'line': b'-- Up-to-date: /home/pochsathya/ros2_ws/install/custom_interfaces/local/lib/python3.10/dist-packages/custom_interfaces/libcustom_interfaces__rosidl_generator_py.so\n'}
[1.275547] (custom_interfaces) StdoutLine: {'line': b'-- Up-to-date: /home/pochsathya/ros2_ws/install/custom_interfaces/local/lib/python3.10/dist-packages/custom_interfaces/custom_interfaces_s__rosidl_typesupport_introspection_c.cpython-310-x86_64-linux-gnu.so\n'}
[1.275673] (custom_interfaces) StdoutLine: {'line': b'-- Up-to-date: /home/pochsathya/ros2_ws/install/custom_interfaces/local/lib/python3.10/dist-packages/custom_interfaces/_custom_interfaces_s.ep.rosidl_typesupport_fastrtps_c.c\n'}
[1.275796] (custom_interfaces) StdoutLine: {'line': b'-- Up-to-date: /home/pochsathya/ros2_ws/install/custom_interfaces/local/lib/python3.10/dist-packages/custom_interfaces/__init__.py\n'}
[1.275917] (custom_interfaces) StdoutLine: {'line': b'-- Up-to-date: /home/pochsathya/ros2_ws/install/custom_interfaces/local/lib/python3.10/dist-packages/custom_interfaces/_custom_interfaces_s.ep.rosidl_typesupport_c.c\n'}
[1.276040] (custom_interfaces) StdoutLine: {'line': b'-- Up-to-date: /home/pochsathya/ros2_ws/install/custom_interfaces/local/lib/python3.10/dist-packages/custom_interfaces/_custom_interfaces_s.ep.rosidl_typesupport_introspection_c.c\n'}
[1.276166] (custom_interfaces) StdoutLine: {'line': b'-- Up-to-date: /home/pochsathya/ros2_ws/install/custom_interfaces/local/lib/python3.10/dist-packages/custom_interfaces/custom_interfaces_s__rosidl_typesupport_fastrtps_c.cpython-310-x86_64-linux-gnu.so\n'}
[1.276309] (custom_interfaces) StdoutLine: {'line': b'-- Up-to-date: /home/pochsathya/ros2_ws/install/custom_interfaces/local/lib/python3.10/dist-packages/custom_interfaces/msg\n'}
[1.276434] (custom_interfaces) StdoutLine: {'line': b'-- Up-to-date: /home/pochsathya/ros2_ws/install/custom_interfaces/local/lib/python3.10/dist-packages/custom_interfaces/msg/_age.py\n'}
[1.276556] (custom_interfaces) StdoutLine: {'line': b'-- Up-to-date: /home/pochsathya/ros2_ws/install/custom_interfaces/local/lib/python3.10/dist-packages/custom_interfaces/msg/__init__.py\n'}
[1.276678] (custom_interfaces) StdoutLine: {'line': b'-- Up-to-date: /home/pochsathya/ros2_ws/install/custom_interfaces/local/lib/python3.10/dist-packages/custom_interfaces/msg/_age_s.c\n'}
[1.276800] (custom_interfaces) StdoutLine: {'line': b'-- Up-to-date: /home/pochsathya/ros2_ws/install/custom_interfaces/local/lib/python3.10/dist-packages/custom_interfaces/custom_interfaces_s__rosidl_typesupport_c.cpython-310-x86_64-linux-gnu.so\n'}
[1.304301] (-) TimerEvent: {}
[1.325099] (custom_interfaces) StdoutLine: {'line': b"Listing '/home/pochsathya/ros2_ws/install/custom_interfaces/local/lib/python3.10/dist-packages/custom_interfaces'...\n"}
[1.325361] (custom_interfaces) StdoutLine: {'line': b"Listing '/home/pochsathya/ros2_ws/install/custom_interfaces/local/lib/python3.10/dist-packages/custom_interfaces/msg'...\n"}
[1.331704] (custom_interfaces) StdoutLine: {'line': b'-- Up-to-date: /home/pochsathya/ros2_ws/install/custom_interfaces/local/lib/python3.10/dist-packages/custom_interfaces/custom_interfaces_s__rosidl_typesupport_fastrtps_c.cpython-310-x86_64-linux-gnu.so\n'}
[1.332221] (custom_interfaces) StdoutLine: {'line': b'-- Up-to-date: /home/pochsathya/ros2_ws/install/custom_interfaces/local/lib/python3.10/dist-packages/custom_interfaces/custom_interfaces_s__rosidl_typesupport_introspection_c.cpython-310-x86_64-linux-gnu.so\n'}
[1.332813] (custom_interfaces) StdoutLine: {'line': b'-- Up-to-date: /home/pochsathya/ros2_ws/install/custom_interfaces/local/lib/python3.10/dist-packages/custom_interfaces/custom_interfaces_s__rosidl_typesupport_c.cpython-310-x86_64-linux-gnu.so\n'}
[1.332953] (custom_interfaces) StdoutLine: {'line': b'-- Up-to-date: /home/pochsathya/ros2_ws/install/custom_interfaces/lib/libcustom_interfaces__rosidl_generator_py.so\n'}
[1.333164] (custom_interfaces) StdoutLine: {'line': b'-- Up-to-date: /home/pochsathya/ros2_ws/install/custom_interfaces/share/custom_interfaces/msg/Age.idl\n'}
[1.333299] (custom_interfaces) StdoutLine: {'line': b'-- Up-to-date: /home/pochsathya/ros2_ws/install/custom_interfaces/share/custom_interfaces/msg/Age.msg\n'}
[1.333392] (custom_interfaces) StdoutLine: {'line': b'-- Up-to-date: /home/pochsathya/ros2_ws/install/custom_interfaces/share/ament_index/resource_index/package_run_dependencies/custom_interfaces\n'}
[1.333482] (custom_interfaces) StdoutLine: {'line': b'-- Up-to-date: /home/pochsathya/ros2_ws/install/custom_interfaces/share/ament_index/resource_index/parent_prefix_path/custom_interfaces\n'}
[1.333635] (custom_interfaces) StdoutLine: {'line': b'-- Up-to-date: /home/pochsathya/ros2_ws/install/custom_interfaces/share/custom_interfaces/environment/ament_prefix_path.sh\n'}
[1.333750] (custom_interfaces) StdoutLine: {'line': b'-- Up-to-date: /home/pochsathya/ros2_ws/install/custom_interfaces/share/custom_interfaces/environment/ament_prefix_path.dsv\n'}
[1.333873] (custom_interfaces) StdoutLine: {'line': b'-- Up-to-date: /home/pochsathya/ros2_ws/install/custom_interfaces/share/custom_interfaces/environment/path.sh\n'}
[1.333996] (custom_interfaces) StdoutLine: {'line': b'-- Up-to-date: /home/pochsathya/ros2_ws/install/custom_interfaces/share/custom_interfaces/environment/path.dsv\n'}
[1.334113] (custom_interfaces) StdoutLine: {'line': b'-- Up-to-date: /home/pochsathya/ros2_ws/install/custom_interfaces/share/custom_interfaces/local_setup.bash\n'}
[1.334229] (custom_interfaces) StdoutLine: {'line': b'-- Up-to-date: /home/pochsathya/ros2_ws/install/custom_interfaces/share/custom_interfaces/local_setup.sh\n'}
[1.334386] (custom_interfaces) StdoutLine: {'line': b'-- Up-to-date: /home/pochsathya/ros2_ws/install/custom_interfaces/share/custom_interfaces/local_setup.zsh\n'}
[1.334471] (custom_interfaces) StdoutLine: {'line': b'-- Up-to-date: /home/pochsathya/ros2_ws/install/custom_interfaces/share/custom_interfaces/local_setup.dsv\n'}
[1.334553] (custom_interfaces) StdoutLine: {'line': b'-- Installing: /home/pochsathya/ros2_ws/install/custom_interfaces/share/custom_interfaces/package.dsv\n'}
[1.334637] (custom_interfaces) StdoutLine: {'line': b'-- Up-to-date: /home/pochsathya/ros2_ws/install/custom_interfaces/share/ament_index/resource_index/packages/custom_interfaces\n'}
[1.334719] (custom_interfaces) StdoutLine: {'line': b'-- Up-to-date: /home/pochsathya/ros2_ws/install/custom_interfaces/share/custom_interfaces/cmake/export_custom_interfaces__rosidl_generator_cExport.cmake\n'}
[1.334802] (custom_interfaces) StdoutLine: {'line': b'-- Up-to-date: /home/pochsathya/ros2_ws/install/custom_interfaces/share/custom_interfaces/cmake/export_custom_interfaces__rosidl_generator_cExport-noconfig.cmake\n'}
[1.334889] (custom_interfaces) StdoutLine: {'line': b'-- Up-to-date: /home/pochsathya/ros2_ws/install/custom_interfaces/share/custom_interfaces/cmake/export_custom_interfaces__rosidl_typesupport_fastrtps_cExport.cmake\n'}
[1.334975] (custom_interfaces) StdoutLine: {'line': b'-- Up-to-date: /home/pochsathya/ros2_ws/install/custom_interfaces/share/custom_interfaces/cmake/export_custom_interfaces__rosidl_typesupport_fastrtps_cExport-noconfig.cmake\n'}
[1.335050] (custom_interfaces) StdoutLine: {'line': b'-- Up-to-date: /home/pochsathya/ros2_ws/install/custom_interfaces/share/custom_interfaces/cmake/export_custom_interfaces__rosidl_generator_cppExport.cmake\n'}
[1.335127] (custom_interfaces) StdoutLine: {'line': b'-- Up-to-date: /home/pochsathya/ros2_ws/install/custom_interfaces/share/custom_interfaces/cmake/export_custom_interfaces__rosidl_typesupport_fastrtps_cppExport.cmake\n'}
[1.335203] (custom_interfaces) StdoutLine: {'line': b'-- Up-to-date: /home/pochsathya/ros2_ws/install/custom_interfaces/share/custom_interfaces/cmake/export_custom_interfaces__rosidl_typesupport_fastrtps_cppExport-noconfig.cmake\n'}
[1.335298] (custom_interfaces) StdoutLine: {'line': b'-- Up-to-date: /home/pochsathya/ros2_ws/install/custom_interfaces/share/custom_interfaces/cmake/custom_interfaces__rosidl_typesupport_introspection_cExport.cmake\n'}
[1.335380] (custom_interfaces) StdoutLine: {'line': b'-- Up-to-date: /home/pochsathya/ros2_ws/install/custom_interfaces/share/custom_interfaces/cmake/custom_interfaces__rosidl_typesupport_introspection_cExport-noconfig.cmake\n'}
[1.335456] (custom_interfaces) StdoutLine: {'line': b'-- Up-to-date: /home/pochsathya/ros2_ws/install/custom_interfaces/share/custom_interfaces/cmake/custom_interfaces__rosidl_typesupport_cExport.cmake\n'}
[1.335538] (custom_interfaces) StdoutLine: {'line': b'-- Up-to-date: /home/pochsathya/ros2_ws/install/custom_interfaces/share/custom_interfaces/cmake/custom_interfaces__rosidl_typesupport_cExport-noconfig.cmake\n'}
[1.335652] (custom_interfaces) StdoutLine: {'line': b'-- Up-to-date: /home/pochsathya/ros2_ws/install/custom_interfaces/share/custom_interfaces/cmake/custom_interfaces__rosidl_typesupport_introspection_cppExport.cmake\n'}
[1.335813] (custom_interfaces) StdoutLine: {'line': b'-- Up-to-date: /home/pochsathya/ros2_ws/install/custom_interfaces/share/custom_interfaces/cmake/custom_interfaces__rosidl_typesupport_introspection_cppExport-noconfig.cmake\n'}
[1.335958] (custom_interfaces) StdoutLine: {'line': b'-- Up-to-date: /home/pochsathya/ros2_ws/install/custom_interfaces/share/custom_interfaces/cmake/custom_interfaces__rosidl_typesupport_cppExport.cmake\n'}
[1.336040] (custom_interfaces) StdoutLine: {'line': b'-- Up-to-date: /home/pochsathya/ros2_ws/install/custom_interfaces/share/custom_interfaces/cmake/custom_interfaces__rosidl_typesupport_cppExport-noconfig.cmake\n'}
[1.336120] (custom_interfaces) StdoutLine: {'line': b'-- Up-to-date: /home/pochsathya/ros2_ws/install/custom_interfaces/share/custom_interfaces/cmake/export_custom_interfaces__rosidl_generator_pyExport.cmake\n'}
[1.336199] (custom_interfaces) StdoutLine: {'line': b'-- Up-to-date: /home/pochsathya/ros2_ws/install/custom_interfaces/share/custom_interfaces/cmake/export_custom_interfaces__rosidl_generator_pyExport-noconfig.cmake\n'}
[1.336471] (custom_interfaces) StdoutLine: {'line': b'-- Up-to-date: /home/pochsathya/ros2_ws/install/custom_interfaces/share/custom_interfaces/cmake/rosidl_cmake-extras.cmake\n'}
[1.337035] (custom_interfaces) StdoutLine: {'line': b'-- Up-to-date: /home/pochsathya/ros2_ws/install/custom_interfaces/share/custom_interfaces/cmake/ament_cmake_export_include_directories-extras.cmake\n'}
[1.337422] (custom_interfaces) StdoutLine: {'line': b'-- Up-to-date: /home/pochsathya/ros2_ws/install/custom_interfaces/share/custom_interfaces/cmake/ament_cmake_export_libraries-extras.cmake\n'}
[1.337537] (custom_interfaces) StdoutLine: {'line': b'-- Up-to-date: /home/pochsathya/ros2_ws/install/custom_interfaces/share/custom_interfaces/cmake/ament_cmake_export_targets-extras.cmake\n'}
[1.337575] (custom_interfaces) StdoutLine: {'line': b'-- Up-to-date: /home/pochsathya/ros2_ws/install/custom_interfaces/share/custom_interfaces/cmake/rosidl_cmake_export_typesupport_targets-extras.cmake\n'}
[1.337748] (custom_interfaces) StdoutLine: {'line': b'-- Up-to-date: /home/pochsathya/ros2_ws/install/custom_interfaces/share/custom_interfaces/cmake/ament_cmake_export_dependencies-extras.cmake\n'}
[1.337841] (custom_interfaces) StdoutLine: {'line': b'-- Up-to-date: /home/pochsathya/ros2_ws/install/custom_interfaces/share/custom_interfaces/cmake/rosidl_cmake_export_typesupport_libraries-extras.cmake\n'}
[1.337900] (custom_interfaces) StdoutLine: {'line': b'-- Up-to-date: /home/pochsathya/ros2_ws/install/custom_interfaces/share/custom_interfaces/cmake/custom_interfacesConfig.cmake\n'}
[1.337938] (custom_interfaces) StdoutLine: {'line': b'-- Up-to-date: /home/pochsathya/ros2_ws/install/custom_interfaces/share/custom_interfaces/cmake/custom_interfacesConfig-version.cmake\n'}
[1.337971] (custom_interfaces) StdoutLine: {'line': b'-- Up-to-date: /home/pochsathya/ros2_ws/install/custom_interfaces/share/custom_interfaces/package.xml\n'}
[1.338006] (custom_interfaces) CommandEnded: {'returncode': 0}
[1.349542] (custom_interfaces) JobEnded: {'identifier': 'custom_interfaces', 'rc': 0}
[1.350238] (example36_pkg) JobStarted: {'identifier': 'example36_pkg'}
[1.404373] (-) TimerEvent: {}
[1.504611] (-) TimerEvent: {}
[1.536975] (house_navigation_pkg) Command: {'cmd': ['/usr/bin/python3', '-W', 'ignore:setup.py install is deprecated', '-W', 'ignore:easy_install command is deprecated', 'setup.py', 'egg_info', '--egg-base', '../../build/house_navigation_pkg', 'build', '--build-base', '/home/pochsathya/ros2_ws/build/house_navigation_pkg/build', 'install', '--record', '/home/pochsathya/ros2_ws/build/house_navigation_pkg/install.log', '--single-version-externally-managed', 'install_data'], 'cwd': '/home/pochsathya/ros2_ws/src/house_navigation_pkg', 'env': {'GJS_DEBUG_TOPICS': 'JS ERROR;JS LOG', 'PYTHON_BASIC_REPL': '1', 'LESSOPEN': '| /usr/bin/lesspipe %s', 'USER': 'pochsathya', 'FONTCONFIG_PATH': '/etc/fonts', 'GIO_MODULE_DIR': '/home/pochsathya/snap/code/common/.cache/gio-modules', 'XDG_SESSION_TYPE': 'wayland', 'GIT_ASKPASS': '/snap/code/230/usr/share/code/resources/app/extensions/git/dist/askpass.sh', 'GTK_EXE_PREFIX_VSCODE_SNAP_ORIG': '', 'GDK_BACKEND_VSCODE_SNAP_ORIG': '', 'SHLVL': '1', 'LD_LIBRARY_PATH': '/home/pochsathya/ros2_ws/install/custom_interfaces/lib:/usr/lib/x86_64-linux-gnu/gazebo-11/plugins:/opt/ros/humble/opt/rviz_ogre_vendor/lib:/opt/ros/humble/lib/x86_64-linux-gnu:/opt/ros/humble/lib', 'HOME': '/home/pochsathya', 'CHROME_DESKTOP': 'code.desktop', 'LOCPATH_VSCODE_SNAP_ORIG': '', 'TERM_PROGRAM_VERSION': '1.112.0', 'DESKTOP_SESSION': 'ubuntu', 'GTK_PATH': '/snap/code/230/usr/lib/x86_64-linux-gnu/gtk-3.0', 'NVM_BIN': '/home/pochsathya/.nvm/versions/node/v24.14.0/bin', 'NVM_INC': '/home/pochsathya/.nvm/versions/node/v24.14.0/include/node', 'XDG_DATA_HOME_VSCODE_SNAP_ORIG': '', 'GTK_IM_MODULE_FILE': '/home/pochsathya/snap/code/common/.cache/immodules/immodules.cache', 'GIO_LAUNCHED_DESKTOP_FILE': '/var/lib/snapd/desktop/applications/code_code.desktop', 'ROS_PYTHON_VERSION': '3', 'GNOME_SHELL_SESSION_MODE': 'ubuntu', 'GTK_MODULES': 'gail:atk-bridge', 'GSETTINGS_SCHEMA_DIR_VSCODE_SNAP_ORIG': '', 'VSCODE_GIT_ASKPASS_MAIN': '/snap/code/230/usr/share/code/resources/app/extensions/git/dist/askpass-main.js', 'VSCODE_GIT_ASKPASS_NODE': '/snap/code/230/usr/share/code/code', 'MANAGERPID': '1939', 'PYDEVD_DISABLE_FILE_VALIDATION': '1', 'SYSTEMD_EXEC_PID': '2110', 'BUNDLED_DEBUGPY_PATH': '/home/pochsathya/.vscode/extensions/ms-python.debugpy-2025.18.0-linux-x64/bundled/libs/debugpy', 'IM_CONFIG_CHECK_ENV': '1', 'VSCODE_PYTHON_AUTOACTIVATE_GUARD': '1', 'DBUS_SESSION_BUS_ADDRESS': 'unix:path=/run/user/1000/bus', 'COLORTERM': 'truecolor', 'GIO_LAUNCHED_DESKTOP_FILE_PID': '41595', 'NVM_DIR': '/home/pochsathya/.nvm', 'IM_CONFIG_PHASE': '1', 'WAYLAND_DISPLAY': 'wayland-0', 'COLCON_PREFIX_PATH': '/home/pochsathya/ros2_ws/install:/home/pochsathya/ros2_ws/src/house_navigation_pkg/house_navigation_pkg/install', 'ROS_DISTRO': 'humble', 'LOGNAME': 'pochsathya', 'JOURNAL_STREAM': '8:5723', '_': '/usr/bin/colcon', 'ROS_VERSION': '2', 'XDG_CONFIG_DIRS_VSCODE_SNAP_ORIG': '/etc/xdg/xdg-ubuntu:/etc/xdg', 'XDG_SESSION_CLASS': 'user', 'XDG_DATA_DIRS_VSCODE_SNAP_ORIG': '/usr/share/ubuntu:/usr/local/share/:/usr/share/:/var/lib/snapd/desktop', 'USERNAME': 'pochsathya', 'TERM': 'xterm-256color', 'GNOME_DESKTOP_SESSION_ID': 'this-is-deprecated', 'FC_FONTATIONS': '1', 'ROS_LOCALHOST_ONLY': '0', 'PATH': '/home/pochsathya/.config/Code/User/globalStorage/github.copilot-chat/debugCommand:/home/pochsathya/.config/Code/User/globalStorage/github.copilot-chat/copilotCli:/home/pochsathya/.local/bin:/home/pochsathya/.nvm/versions/node/v24.14.0/bin:/opt/ros/humble/bin:/home/pochsathya/.local/bin:/usr/local/sbin:/usr/local/bin:/usr/sbin:/usr/bin:/sbin:/bin:/usr/games:/usr/local/games:/snap/bin:/snap/bin:/home/pochsathya/.vscode/extensions/ms-python.debugpy-2025.18.0-linux-x64/bundled/scripts/noConfigScripts', 'SESSION_MANAGER': 'local/pochsathya-Legion-Pro-5-16IRX8:@/tmp/.ICE-unix/2081,unix/pochsathya-Legion-Pro-5-16IRX8:/tmp/.ICE-unix/2081', 'GTK_EXE_PREFIX': '/snap/code/230/usr', 'INVOCATION_ID': 'bec8f1b216d34278993222b7f454f91b', 'XDG_MENU_PREFIX': 'gnome-', 'GNOME_SETUP_DISPLAY': ':1', 'XDG_RUNTIME_DIR': '/run/user/1000', 'GDK_BACKEND': 'x11', 'DISPLAY': ':0', 'LOCPATH': '/snap/code/230/usr/lib/locale', 'VSCODE_DEBUGPY_ADAPTER_ENDPOINTS': '/home/pochsathya/.vscode/extensions/ms-python.debugpy-2025.18.0-linux-x64/.noConfigDebugAdapterEndpoints/endpoint-2afe878aa90fcd67.txt', 'LANG': 'en_US.UTF-8', 'XDG_CURRENT_DESKTOP': 'ubuntu:GNOME', 'PYTHONSTARTUP': '/home/pochsathya/.config/Code/User/workspaceStorage/f271fc560773b7ce7087c0335d36366c/ms-python.python/pythonrc.py', 'GIO_MODULE_DIR_VSCODE_SNAP_ORIG': '', 'XDG_DATA_HOME': '/home/pochsathya/snap/code/230/.local/share', 'XMODIFIERS': '@im=ibus', 'XDG_SESSION_DESKTOP': 'ubuntu', 'XAUTHORITY': '/run/user/1000/.mutter-Xwaylandauth.YFTWM3', 'LS_COLORS': 'rs=0:di=01;34:ln=01;36:mh=00:pi=40;33:so=01;35:do=01;35:bd=40;33;01:cd=40;33;01:or=40;31;01:mi=00:su=37;41:sg=30;43:ca=30;41:tw=30;42:ow=34;42:st=37;44:ex=01;32:*.tar=01;31:*.tgz=01;31:*.arc=01;31:*.arj=01;31:*.taz=01;31:*.lha=01;31:*.lz4=01;31:*.lzh=01;31:*.lzma=01;31:*.tlz=01;31:*.txz=01;31:*.tzo=01;31:*.t7z=01;31:*.zip=01;31:*.z=01;31:*.dz=01;31:*.gz=01;31:*.lrz=01;31:*.lz=01;31:*.lzo=01;31:*.xz=01;31:*.zst=01;31:*.tzst=01;31:*.bz2=01;31:*.bz=01;31:*.tbz=01;31:*.tbz2=01;31:*.tz=01;31:*.deb=01;31:*.rpm=01;31:*.jar=01;31:*.war=01;31:*.ear=01;31:*.sar=01;31:*.rar=01;31:*.alz=01;31:*.ace=01;31:*.zoo=01;31:*.cpio=01;31:*.7z=01;31:*.rz=01;31:*.cab=01;31:*.wim=01;31:*.swm=01;31:*.dwm=01;31:*.esd=01;31:*.jpg=01;35:*.jpeg=01;35:*.mjpg=01;35:*.mjpeg=01;35:*.gif=01;35:*.bmp=01;35:*.pbm=01;35:*.pgm=01;35:*.ppm=01;35:*.tga=01;35:*.xbm=01;35:*.xpm=01;35:*.tif=01;35:*.tiff=01;35:*.png=01;35:*.svg=01;35:*.svgz=01;35:*.mng=01;35:*.pcx=01;35:*.mov=01;35:*.mpg=01;35:*.mpeg=01;35:*.m2v=01;35:*.mkv=01;35:*.webm=01;35:*.webp=01;35:*.ogm=01;35:*.mp4=01;35:*.m4v=01;35:*.mp4v=01;35:*.vob=01;35:*.qt=01;35:*.nuv=01;35:*.wmv=01;35:*.asf=01;35:*.rm=01;35:*.rmvb=01;35:*.flc=01;35:*.avi=01;35:*.fli=01;35:*.flv=01;35:*.gl=01;35:*.dl=01;35:*.xcf=01;35:*.xwd=01;35:*.yuv=01;35:*.cgm=01;35:*.emf=01;35:*.ogv=01;35:*.ogx=01;35:*.aac=00;36:*.au=00;36:*.flac=00;36:*.m4a=00;36:*.mid=00;36:*.midi=00;36:*.mka=00;36:*.mp3=00;36:*.mpc=00;36:*.ogg=00;36:*.ra=00;36:*.wav=00;36:*.oga=00;36:*.opus=00;36:*.spx=00;36:*.xspf=00;36:', 'VSCODE_GIT_IPC_HANDLE': '/run/user/1000/vscode-git-8e822459fc.sock', 'TERM_PROGRAM': 'vscode', 'SSH_AGENT_LAUNCHER': 'gnome-keyring', 'SSH_AUTH_SOCK': '/run/user/1000/keyring/ssh', 'GSETTINGS_SCHEMA_DIR': '/home/pochsathya/snap/code/230/.local/share/glib-2.0/schemas', 'AMENT_PREFIX_PATH': '/home/pochsathya/ros2_ws/install/subscriber_pkg:/home/pochsathya/ros2_ws/install/publisher_pkg:/home/pochsathya/ros2_ws/install/odometry_pkg:/home/pochsathya/ros2_ws/install/my_first_pkg:/home/pochsathya/ros2_ws/install/house_navigation_pkg:/home/pochsathya/ros2_ws/install/example36_pkg:/home/pochsathya/ros2_ws/install/custom_interfaces:/opt/ros/humble', 'SHELL': '/bin/bash', 'QT_ACCESSIBILITY': '1', 'GDMSESSION': 'ubuntu', 'LESSCLOSE': '/usr/bin/lesspipe %s %s', 'GTK_PATH_VSCODE_SNAP_ORIG': '', 'FONTCONFIG_FILE': '/etc/fonts/fonts.conf', 'GTK_IM_MODULE_FILE_VSCODE_SNAP_ORIG': '', 'GJS_DEBUG_OUTPUT': 'stderr', 'VSCODE_GIT_ASKPASS_EXTRA_ARGS': '', 'QT_IM_MODULE': 'ibus', 'PWD': '/home/pochsathya/ros2_ws/build/house_navigation_pkg', 'TURTLEBOT3_MODEL': 'burger', 'LC_ALL': 'en_US.UTF-8', 'XDG_CONFIG_DIRS': '/etc/xdg/xdg-ubuntu:/etc/xdg', 'NVM_CD_FLAGS': '', 'XDG_DATA_DIRS': '/home/pochsathya/snap/code/230/.local/share:/home/pochsathya/snap/code/230:/snap/code/230/usr/share:/usr/share/ubuntu:/usr/local/share/:/usr/share/:/var/lib/snapd/desktop', 'PYTHONPATH': '/home/pochsathya/ros2_ws/build/house_navigation_pkg/prefix_override:/usr/lib/python3/dist-packages/colcon_core/task/python/colcon_distutils_commands:/home/pochsathya/ros2_ws/install/house_navigation_pkg/lib/python3.10/site-packages:/home/pochsathya/ros2_ws/install/subscriber_pkg/lib/python3.10/site-packages:/home/pochsathya/ros2_ws/install/publisher_pkg/lib/python3.10/site-packages:/home/pochsathya/ros2_ws/install/odometry_pkg/lib/python3.10/site-packages:/home/pochsathya/ros2_ws/install/my_first_pkg/lib/python3.10/site-packages:/home/pochsathya/ros2_ws/install/house_navigation_pkg/lib/python3.10/site-packages:/home/pochsathya/ros2_ws/install/example36_pkg/lib/python3.10/site-packages:/home/pochsathya/ros2_ws/install/custom_interfaces/local/lib/python3.10/dist-packages:/opt/ros/humble/lib/python3.10/site-packages:/opt/ros/humble/local/lib/python3.10/dist-packages', 'COLCON': '1', 'CMAKE_PREFIX_PATH': '/home/pochsathya/ros2_ws/install/custom_interfaces'}, 'shell': False}
[1.537970] (publisher_pkg) Command: {'cmd': ['/usr/bin/python3', '-W', 'ignore:setup.py install is deprecated', '-W', 'ignore:easy_install command is deprecated', 'setup.py', 'egg_info', '--egg-base', '../../build/publisher_pkg', 'build', '--build-base', '/home/pochsathya/ros2_ws/build/publisher_pkg/build', 'install', '--record', '/home/pochsathya/ros2_ws/build/publisher_pkg/install.log', '--single-version-externally-managed', 'install_data'], 'cwd': '/home/pochsathya/ros2_ws/src/publisher_pkg', 'env': {'GJS_DEBUG_TOPICS': 'JS ERROR;JS LOG', 'PYTHON_BASIC_REPL': '1', 'LESSOPEN': '| /usr/bin/lesspipe %s', 'USER': 'pochsathya', 'FONTCONFIG_PATH': '/etc/fonts', 'GIO_MODULE_DIR': '/home/pochsathya/snap/code/common/.cache/gio-modules', 'XDG_SESSION_TYPE': 'wayland', 'GIT_ASKPASS': '/snap/code/230/usr/share/code/resources/app/extensions/git/dist/askpass.sh', 'GTK_EXE_PREFIX_VSCODE_SNAP_ORIG': '', 'GDK_BACKEND_VSCODE_SNAP_ORIG': '', 'SHLVL': '1', 'LD_LIBRARY_PATH': '/home/pochsathya/ros2_ws/install/custom_interfaces/lib:/usr/lib/x86_64-linux-gnu/gazebo-11/plugins:/opt/ros/humble/opt/rviz_ogre_vendor/lib:/opt/ros/humble/lib/x86_64-linux-gnu:/opt/ros/humble/lib', 'HOME': '/home/pochsathya', 'CHROME_DESKTOP': 'code.desktop', 'LOCPATH_VSCODE_SNAP_ORIG': '', 'TERM_PROGRAM_VERSION': '1.112.0', 'DESKTOP_SESSION': 'ubuntu', 'GTK_PATH': '/snap/code/230/usr/lib/x86_64-linux-gnu/gtk-3.0', 'NVM_BIN': '/home/pochsathya/.nvm/versions/node/v24.14.0/bin', 'NVM_INC': '/home/pochsathya/.nvm/versions/node/v24.14.0/include/node', 'XDG_DATA_HOME_VSCODE_SNAP_ORIG': '', 'GTK_IM_MODULE_FILE': '/home/pochsathya/snap/code/common/.cache/immodules/immodules.cache', 'GIO_LAUNCHED_DESKTOP_FILE': '/var/lib/snapd/desktop/applications/code_code.desktop', 'ROS_PYTHON_VERSION': '3', 'GNOME_SHELL_SESSION_MODE': 'ubuntu', 'GTK_MODULES': 'gail:atk-bridge', 'GSETTINGS_SCHEMA_DIR_VSCODE_SNAP_ORIG': '', 'VSCODE_GIT_ASKPASS_MAIN': '/snap/code/230/usr/share/code/resources/app/extensions/git/dist/askpass-main.js', 'VSCODE_GIT_ASKPASS_NODE': '/snap/code/230/usr/share/code/code', 'MANAGERPID': '1939', 'PYDEVD_DISABLE_FILE_VALIDATION': '1', 'SYSTEMD_EXEC_PID': '2110', 'BUNDLED_DEBUGPY_PATH': '/home/pochsathya/.vscode/extensions/ms-python.debugpy-2025.18.0-linux-x64/bundled/libs/debugpy', 'IM_CONFIG_CHECK_ENV': '1', 'VSCODE_PYTHON_AUTOACTIVATE_GUARD': '1', 'DBUS_SESSION_BUS_ADDRESS': 'unix:path=/run/user/1000/bus', 'COLORTERM': 'truecolor', 'GIO_LAUNCHED_DESKTOP_FILE_PID': '41595', 'NVM_DIR': '/home/pochsathya/.nvm', 'IM_CONFIG_PHASE': '1', 'WAYLAND_DISPLAY': 'wayland-0', 'COLCON_PREFIX_PATH': '/home/pochsathya/ros2_ws/install:/home/pochsathya/ros2_ws/src/house_navigation_pkg/house_navigation_pkg/install', 'ROS_DISTRO': 'humble', 'LOGNAME': 'pochsathya', 'JOURNAL_STREAM': '8:5723', '_': '/usr/bin/colcon', 'ROS_VERSION': '2', 'XDG_CONFIG_DIRS_VSCODE_SNAP_ORIG': '/etc/xdg/xdg-ubuntu:/etc/xdg', 'XDG_SESSION_CLASS': 'user', 'XDG_DATA_DIRS_VSCODE_SNAP_ORIG': '/usr/share/ubuntu:/usr/local/share/:/usr/share/:/var/lib/snapd/desktop', 'USERNAME': 'pochsathya', 'TERM': 'xterm-256color', 'GNOME_DESKTOP_SESSION_ID': 'this-is-deprecated', 'FC_FONTATIONS': '1', 'ROS_LOCALHOST_ONLY': '0', 'PATH': '/home/pochsathya/.config/Code/User/globalStorage/github.copilot-chat/debugCommand:/home/pochsathya/.config/Code/User/globalStorage/github.copilot-chat/copilotCli:/home/pochsathya/.local/bin:/home/pochsathya/.nvm/versions/node/v24.14.0/bin:/opt/ros/humble/bin:/home/pochsathya/.local/bin:/usr/local/sbin:/usr/local/bin:/usr/sbin:/usr/bin:/sbin:/bin:/usr/games:/usr/local/games:/snap/bin:/snap/bin:/home/pochsathya/.vscode/extensions/ms-python.debugpy-2025.18.0-linux-x64/bundled/scripts/noConfigScripts', 'SESSION_MANAGER': 'local/pochsathya-Legion-Pro-5-16IRX8:@/tmp/.ICE-unix/2081,unix/pochsathya-Legion-Pro-5-16IRX8:/tmp/.ICE-unix/2081', 'GTK_EXE_PREFIX': '/snap/code/230/usr', 'INVOCATION_ID': 'bec8f1b216d34278993222b7f454f91b', 'XDG_MENU_PREFIX': 'gnome-', 'GNOME_SETUP_DISPLAY': ':1', 'XDG_RUNTIME_DIR': '/run/user/1000', 'GDK_BACKEND': 'x11', 'DISPLAY': ':0', 'LOCPATH': '/snap/code/230/usr/lib/locale', 'VSCODE_DEBUGPY_ADAPTER_ENDPOINTS': '/home/pochsathya/.vscode/extensions/ms-python.debugpy-2025.18.0-linux-x64/.noConfigDebugAdapterEndpoints/endpoint-2afe878aa90fcd67.txt', 'LANG': 'en_US.UTF-8', 'XDG_CURRENT_DESKTOP': 'ubuntu:GNOME', 'PYTHONSTARTUP': '/home/pochsathya/.config/Code/User/workspaceStorage/f271fc560773b7ce7087c0335d36366c/ms-python.python/pythonrc.py', 'GIO_MODULE_DIR_VSCODE_SNAP_ORIG': '', 'XDG_DATA_HOME': '/home/pochsathya/snap/code/230/.local/share', 'XMODIFIERS': '@im=ibus', 'XDG_SESSION_DESKTOP': 'ubuntu', 'XAUTHORITY': '/run/user/1000/.mutter-Xwaylandauth.YFTWM3', 'LS_COLORS': 'rs=0:di=01;34:ln=01;36:mh=00:pi=40;33:so=01;35:do=01;35:bd=40;33;01:cd=40;33;01:or=40;31;01:mi=00:su=37;41:sg=30;43:ca=30;41:tw=30;42:ow=34;42:st=37;44:ex=01;32:*.tar=01;31:*.tgz=01;31:*.arc=01;31:*.arj=01;31:*.taz=01;31:*.lha=01;31:*.lz4=01;31:*.lzh=01;31:*.lzma=01;31:*.tlz=01;31:*.txz=01;31:*.tzo=01;31:*.t7z=01;31:*.zip=01;31:*.z=01;31:*.dz=01;31:*.gz=01;31:*.lrz=01;31:*.lz=01;31:*.lzo=01;31:*.xz=01;31:*.zst=01;31:*.tzst=01;31:*.bz2=01;31:*.bz=01;31:*.tbz=01;31:*.tbz2=01;31:*.tz=01;31:*.deb=01;31:*.rpm=01;31:*.jar=01;31:*.war=01;31:*.ear=01;31:*.sar=01;31:*.rar=01;31:*.alz=01;31:*.ace=01;31:*.zoo=01;31:*.cpio=01;31:*.7z=01;31:*.rz=01;31:*.cab=01;31:*.wim=01;31:*.swm=01;31:*.dwm=01;31:*.esd=01;31:*.jpg=01;35:*.jpeg=01;35:*.mjpg=01;35:*.mjpeg=01;35:*.gif=01;35:*.bmp=01;35:*.pbm=01;35:*.pgm=01;35:*.ppm=01;35:*.tga=01;35:*.xbm=01;35:*.xpm=01;35:*.tif=01;35:*.tiff=01;35:*.png=01;35:*.svg=01;35:*.svgz=01;35:*.mng=01;35:*.pcx=01;35:*.mov=01;35:*.mpg=01;35:*.mpeg=01;35:*.m2v=01;35:*.mkv=01;35:*.webm=01;35:*.webp=01;35:*.ogm=01;35:*.mp4=01;35:*.m4v=01;35:*.mp4v=01;35:*.vob=01;35:*.qt=01;35:*.nuv=01;35:*.wmv=01;35:*.asf=01;35:*.rm=01;35:*.rmvb=01;35:*.flc=01;35:*.avi=01;35:*.fli=01;35:*.flv=01;35:*.gl=01;35:*.dl=01;35:*.xcf=01;35:*.xwd=01;35:*.yuv=01;35:*.cgm=01;35:*.emf=01;35:*.ogv=01;35:*.ogx=01;35:*.aac=00;36:*.au=00;36:*.flac=00;36:*.m4a=00;36:*.mid=00;36:*.midi=00;36:*.mka=00;36:*.mp3=00;36:*.mpc=00;36:*.ogg=00;36:*.ra=00;36:*.wav=00;36:*.oga=00;36:*.opus=00;36:*.spx=00;36:*.xspf=00;36:', 'VSCODE_GIT_IPC_HANDLE': '/run/user/1000/vscode-git-8e822459fc.sock', 'TERM_PROGRAM': 'vscode', 'SSH_AGENT_LAUNCHER': 'gnome-keyring', 'SSH_AUTH_SOCK': '/run/user/1000/keyring/ssh', 'GSETTINGS_SCHEMA_DIR': '/home/pochsathya/snap/code/230/.local/share/glib-2.0/schemas', 'AMENT_PREFIX_PATH': '/home/pochsathya/ros2_ws/install/subscriber_pkg:/home/pochsathya/ros2_ws/install/publisher_pkg:/home/pochsathya/ros2_ws/install/odometry_pkg:/home/pochsathya/ros2_ws/install/my_first_pkg:/home/pochsathya/ros2_ws/install/house_navigation_pkg:/home/pochsathya/ros2_ws/install/example36_pkg:/home/pochsathya/ros2_ws/install/custom_interfaces:/opt/ros/humble', 'SHELL': '/bin/bash', 'QT_ACCESSIBILITY': '1', 'GDMSESSION': 'ubuntu', 'LESSCLOSE': '/usr/bin/lesspipe %s %s', 'GTK_PATH_VSCODE_SNAP_ORIG': '', 'FONTCONFIG_FILE': '/etc/fonts/fonts.conf', 'GTK_IM_MODULE_FILE_VSCODE_SNAP_ORIG': '', 'GJS_DEBUG_OUTPUT': 'stderr', 'VSCODE_GIT_ASKPASS_EXTRA_ARGS': '', 'QT_IM_MODULE': 'ibus', 'PWD': '/home/pochsathya/ros2_ws/build/publisher_pkg', 'TURTLEBOT3_MODEL': 'burger', 'LC_ALL': 'en_US.UTF-8', 'XDG_CONFIG_DIRS': '/etc/xdg/xdg-ubuntu:/etc/xdg', 'NVM_CD_FLAGS': '', 'XDG_DATA_DIRS': '/home/pochsathya/snap/code/230/.local/share:/home/pochsathya/snap/code/230:/snap/code/230/usr/share:/usr/share/ubuntu:/usr/local/share/:/usr/share/:/var/lib/snapd/desktop', 'PYTHONPATH': '/home/pochsathya/ros2_ws/build/publisher_pkg/prefix_override:/usr/lib/python3/dist-packages/colcon_core/task/python/colcon_distutils_commands:/home/pochsathya/ros2_ws/install/publisher_pkg/lib/python3.10/site-packages:/home/pochsathya/ros2_ws/install/subscriber_pkg/lib/python3.10/site-packages:/home/pochsathya/ros2_ws/install/publisher_pkg/lib/python3.10/site-packages:/home/pochsathya/ros2_ws/install/odometry_pkg/lib/python3.10/site-packages:/home/pochsathya/ros2_ws/install/my_first_pkg/lib/python3.10/site-packages:/home/pochsathya/ros2_ws/install/house_navigation_pkg/lib/python3.10/site-packages:/home/pochsathya/ros2_ws/install/example36_pkg/lib/python3.10/site-packages:/home/pochsathya/ros2_ws/install/custom_interfaces/local/lib/python3.10/dist-packages:/opt/ros/humble/lib/python3.10/site-packages:/opt/ros/humble/local/lib/python3.10/dist-packages', 'COLCON': '1', 'CMAKE_PREFIX_PATH': '/home/pochsathya/ros2_ws/install/custom_interfaces'}, 'shell': False}
[1.539564] (subscriber_pkg) Command: {'cmd': ['/usr/bin/python3', '-W', 'ignore:setup.py install is deprecated', '-W', 'ignore:easy_install command is deprecated', 'setup.py', 'egg_info', '--egg-base', '../../build/subscriber_pkg', 'build', '--build-base', '/home/pochsathya/ros2_ws/build/subscriber_pkg/build', 'install', '--record', '/home/pochsathya/ros2_ws/build/subscriber_pkg/install.log', '--single-version-externally-managed', 'install_data'], 'cwd': '/home/pochsathya/ros2_ws/src/subscriber_pkg', 'env': {'GJS_DEBUG_TOPICS': 'JS ERROR;JS LOG', 'PYTHON_BASIC_REPL': '1', 'LESSOPEN': '| /usr/bin/lesspipe %s', 'USER': 'pochsathya', 'FONTCONFIG_PATH': '/etc/fonts', 'GIO_MODULE_DIR': '/home/pochsathya/snap/code/common/.cache/gio-modules', 'XDG_SESSION_TYPE': 'wayland', 'GIT_ASKPASS': '/snap/code/230/usr/share/code/resources/app/extensions/git/dist/askpass.sh', 'GTK_EXE_PREFIX_VSCODE_SNAP_ORIG': '', 'GDK_BACKEND_VSCODE_SNAP_ORIG': '', 'SHLVL': '1', 'LD_LIBRARY_PATH': '/home/pochsathya/ros2_ws/install/custom_interfaces/lib:/usr/lib/x86_64-linux-gnu/gazebo-11/plugins:/opt/ros/humble/opt/rviz_ogre_vendor/lib:/opt/ros/humble/lib/x86_64-linux-gnu:/opt/ros/humble/lib', 'HOME': '/home/pochsathya', 'CHROME_DESKTOP': 'code.desktop', 'LOCPATH_VSCODE_SNAP_ORIG': '', 'TERM_PROGRAM_VERSION': '1.112.0', 'DESKTOP_SESSION': 'ubuntu', 'GTK_PATH': '/snap/code/230/usr/lib/x86_64-linux-gnu/gtk-3.0', 'NVM_BIN': '/home/pochsathya/.nvm/versions/node/v24.14.0/bin', 'NVM_INC': '/home/pochsathya/.nvm/versions/node/v24.14.0/include/node', 'XDG_DATA_HOME_VSCODE_SNAP_ORIG': '', 'GTK_IM_MODULE_FILE': '/home/pochsathya/snap/code/common/.cache/immodules/immodules.cache', 'GIO_LAUNCHED_DESKTOP_FILE': '/var/lib/snapd/desktop/applications/code_code.desktop', 'ROS_PYTHON_VERSION': '3', 'GNOME_SHELL_SESSION_MODE': 'ubuntu', 'GTK_MODULES': 'gail:atk-bridge', 'GSETTINGS_SCHEMA_DIR_VSCODE_SNAP_ORIG': '', 'VSCODE_GIT_ASKPASS_MAIN': '/snap/code/230/usr/share/code/resources/app/extensions/git/dist/askpass-main.js', 'VSCODE_GIT_ASKPASS_NODE': '/snap/code/230/usr/share/code/code', 'MANAGERPID': '1939', 'PYDEVD_DISABLE_FILE_VALIDATION': '1', 'SYSTEMD_EXEC_PID': '2110', 'BUNDLED_DEBUGPY_PATH': '/home/pochsathya/.vscode/extensions/ms-python.debugpy-2025.18.0-linux-x64/bundled/libs/debugpy', 'IM_CONFIG_CHECK_ENV': '1', 'VSCODE_PYTHON_AUTOACTIVATE_GUARD': '1', 'DBUS_SESSION_BUS_ADDRESS': 'unix:path=/run/user/1000/bus', 'COLORTERM': 'truecolor', 'GIO_LAUNCHED_DESKTOP_FILE_PID': '41595', 'NVM_DIR': '/home/pochsathya/.nvm', 'IM_CONFIG_PHASE': '1', 'WAYLAND_DISPLAY': 'wayland-0', 'COLCON_PREFIX_PATH': '/home/pochsathya/ros2_ws/install:/home/pochsathya/ros2_ws/src/house_navigation_pkg/house_navigation_pkg/install', 'ROS_DISTRO': 'humble', 'LOGNAME': 'pochsathya', 'JOURNAL_STREAM': '8:5723', '_': '/usr/bin/colcon', 'ROS_VERSION': '2', 'XDG_CONFIG_DIRS_VSCODE_SNAP_ORIG': '/etc/xdg/xdg-ubuntu:/etc/xdg', 'XDG_SESSION_CLASS': 'user', 'XDG_DATA_DIRS_VSCODE_SNAP_ORIG': '/usr/share/ubuntu:/usr/local/share/:/usr/share/:/var/lib/snapd/desktop', 'USERNAME': 'pochsathya', 'TERM': 'xterm-256color', 'GNOME_DESKTOP_SESSION_ID': 'this-is-deprecated', 'FC_FONTATIONS': '1', 'ROS_LOCALHOST_ONLY': '0', 'PATH': '/home/pochsathya/.config/Code/User/globalStorage/github.copilot-chat/debugCommand:/home/pochsathya/.config/Code/User/globalStorage/github.copilot-chat/copilotCli:/home/pochsathya/.local/bin:/home/pochsathya/.nvm/versions/node/v24.14.0/bin:/opt/ros/humble/bin:/home/pochsathya/.local/bin:/usr/local/sbin:/usr/local/bin:/usr/sbin:/usr/bin:/sbin:/bin:/usr/games:/usr/local/games:/snap/bin:/snap/bin:/home/pochsathya/.vscode/extensions/ms-python.debugpy-2025.18.0-linux-x64/bundled/scripts/noConfigScripts', 'SESSION_MANAGER': 'local/pochsathya-Legion-Pro-5-16IRX8:@/tmp/.ICE-unix/2081,unix/pochsathya-Legion-Pro-5-16IRX8:/tmp/.ICE-unix/2081', 'GTK_EXE_PREFIX': '/snap/code/230/usr', 'INVOCATION_ID': 'bec8f1b216d34278993222b7f454f91b', 'XDG_MENU_PREFIX': 'gnome-', 'GNOME_SETUP_DISPLAY': ':1', 'XDG_RUNTIME_DIR': '/run/user/1000', 'GDK_BACKEND': 'x11', 'DISPLAY': ':0', 'LOCPATH': '/snap/code/230/usr/lib/locale', 'VSCODE_DEBUGPY_ADAPTER_ENDPOINTS': '/home/pochsathya/.vscode/extensions/ms-python.debugpy-2025.18.0-linux-x64/.noConfigDebugAdapterEndpoints/endpoint-2afe878aa90fcd67.txt', 'LANG': 'en_US.UTF-8', 'XDG_CURRENT_DESKTOP': 'ubuntu:GNOME', 'PYTHONSTARTUP': '/home/pochsathya/.config/Code/User/workspaceStorage/f271fc560773b7ce7087c0335d36366c/ms-python.python/pythonrc.py', 'GIO_MODULE_DIR_VSCODE_SNAP_ORIG': '', 'XDG_DATA_HOME': '/home/pochsathya/snap/code/230/.local/share', 'XMODIFIERS': '@im=ibus', 'XDG_SESSION_DESKTOP': 'ubuntu', 'XAUTHORITY': '/run/user/1000/.mutter-Xwaylandauth.YFTWM3', 'LS_COLORS': 'rs=0:di=01;34:ln=01;36:mh=00:pi=40;33:so=01;35:do=01;35:bd=40;33;01:cd=40;33;01:or=40;31;01:mi=00:su=37;41:sg=30;43:ca=30;41:tw=30;42:ow=34;42:st=37;44:ex=01;32:*.tar=01;31:*.tgz=01;31:*.arc=01;31:*.arj=01;31:*.taz=01;31:*.lha=01;31:*.lz4=01;31:*.lzh=01;31:*.lzma=01;31:*.tlz=01;31:*.txz=01;31:*.tzo=01;31:*.t7z=01;31:*.zip=01;31:*.z=01;31:*.dz=01;31:*.gz=01;31:*.lrz=01;31:*.lz=01;31:*.lzo=01;31:*.xz=01;31:*.zst=01;31:*.tzst=01;31:*.bz2=01;31:*.bz=01;31:*.tbz=01;31:*.tbz2=01;31:*.tz=01;31:*.deb=01;31:*.rpm=01;31:*.jar=01;31:*.war=01;31:*.ear=01;31:*.sar=01;31:*.rar=01;31:*.alz=01;31:*.ace=01;31:*.zoo=01;31:*.cpio=01;31:*.7z=01;31:*.rz=01;31:*.cab=01;31:*.wim=01;31:*.swm=01;31:*.dwm=01;31:*.esd=01;31:*.jpg=01;35:*.jpeg=01;35:*.mjpg=01;35:*.mjpeg=01;35:*.gif=01;35:*.bmp=01;35:*.pbm=01;35:*.pgm=01;35:*.ppm=01;35:*.tga=01;35:*.xbm=01;35:*.xpm=01;35:*.tif=01;35:*.tiff=01;35:*.png=01;35:*.svg=01;35:*.svgz=01;35:*.mng=01;35:*.pcx=01;35:*.mov=01;35:*.mpg=01;35:*.mpeg=01;35:*.m2v=01;35:*.mkv=01;35:*.webm=01;35:*.webp=01;35:*.ogm=01;35:*.mp4=01;35:*.m4v=01;35:*.mp4v=01;35:*.vob=01;35:*.qt=01;35:*.nuv=01;35:*.wmv=01;35:*.asf=01;35:*.rm=01;35:*.rmvb=01;35:*.flc=01;35:*.avi=01;35:*.fli=01;35:*.flv=01;35:*.gl=01;35:*.dl=01;35:*.xcf=01;35:*.xwd=01;35:*.yuv=01;35:*.cgm=01;35:*.emf=01;35:*.ogv=01;35:*.ogx=01;35:*.aac=00;36:*.au=00;36:*.flac=00;36:*.m4a=00;36:*.mid=00;36:*.midi=00;36:*.mka=00;36:*.mp3=00;36:*.mpc=00;36:*.ogg=00;36:*.ra=00;36:*.wav=00;36:*.oga=00;36:*.opus=00;36:*.spx=00;36:*.xspf=00;36:', 'VSCODE_GIT_IPC_HANDLE': '/run/user/1000/vscode-git-8e822459fc.sock', 'TERM_PROGRAM': 'vscode', 'SSH_AGENT_LAUNCHER': 'gnome-keyring', 'SSH_AUTH_SOCK': '/run/user/1000/keyring/ssh', 'GSETTINGS_SCHEMA_DIR': '/home/pochsathya/snap/code/230/.local/share/glib-2.0/schemas', 'AMENT_PREFIX_PATH': '/home/pochsathya/ros2_ws/install/subscriber_pkg:/home/pochsathya/ros2_ws/install/publisher_pkg:/home/pochsathya/ros2_ws/install/odometry_pkg:/home/pochsathya/ros2_ws/install/my_first_pkg:/home/pochsathya/ros2_ws/install/house_navigation_pkg:/home/pochsathya/ros2_ws/install/example36_pkg:/home/pochsathya/ros2_ws/install/custom_interfaces:/opt/ros/humble', 'SHELL': '/bin/bash', 'QT_ACCESSIBILITY': '1', 'GDMSESSION': 'ubuntu', 'LESSCLOSE': '/usr/bin/lesspipe %s %s', 'GTK_PATH_VSCODE_SNAP_ORIG': '', 'FONTCONFIG_FILE': '/etc/fonts/fonts.conf', 'GTK_IM_MODULE_FILE_VSCODE_SNAP_ORIG': '', 'GJS_DEBUG_OUTPUT': 'stderr', 'VSCODE_GIT_ASKPASS_EXTRA_ARGS': '', 'QT_IM_MODULE': 'ibus', 'PWD': '/home/pochsathya/ros2_ws/build/subscriber_pkg', 'TURTLEBOT3_MODEL': 'burger', 'LC_ALL': 'en_US.UTF-8', 'XDG_CONFIG_DIRS': '/etc/xdg/xdg-ubuntu:/etc/xdg', 'NVM_CD_FLAGS': '', 'XDG_DATA_DIRS': '/home/pochsathya/snap/code/230/.local/share:/home/pochsathya/snap/code/230:/snap/code/230/usr/share:/usr/share/ubuntu:/usr/local/share/:/usr/share/:/var/lib/snapd/desktop', 'PYTHONPATH': '/home/pochsathya/ros2_ws/build/subscriber_pkg/prefix_override:/usr/lib/python3/dist-packages/colcon_core/task/python/colcon_distutils_commands:/home/pochsathya/ros2_ws/install/subscriber_pkg/lib/python3.10/site-packages:/home/pochsathya/ros2_ws/install/subscriber_pkg/lib/python3.10/site-packages:/home/pochsathya/ros2_ws/install/publisher_pkg/lib/python3.10/site-packages:/home/pochsathya/ros2_ws/install/odometry_pkg/lib/python3.10/site-packages:/home/pochsathya/ros2_ws/install/my_first_pkg/lib/python3.10/site-packages:/home/pochsathya/ros2_ws/install/house_navigation_pkg/lib/python3.10/site-packages:/home/pochsathya/ros2_ws/install/example36_pkg/lib/python3.10/site-packages:/home/pochsathya/ros2_ws/install/custom_interfaces/local/lib/python3.10/dist-packages:/opt/ros/humble/lib/python3.10/site-packages:/opt/ros/humble/local/lib/python3.10/dist-packages', 'COLCON': '1', 'CMAKE_PREFIX_PATH': '/home/pochsathya/ros2_ws/install/custom_interfaces'}, 'shell': False}
[1.540905] (odometry_pkg) Command: {'cmd': ['/usr/bin/python3', '-W', 'ignore:setup.py install is deprecated', '-W', 'ignore:easy_install command is deprecated', 'setup.py', 'egg_info', '--egg-base', '../../build/odometry_pkg', 'build', '--build-base', '/home/pochsathya/ros2_ws/build/odometry_pkg/build', 'install', '--record', '/home/pochsathya/ros2_ws/build/odometry_pkg/install.log', '--single-version-externally-managed', 'install_data'], 'cwd': '/home/pochsathya/ros2_ws/src/odometry_pkg', 'env': {'GJS_DEBUG_TOPICS': 'JS ERROR;JS LOG', 'PYTHON_BASIC_REPL': '1', 'LESSOPEN': '| /usr/bin/lesspipe %s', 'USER': 'pochsathya', 'FONTCONFIG_PATH': '/etc/fonts', 'GIO_MODULE_DIR': '/home/pochsathya/snap/code/common/.cache/gio-modules', 'XDG_SESSION_TYPE': 'wayland', 'GIT_ASKPASS': '/snap/code/230/usr/share/code/resources/app/extensions/git/dist/askpass.sh', 'GTK_EXE_PREFIX_VSCODE_SNAP_ORIG': '', 'GDK_BACKEND_VSCODE_SNAP_ORIG': '', 'SHLVL': '1', 'LD_LIBRARY_PATH': '/home/pochsathya/ros2_ws/install/custom_interfaces/lib:/usr/lib/x86_64-linux-gnu/gazebo-11/plugins:/opt/ros/humble/opt/rviz_ogre_vendor/lib:/opt/ros/humble/lib/x86_64-linux-gnu:/opt/ros/humble/lib', 'HOME': '/home/pochsathya', 'CHROME_DESKTOP': 'code.desktop', 'LOCPATH_VSCODE_SNAP_ORIG': '', 'TERM_PROGRAM_VERSION': '1.112.0', 'DESKTOP_SESSION': 'ubuntu', 'GTK_PATH': '/snap/code/230/usr/lib/x86_64-linux-gnu/gtk-3.0', 'NVM_BIN': '/home/pochsathya/.nvm/versions/node/v24.14.0/bin', 'NVM_INC': '/home/pochsathya/.nvm/versions/node/v24.14.0/include/node', 'XDG_DATA_HOME_VSCODE_SNAP_ORIG': '', 'GTK_IM_MODULE_FILE': '/home/pochsathya/snap/code/common/.cache/immodules/immodules.cache', 'GIO_LAUNCHED_DESKTOP_FILE': '/var/lib/snapd/desktop/applications/code_code.desktop', 'ROS_PYTHON_VERSION': '3', 'GNOME_SHELL_SESSION_MODE': 'ubuntu', 'GTK_MODULES': 'gail:atk-bridge', 'GSETTINGS_SCHEMA_DIR_VSCODE_SNAP_ORIG': '', 'VSCODE_GIT_ASKPASS_MAIN': '/snap/code/230/usr/share/code/resources/app/extensions/git/dist/askpass-main.js', 'VSCODE_GIT_ASKPASS_NODE': '/snap/code/230/usr/share/code/code', 'MANAGERPID': '1939', 'PYDEVD_DISABLE_FILE_VALIDATION': '1', 'SYSTEMD_EXEC_PID': '2110', 'BUNDLED_DEBUGPY_PATH': '/home/pochsathya/.vscode/extensions/ms-python.debugpy-2025.18.0-linux-x64/bundled/libs/debugpy', 'IM_CONFIG_CHECK_ENV': '1', 'VSCODE_PYTHON_AUTOACTIVATE_GUARD': '1', 'DBUS_SESSION_BUS_ADDRESS': 'unix:path=/run/user/1000/bus', 'COLORTERM': 'truecolor', 'GIO_LAUNCHED_DESKTOP_FILE_PID': '41595', 'NVM_DIR': '/home/pochsathya/.nvm', 'IM_CONFIG_PHASE': '1', 'WAYLAND_DISPLAY': 'wayland-0', 'COLCON_PREFIX_PATH': '/home/pochsathya/ros2_ws/install:/home/pochsathya/ros2_ws/src/house_navigation_pkg/house_navigation_pkg/install', 'ROS_DISTRO': 'humble', 'LOGNAME': 'pochsathya', 'JOURNAL_STREAM': '8:5723', '_': '/usr/bin/colcon', 'ROS_VERSION': '2', 'XDG_CONFIG_DIRS_VSCODE_SNAP_ORIG': '/etc/xdg/xdg-ubuntu:/etc/xdg', 'XDG_SESSION_CLASS': 'user', 'XDG_DATA_DIRS_VSCODE_SNAP_ORIG': '/usr/share/ubuntu:/usr/local/share/:/usr/share/:/var/lib/snapd/desktop', 'USERNAME': 'pochsathya', 'TERM': 'xterm-256color', 'GNOME_DESKTOP_SESSION_ID': 'this-is-deprecated', 'FC_FONTATIONS': '1', 'ROS_LOCALHOST_ONLY': '0', 'PATH': '/home/pochsathya/.config/Code/User/globalStorage/github.copilot-chat/debugCommand:/home/pochsathya/.config/Code/User/globalStorage/github.copilot-chat/copilotCli:/home/pochsathya/.local/bin:/home/pochsathya/.nvm/versions/node/v24.14.0/bin:/opt/ros/humble/bin:/home/pochsathya/.local/bin:/usr/local/sbin:/usr/local/bin:/usr/sbin:/usr/bin:/sbin:/bin:/usr/games:/usr/local/games:/snap/bin:/snap/bin:/home/pochsathya/.vscode/extensions/ms-python.debugpy-2025.18.0-linux-x64/bundled/scripts/noConfigScripts', 'SESSION_MANAGER': 'local/pochsathya-Legion-Pro-5-16IRX8:@/tmp/.ICE-unix/2081,unix/pochsathya-Legion-Pro-5-16IRX8:/tmp/.ICE-unix/2081', 'GTK_EXE_PREFIX': '/snap/code/230/usr', 'INVOCATION_ID': 'bec8f1b216d34278993222b7f454f91b', 'XDG_MENU_PREFIX': 'gnome-', 'GNOME_SETUP_DISPLAY': ':1', 'XDG_RUNTIME_DIR': '/run/user/1000', 'GDK_BACKEND': 'x11', 'DISPLAY': ':0', 'LOCPATH': '/snap/code/230/usr/lib/locale', 'VSCODE_DEBUGPY_ADAPTER_ENDPOINTS': '/home/pochsathya/.vscode/extensions/ms-python.debugpy-2025.18.0-linux-x64/.noConfigDebugAdapterEndpoints/endpoint-2afe878aa90fcd67.txt', 'LANG': 'en_US.UTF-8', 'XDG_CURRENT_DESKTOP': 'ubuntu:GNOME', 'PYTHONSTARTUP': '/home/pochsathya/.config/Code/User/workspaceStorage/f271fc560773b7ce7087c0335d36366c/ms-python.python/pythonrc.py', 'GIO_MODULE_DIR_VSCODE_SNAP_ORIG': '', 'XDG_DATA_HOME': '/home/pochsathya/snap/code/230/.local/share', 'XMODIFIERS': '@im=ibus', 'XDG_SESSION_DESKTOP': 'ubuntu', 'XAUTHORITY': '/run/user/1000/.mutter-Xwaylandauth.YFTWM3', 'LS_COLORS': 'rs=0:di=01;34:ln=01;36:mh=00:pi=40;33:so=01;35:do=01;35:bd=40;33;01:cd=40;33;01:or=40;31;01:mi=00:su=37;41:sg=30;43:ca=30;41:tw=30;42:ow=34;42:st=37;44:ex=01;32:*.tar=01;31:*.tgz=01;31:*.arc=01;31:*.arj=01;31:*.taz=01;31:*.lha=01;31:*.lz4=01;31:*.lzh=01;31:*.lzma=01;31:*.tlz=01;31:*.txz=01;31:*.tzo=01;31:*.t7z=01;31:*.zip=01;31:*.z=01;31:*.dz=01;31:*.gz=01;31:*.lrz=01;31:*.lz=01;31:*.lzo=01;31:*.xz=01;31:*.zst=01;31:*.tzst=01;31:*.bz2=01;31:*.bz=01;31:*.tbz=01;31:*.tbz2=01;31:*.tz=01;31:*.deb=01;31:*.rpm=01;31:*.jar=01;31:*.war=01;31:*.ear=01;31:*.sar=01;31:*.rar=01;31:*.alz=01;31:*.ace=01;31:*.zoo=01;31:*.cpio=01;31:*.7z=01;31:*.rz=01;31:*.cab=01;31:*.wim=01;31:*.swm=01;31:*.dwm=01;31:*.esd=01;31:*.jpg=01;35:*.jpeg=01;35:*.mjpg=01;35:*.mjpeg=01;35:*.gif=01;35:*.bmp=01;35:*.pbm=01;35:*.pgm=01;35:*.ppm=01;35:*.tga=01;35:*.xbm=01;35:*.xpm=01;35:*.tif=01;35:*.tiff=01;35:*.png=01;35:*.svg=01;35:*.svgz=01;35:*.mng=01;35:*.pcx=01;35:*.mov=01;35:*.mpg=01;35:*.mpeg=01;35:*.m2v=01;35:*.mkv=01;35:*.webm=01;35:*.webp=01;35:*.ogm=01;35:*.mp4=01;35:*.m4v=01;35:*.mp4v=01;35:*.vob=01;35:*.qt=01;35:*.nuv=01;35:*.wmv=01;35:*.asf=01;35:*.rm=01;35:*.rmvb=01;35:*.flc=01;35:*.avi=01;35:*.fli=01;35:*.flv=01;35:*.gl=01;35:*.dl=01;35:*.xcf=01;35:*.xwd=01;35:*.yuv=01;35:*.cgm=01;35:*.emf=01;35:*.ogv=01;35:*.ogx=01;35:*.aac=00;36:*.au=00;36:*.flac=00;36:*.m4a=00;36:*.mid=00;36:*.midi=00;36:*.mka=00;36:*.mp3=00;36:*.mpc=00;36:*.ogg=00;36:*.ra=00;36:*.wav=00;36:*.oga=00;36:*.opus=00;36:*.spx=00;36:*.xspf=00;36:', 'VSCODE_GIT_IPC_HANDLE': '/run/user/1000/vscode-git-8e822459fc.sock', 'TERM_PROGRAM': 'vscode', 'SSH_AGENT_LAUNCHER': 'gnome-keyring', 'SSH_AUTH_SOCK': '/run/user/1000/keyring/ssh', 'GSETTINGS_SCHEMA_DIR': '/home/pochsathya/snap/code/230/.local/share/glib-2.0/schemas', 'AMENT_PREFIX_PATH': '/home/pochsathya/ros2_ws/install/subscriber_pkg:/home/pochsathya/ros2_ws/install/publisher_pkg:/home/pochsathya/ros2_ws/install/odometry_pkg:/home/pochsathya/ros2_ws/install/my_first_pkg:/home/pochsathya/ros2_ws/install/house_navigation_pkg:/home/pochsathya/ros2_ws/install/example36_pkg:/home/pochsathya/ros2_ws/install/custom_interfaces:/opt/ros/humble', 'SHELL': '/bin/bash', 'QT_ACCESSIBILITY': '1', 'GDMSESSION': 'ubuntu', 'LESSCLOSE': '/usr/bin/lesspipe %s %s', 'GTK_PATH_VSCODE_SNAP_ORIG': '', 'FONTCONFIG_FILE': '/etc/fonts/fonts.conf', 'GTK_IM_MODULE_FILE_VSCODE_SNAP_ORIG': '', 'GJS_DEBUG_OUTPUT': 'stderr', 'VSCODE_GIT_ASKPASS_EXTRA_ARGS': '', 'QT_IM_MODULE': 'ibus', 'PWD': '/home/pochsathya/ros2_ws/build/odometry_pkg', 'TURTLEBOT3_MODEL': 'burger', 'LC_ALL': 'en_US.UTF-8', 'XDG_CONFIG_DIRS': '/etc/xdg/xdg-ubuntu:/etc/xdg', 'NVM_CD_FLAGS': '', 'XDG_DATA_DIRS': '/home/pochsathya/snap/code/230/.local/share:/home/pochsathya/snap/code/230:/snap/code/230/usr/share:/usr/share/ubuntu:/usr/local/share/:/usr/share/:/var/lib/snapd/desktop', 'PYTHONPATH': '/home/pochsathya/ros2_ws/build/odometry_pkg/prefix_override:/usr/lib/python3/dist-packages/colcon_core/task/python/colcon_distutils_commands:/home/pochsathya/ros2_ws/install/odometry_pkg/lib/python3.10/site-packages:/home/pochsathya/ros2_ws/install/subscriber_pkg/lib/python3.10/site-packages:/home/pochsathya/ros2_ws/install/publisher_pkg/lib/python3.10/site-packages:/home/pochsathya/ros2_ws/install/odometry_pkg/lib/python3.10/site-packages:/home/pochsathya/ros2_ws/install/my_first_pkg/lib/python3.10/site-packages:/home/pochsathya/ros2_ws/install/house_navigation_pkg/lib/python3.10/site-packages:/home/pochsathya/ros2_ws/install/example36_pkg/lib/python3.10/site-packages:/home/pochsathya/ros2_ws/install/custom_interfaces/local/lib/python3.10/dist-packages:/opt/ros/humble/lib/python3.10/site-packages:/opt/ros/humble/local/lib/python3.10/dist-packages', 'COLCON': '1', 'CMAKE_PREFIX_PATH': '/home/pochsathya/ros2_ws/install/custom_interfaces'}, 'shell': False}
[1.542406] (my_first_pkg) Command: {'cmd': ['/usr/bin/python3', '-W', 'ignore:setup.py install is deprecated', '-W', 'ignore:easy_install command is deprecated', 'setup.py', 'egg_info', '--egg-base', '../../build/my_first_pkg', 'build', '--build-base', '/home/pochsathya/ros2_ws/build/my_first_pkg/build', 'install', '--record', '/home/pochsathya/ros2_ws/build/my_first_pkg/install.log', '--single-version-externally-managed', 'install_data'], 'cwd': '/home/pochsathya/ros2_ws/src/my_first_pkg', 'env': {'GJS_DEBUG_TOPICS': 'JS ERROR;JS LOG', 'PYTHON_BASIC_REPL': '1', 'LESSOPEN': '| /usr/bin/lesspipe %s', 'USER': 'pochsathya', 'FONTCONFIG_PATH': '/etc/fonts', 'GIO_MODULE_DIR': '/home/pochsathya/snap/code/common/.cache/gio-modules', 'XDG_SESSION_TYPE': 'wayland', 'GIT_ASKPASS': '/snap/code/230/usr/share/code/resources/app/extensions/git/dist/askpass.sh', 'GTK_EXE_PREFIX_VSCODE_SNAP_ORIG': '', 'GDK_BACKEND_VSCODE_SNAP_ORIG': '', 'SHLVL': '1', 'LD_LIBRARY_PATH': '/home/pochsathya/ros2_ws/install/custom_interfaces/lib:/usr/lib/x86_64-linux-gnu/gazebo-11/plugins:/opt/ros/humble/opt/rviz_ogre_vendor/lib:/opt/ros/humble/lib/x86_64-linux-gnu:/opt/ros/humble/lib', 'HOME': '/home/pochsathya', 'CHROME_DESKTOP': 'code.desktop', 'LOCPATH_VSCODE_SNAP_ORIG': '', 'TERM_PROGRAM_VERSION': '1.112.0', 'DESKTOP_SESSION': 'ubuntu', 'GTK_PATH': '/snap/code/230/usr/lib/x86_64-linux-gnu/gtk-3.0', 'NVM_BIN': '/home/pochsathya/.nvm/versions/node/v24.14.0/bin', 'NVM_INC': '/home/pochsathya/.nvm/versions/node/v24.14.0/include/node', 'XDG_DATA_HOME_VSCODE_SNAP_ORIG': '', 'GTK_IM_MODULE_FILE': '/home/pochsathya/snap/code/common/.cache/immodules/immodules.cache', 'GIO_LAUNCHED_DESKTOP_FILE': '/var/lib/snapd/desktop/applications/code_code.desktop', 'ROS_PYTHON_VERSION': '3', 'GNOME_SHELL_SESSION_MODE': 'ubuntu', 'GTK_MODULES': 'gail:atk-bridge', 'GSETTINGS_SCHEMA_DIR_VSCODE_SNAP_ORIG': '', 'VSCODE_GIT_ASKPASS_MAIN': '/snap/code/230/usr/share/code/resources/app/extensions/git/dist/askpass-main.js', 'VSCODE_GIT_ASKPASS_NODE': '/snap/code/230/usr/share/code/code', 'MANAGERPID': '1939', 'PYDEVD_DISABLE_FILE_VALIDATION': '1', 'SYSTEMD_EXEC_PID': '2110', 'BUNDLED_DEBUGPY_PATH': '/home/pochsathya/.vscode/extensions/ms-python.debugpy-2025.18.0-linux-x64/bundled/libs/debugpy', 'IM_CONFIG_CHECK_ENV': '1', 'VSCODE_PYTHON_AUTOACTIVATE_GUARD': '1', 'DBUS_SESSION_BUS_ADDRESS': 'unix:path=/run/user/1000/bus', 'COLORTERM': 'truecolor', 'GIO_LAUNCHED_DESKTOP_FILE_PID': '41595', 'NVM_DIR': '/home/pochsathya/.nvm', 'IM_CONFIG_PHASE': '1', 'WAYLAND_DISPLAY': 'wayland-0', 'COLCON_PREFIX_PATH': '/home/pochsathya/ros2_ws/install:/home/pochsathya/ros2_ws/src/house_navigation_pkg/house_navigation_pkg/install', 'ROS_DISTRO': 'humble', 'LOGNAME': 'pochsathya', 'JOURNAL_STREAM': '8:5723', '_': '/usr/bin/colcon', 'ROS_VERSION': '2', 'XDG_CONFIG_DIRS_VSCODE_SNAP_ORIG': '/etc/xdg/xdg-ubuntu:/etc/xdg', 'XDG_SESSION_CLASS': 'user', 'XDG_DATA_DIRS_VSCODE_SNAP_ORIG': '/usr/share/ubuntu:/usr/local/share/:/usr/share/:/var/lib/snapd/desktop', 'USERNAME': 'pochsathya', 'TERM': 'xterm-256color', 'GNOME_DESKTOP_SESSION_ID': 'this-is-deprecated', 'FC_FONTATIONS': '1', 'ROS_LOCALHOST_ONLY': '0', 'PATH': '/home/pochsathya/.config/Code/User/globalStorage/github.copilot-chat/debugCommand:/home/pochsathya/.config/Code/User/globalStorage/github.copilot-chat/copilotCli:/home/pochsathya/.local/bin:/home/pochsathya/.nvm/versions/node/v24.14.0/bin:/opt/ros/humble/bin:/home/pochsathya/.local/bin:/usr/local/sbin:/usr/local/bin:/usr/sbin:/usr/bin:/sbin:/bin:/usr/games:/usr/local/games:/snap/bin:/snap/bin:/home/pochsathya/.vscode/extensions/ms-python.debugpy-2025.18.0-linux-x64/bundled/scripts/noConfigScripts', 'SESSION_MANAGER': 'local/pochsathya-Legion-Pro-5-16IRX8:@/tmp/.ICE-unix/2081,unix/pochsathya-Legion-Pro-5-16IRX8:/tmp/.ICE-unix/2081', 'GTK_EXE_PREFIX': '/snap/code/230/usr', 'INVOCATION_ID': 'bec8f1b216d34278993222b7f454f91b', 'XDG_MENU_PREFIX': 'gnome-', 'GNOME_SETUP_DISPLAY': ':1', 'XDG_RUNTIME_DIR': '/run/user/1000', 'GDK_BACKEND': 'x11', 'DISPLAY': ':0', 'LOCPATH': '/snap/code/230/usr/lib/locale', 'VSCODE_DEBUGPY_ADAPTER_ENDPOINTS': '/home/pochsathya/.vscode/extensions/ms-python.debugpy-2025.18.0-linux-x64/.noConfigDebugAdapterEndpoints/endpoint-2afe878aa90fcd67.txt', 'LANG': 'en_US.UTF-8', 'XDG_CURRENT_DESKTOP': 'ubuntu:GNOME', 'PYTHONSTARTUP': '/home/pochsathya/.config/Code/User/workspaceStorage/f271fc560773b7ce7087c0335d36366c/ms-python.python/pythonrc.py', 'GIO_MODULE_DIR_VSCODE_SNAP_ORIG': '', 'XDG_DATA_HOME': '/home/pochsathya/snap/code/230/.local/share', 'XMODIFIERS': '@im=ibus', 'XDG_SESSION_DESKTOP': 'ubuntu', 'XAUTHORITY': '/run/user/1000/.mutter-Xwaylandauth.YFTWM3', 'LS_COLORS': 'rs=0:di=01;34:ln=01;36:mh=00:pi=40;33:so=01;35:do=01;35:bd=40;33;01:cd=40;33;01:or=40;31;01:mi=00:su=37;41:sg=30;43:ca=30;41:tw=30;42:ow=34;42:st=37;44:ex=01;32:*.tar=01;31:*.tgz=01;31:*.arc=01;31:*.arj=01;31:*.taz=01;31:*.lha=01;31:*.lz4=01;31:*.lzh=01;31:*.lzma=01;31:*.tlz=01;31:*.txz=01;31:*.tzo=01;31:*.t7z=01;31:*.zip=01;31:*.z=01;31:*.dz=01;31:*.gz=01;31:*.lrz=01;31:*.lz=01;31:*.lzo=01;31:*.xz=01;31:*.zst=01;31:*.tzst=01;31:*.bz2=01;31:*.bz=01;31:*.tbz=01;31:*.tbz2=01;31:*.tz=01;31:*.deb=01;31:*.rpm=01;31:*.jar=01;31:*.war=01;31:*.ear=01;31:*.sar=01;31:*.rar=01;31:*.alz=01;31:*.ace=01;31:*.zoo=01;31:*.cpio=01;31:*.7z=01;31:*.rz=01;31:*.cab=01;31:*.wim=01;31:*.swm=01;31:*.dwm=01;31:*.esd=01;31:*.jpg=01;35:*.jpeg=01;35:*.mjpg=01;35:*.mjpeg=01;35:*.gif=01;35:*.bmp=01;35:*.pbm=01;35:*.pgm=01;35:*.ppm=01;35:*.tga=01;35:*.xbm=01;35:*.xpm=01;35:*.tif=01;35:*.tiff=01;35:*.png=01;35:*.svg=01;35:*.svgz=01;35:*.mng=01;35:*.pcx=01;35:*.mov=01;35:*.mpg=01;35:*.mpeg=01;35:*.m2v=01;35:*.mkv=01;35:*.webm=01;35:*.webp=01;35:*.ogm=01;35:*.mp4=01;35:*.m4v=01;35:*.mp4v=01;35:*.vob=01;35:*.qt=01;35:*.nuv=01;35:*.wmv=01;35:*.asf=01;35:*.rm=01;35:*.rmvb=01;35:*.flc=01;35:*.avi=01;35:*.fli=01;35:*.flv=01;35:*.gl=01;35:*.dl=01;35:*.xcf=01;35:*.xwd=01;35:*.yuv=01;35:*.cgm=01;35:*.emf=01;35:*.ogv=01;35:*.ogx=01;35:*.aac=00;36:*.au=00;36:*.flac=00;36:*.m4a=00;36:*.mid=00;36:*.midi=00;36:*.mka=00;36:*.mp3=00;36:*.mpc=00;36:*.ogg=00;36:*.ra=00;36:*.wav=00;36:*.oga=00;36:*.opus=00;36:*.spx=00;36:*.xspf=00;36:', 'VSCODE_GIT_IPC_HANDLE': '/run/user/1000/vscode-git-8e822459fc.sock', 'TERM_PROGRAM': 'vscode', 'SSH_AGENT_LAUNCHER': 'gnome-keyring', 'SSH_AUTH_SOCK': '/run/user/1000/keyring/ssh', 'GSETTINGS_SCHEMA_DIR': '/home/pochsathya/snap/code/230/.local/share/glib-2.0/schemas', 'AMENT_PREFIX_PATH': '/home/pochsathya/ros2_ws/install/subscriber_pkg:/home/pochsathya/ros2_ws/install/publisher_pkg:/home/pochsathya/ros2_ws/install/odometry_pkg:/home/pochsathya/ros2_ws/install/my_first_pkg:/home/pochsathya/ros2_ws/install/house_navigation_pkg:/home/pochsathya/ros2_ws/install/example36_pkg:/home/pochsathya/ros2_ws/install/custom_interfaces:/opt/ros/humble', 'SHELL': '/bin/bash', 'QT_ACCESSIBILITY': '1', 'GDMSESSION': 'ubuntu', 'LESSCLOSE': '/usr/bin/lesspipe %s %s', 'GTK_PATH_VSCODE_SNAP_ORIG': '', 'FONTCONFIG_FILE': '/etc/fonts/fonts.conf', 'GTK_IM_MODULE_FILE_VSCODE_SNAP_ORIG': '', 'GJS_DEBUG_OUTPUT': 'stderr', 'VSCODE_GIT_ASKPASS_EXTRA_ARGS': '', 'QT_IM_MODULE': 'ibus', 'PWD': '/home/pochsathya/ros2_ws/build/my_first_pkg', 'TURTLEBOT3_MODEL': 'burger', 'LC_ALL': 'en_US.UTF-8', 'XDG_CONFIG_DIRS': '/etc/xdg/xdg-ubuntu:/etc/xdg', 'NVM_CD_FLAGS': '', 'XDG_DATA_DIRS': '/home/pochsathya/snap/code/230/.local/share:/home/pochsathya/snap/code/230:/snap/code/230/usr/share:/usr/share/ubuntu:/usr/local/share/:/usr/share/:/var/lib/snapd/desktop', 'PYTHONPATH': '/home/pochsathya/ros2_ws/build/my_first_pkg/prefix_override:/usr/lib/python3/dist-packages/colcon_core/task/python/colcon_distutils_commands:/home/pochsathya/ros2_ws/install/my_first_pkg/lib/python3.10/site-packages:/home/pochsathya/ros2_ws/install/subscriber_pkg/lib/python3.10/site-packages:/home/pochsathya/ros2_ws/install/publisher_pkg/lib/python3.10/site-packages:/home/pochsathya/ros2_ws/install/odometry_pkg/lib/python3.10/site-packages:/home/pochsathya/ros2_ws/install/my_first_pkg/lib/python3.10/site-packages:/home/pochsathya/ros2_ws/install/house_navigation_pkg/lib/python3.10/site-packages:/home/pochsathya/ros2_ws/install/example36_pkg/lib/python3.10/site-packages:/home/pochsathya/ros2_ws/install/custom_interfaces/local/lib/python3.10/dist-packages:/opt/ros/humble/lib/python3.10/site-packages:/opt/ros/humble/local/lib/python3.10/dist-packages', 'COLCON': '1', 'CMAKE_PREFIX_PATH': '/home/pochsathya/ros2_ws/install/custom_interfaces'}, 'shell': False}
[1.604762] (-) TimerEvent: {}
[1.692631] (house_navigation_pkg) StdoutLine: {'line': b'running egg_info\n'}
[1.693101] (house_navigation_pkg) StdoutLine: {'line': b'writing ../../build/house_navigation_pkg/house_navigation_pkg.egg-info/PKG-INFO\n'}
[1.693249] (house_navigation_pkg) StdoutLine: {'line': b'writing dependency_links to ../../build/house_navigation_pkg/house_navigation_pkg.egg-info/dependency_links.txt\n'}
[1.693321] (house_navigation_pkg) StdoutLine: {'line': b'writing entry points to ../../build/house_navigation_pkg/house_navigation_pkg.egg-info/entry_points.txt\n'}
[1.693451] (house_navigation_pkg) StdoutLine: {'line': b'writing requirements to ../../build/house_navigation_pkg/house_navigation_pkg.egg-info/requires.txt\n'}
[1.693513] (house_navigation_pkg) StdoutLine: {'line': b'writing top-level names to ../../build/house_navigation_pkg/house_navigation_pkg.egg-info/top_level.txt\n'}
[1.693718] (publisher_pkg) StdoutLine: {'line': b'running egg_info\n'}
[1.694172] (publisher_pkg) StdoutLine: {'line': b'writing ../../build/publisher_pkg/publisher_pkg.egg-info/PKG-INFO\n'}
[1.694408] (publisher_pkg) StdoutLine: {'line': b'writing dependency_links to ../../build/publisher_pkg/publisher_pkg.egg-info/dependency_links.txt\n'}
[1.694487] (publisher_pkg) StdoutLine: {'line': b'writing entry points to ../../build/publisher_pkg/publisher_pkg.egg-info/entry_points.txt\n'}
[1.694668] (publisher_pkg) StdoutLine: {'line': b'writing requirements to ../../build/publisher_pkg/publisher_pkg.egg-info/requires.txt\n'}
[1.694733] (publisher_pkg) StdoutLine: {'line': b'writing top-level names to ../../build/publisher_pkg/publisher_pkg.egg-info/top_level.txt\n'}
[1.694995] (house_navigation_pkg) StdoutLine: {'line': b"reading manifest file '../../build/house_navigation_pkg/house_navigation_pkg.egg-info/SOURCES.txt'\n"}
[1.695516] (house_navigation_pkg) StdoutLine: {'line': b"writing manifest file '../../build/house_navigation_pkg/house_navigation_pkg.egg-info/SOURCES.txt'\n"}
[1.695742] (house_navigation_pkg) StdoutLine: {'line': b'running build\n'}
[1.695890] (house_navigation_pkg) StdoutLine: {'line': b'running build_py\n'}
[1.695961] (house_navigation_pkg) StdoutLine: {'line': b'copying house_navigation_pkg/house_navigation.py -> /home/pochsathya/ros2_ws/build/house_navigation_pkg/build/lib/house_navigation_pkg\n'}
[1.696035] (house_navigation_pkg) StdoutLine: {'line': b'running install\n'}
[1.696127] (house_navigation_pkg) StdoutLine: {'line': b'running install_lib\n'}
[1.696435] (publisher_pkg) StdoutLine: {'line': b"reading manifest file '../../build/publisher_pkg/publisher_pkg.egg-info/SOURCES.txt'\n"}
[1.696604] (house_navigation_pkg) StdoutLine: {'line': b'copying /home/pochsathya/ros2_ws/build/house_navigation_pkg/build/lib/house_navigation_pkg/house_navigation.py -> /home/pochsathya/ros2_ws/install/house_navigation_pkg/lib/python3.10/site-packages/house_navigation_pkg\n'}
[1.696822] (publisher_pkg) StdoutLine: {'line': b"writing manifest file '../../build/publisher_pkg/publisher_pkg.egg-info/SOURCES.txt'\n"}
[1.696916] (house_navigation_pkg) StdoutLine: {'line': b'byte-compiling /home/pochsathya/ros2_ws/install/house_navigation_pkg/lib/python3.10/site-packages/house_navigation_pkg/house_navigation.py to house_navigation.cpython-310.pyc\n'}
[1.697057] (publisher_pkg) StdoutLine: {'line': b'running build\n'}
[1.697141] (publisher_pkg) StdoutLine: {'line': b'running build_py\n'}
[1.697205] (subscriber_pkg) StdoutLine: {'line': b'running egg_info\n'}
[1.697324] (publisher_pkg) StdoutLine: {'line': b'running install\n'}
[1.697392] (publisher_pkg) StdoutLine: {'line': b'running install_lib\n'}
[1.697479] (house_navigation_pkg) StdoutLine: {'line': b'running install_data\n'}
[1.697587] (subscriber_pkg) StdoutLine: {'line': b'writing ../../build/subscriber_pkg/subscriber_pkg.egg-info/PKG-INFO\n'}
[1.697652] (house_navigation_pkg) StdoutLine: {'line': b'running install_egg_info\n'}
[1.697810] (subscriber_pkg) StdoutLine: {'line': b'writing dependency_links to ../../build/subscriber_pkg/subscriber_pkg.egg-info/dependency_links.txt\n'}
[1.697874] (subscriber_pkg) StdoutLine: {'line': b'writing entry points to ../../build/subscriber_pkg/subscriber_pkg.egg-info/entry_points.txt\n'}
[1.697935] (subscriber_pkg) StdoutLine: {'line': b'writing requirements to ../../build/subscriber_pkg/subscriber_pkg.egg-info/requires.txt\n'}
[1.697998] (subscriber_pkg) StdoutLine: {'line': b'writing top-level names to ../../build/subscriber_pkg/subscriber_pkg.egg-info/top_level.txt\n'}
[1.698102] (publisher_pkg) StdoutLine: {'line': b'running install_data\n'}
[1.698164] (publisher_pkg) StdoutLine: {'line': b'running install_egg_info\n'}
[1.698644] (house_navigation_pkg) StdoutLine: {'line': b"removing '/home/pochsathya/ros2_ws/install/house_navigation_pkg/lib/python3.10/site-packages/house_navigation_pkg-0.0.0-py3.10.egg-info' (and everything under it)\n"}
[1.698812] (house_navigation_pkg) StdoutLine: {'line': b'Copying ../../build/house_navigation_pkg/house_navigation_pkg.egg-info to /home/pochsathya/ros2_ws/install/house_navigation_pkg/lib/python3.10/site-packages/house_navigation_pkg-0.0.0-py3.10.egg-info\n'}
[1.699177] (publisher_pkg) StdoutLine: {'line': b"removing '/home/pochsathya/ros2_ws/install/publisher_pkg/lib/python3.10/site-packages/publisher_pkg-0.0.0-py3.10.egg-info' (and everything under it)\n"}
[1.699265] (house_navigation_pkg) StdoutLine: {'line': b'running install_scripts\n'}
[1.699348] (publisher_pkg) StdoutLine: {'line': b'Copying ../../build/publisher_pkg/publisher_pkg.egg-info to /home/pochsathya/ros2_ws/install/publisher_pkg/lib/python3.10/site-packages/publisher_pkg-0.0.0-py3.10.egg-info\n'}
[1.699493] (subscriber_pkg) StdoutLine: {'line': b"reading manifest file '../../build/subscriber_pkg/subscriber_pkg.egg-info/SOURCES.txt'\n"}
[1.699724] (publisher_pkg) StdoutLine: {'line': b'running install_scripts\n'}
[1.700057] (subscriber_pkg) StdoutLine: {'line': b"writing manifest file '../../build/subscriber_pkg/subscriber_pkg.egg-info/SOURCES.txt'\n"}
[1.700278] (subscriber_pkg) StdoutLine: {'line': b'running build\n'}
[1.700479] (subscriber_pkg) StdoutLine: {'line': b'running build_py\n'}
[1.700547] (odometry_pkg) StdoutLine: {'line': b'running egg_info\n'}
[1.700773] (subscriber_pkg) StdoutLine: {'line': b'running install\n'}
[1.700855] (subscriber_pkg) StdoutLine: {'line': b'running install_lib\n'}
[1.700920] (odometry_pkg) StdoutLine: {'line': b'writing ../../build/odometry_pkg/odometry_pkg.egg-info/PKG-INFO\n'}
[1.701028] (odometry_pkg) StdoutLine: {'line': b'writing dependency_links to ../../build/odometry_pkg/odometry_pkg.egg-info/dependency_links.txt\n'}
[1.701096] (odometry_pkg) StdoutLine: {'line': b'writing entry points to ../../build/odometry_pkg/odometry_pkg.egg-info/entry_points.txt\n'}
[1.701164] (odometry_pkg) StdoutLine: {'line': b'writing requirements to ../../build/odometry_pkg/odometry_pkg.egg-info/requires.txt\n'}
[1.701268] (odometry_pkg) StdoutLine: {'line': b'writing top-level names to ../../build/odometry_pkg/odometry_pkg.egg-info/top_level.txt\n'}
[1.701336] (subscriber_pkg) StdoutLine: {'line': b'running install_data\n'}
[1.701402] (subscriber_pkg) StdoutLine: {'line': b'running install_egg_info\n'}
[1.702234] (subscriber_pkg) StdoutLine: {'line': b"removing '/home/pochsathya/ros2_ws/install/subscriber_pkg/lib/python3.10/site-packages/subscriber_pkg-0.0.0-py3.10.egg-info' (and everything under it)\n"}
[1.702387] (my_first_pkg) StdoutLine: {'line': b'running egg_info\n'}
[1.702482] (subscriber_pkg) StdoutLine: {'line': b'Copying ../../build/subscriber_pkg/subscriber_pkg.egg-info to /home/pochsathya/ros2_ws/install/subscriber_pkg/lib/python3.10/site-packages/subscriber_pkg-0.0.0-py3.10.egg-info\n'}
[1.702546] (odometry_pkg) StdoutLine: {'line': b"reading manifest file '../../build/odometry_pkg/odometry_pkg.egg-info/SOURCES.txt'\n"}
[1.702760] (subscriber_pkg) StdoutLine: {'line': b'running install_scripts\n'}
[1.702843] (my_first_pkg) StdoutLine: {'line': b'writing ../../build/my_first_pkg/my_first_pkg.egg-info/PKG-INFO\n'}
[1.702972] (odometry_pkg) StdoutLine: {'line': b"writing manifest file '../../build/odometry_pkg/odometry_pkg.egg-info/SOURCES.txt'\n"}
[1.703054] (my_first_pkg) StdoutLine: {'line': b'writing dependency_links to ../../build/my_first_pkg/my_first_pkg.egg-info/dependency_links.txt\n'}
[1.703140] (odometry_pkg) StdoutLine: {'line': b'running build\n'}
[1.703210] (odometry_pkg) StdoutLine: {'line': b'running build_py\n'}
[1.703300] (my_first_pkg) StdoutLine: {'line': b'writing entry points to ../../build/my_first_pkg/my_first_pkg.egg-info/entry_points.txt\n'}
[1.703364] (my_first_pkg) StdoutLine: {'line': b'writing requirements to ../../build/my_first_pkg/my_first_pkg.egg-info/requires.txt\n'}
[1.703428] (my_first_pkg) StdoutLine: {'line': b'writing top-level names to ../../build/my_first_pkg/my_first_pkg.egg-info/top_level.txt\n'}
[1.703492] (odometry_pkg) StdoutLine: {'line': b'running install\n'}
[1.703574] (odometry_pkg) StdoutLine: {'line': b'running install_lib\n'}
[1.704162] (odometry_pkg) StdoutLine: {'line': b'running install_data\n'}
[1.704245] (odometry_pkg) StdoutLine: {'line': b'running install_egg_info\n'}
[1.704848] (-) TimerEvent: {}
[1.704978] (my_first_pkg) StdoutLine: {'line': b"reading manifest file '../../build/my_first_pkg/my_first_pkg.egg-info/SOURCES.txt'\n"}
[1.705345] (odometry_pkg) StdoutLine: {'line': b"removing '/home/pochsathya/ros2_ws/install/odometry_pkg/lib/python3.10/site-packages/odometry_pkg-0.0.0-py3.10.egg-info' (and everything under it)\n"}
[1.705453] (my_first_pkg) StdoutLine: {'line': b"writing manifest file '../../build/my_first_pkg/my_first_pkg.egg-info/SOURCES.txt'\n"}
[1.705536] (my_first_pkg) StdoutLine: {'line': b'running build\n'}
[1.705598] (my_first_pkg) StdoutLine: {'line': b'running build_py\n'}
[1.705661] (odometry_pkg) StdoutLine: {'line': b'Copying ../../build/odometry_pkg/odometry_pkg.egg-info to /home/pochsathya/ros2_ws/install/odometry_pkg/lib/python3.10/site-packages/odometry_pkg-0.0.0-py3.10.egg-info\n'}
[1.705746] (my_first_pkg) StdoutLine: {'line': b'running install\n'}
[1.705849] (my_first_pkg) StdoutLine: {'line': b'running install_lib\n'}
[1.705932] (odometry_pkg) StdoutLine: {'line': b'running install_scripts\n'}
[1.706687] (my_first_pkg) StdoutLine: {'line': b'running install_data\n'}
[1.706841] (my_first_pkg) StdoutLine: {'line': b'running install_egg_info\n'}
[1.708032] (my_first_pkg) StdoutLine: {'line': b"removing '/home/pochsathya/ros2_ws/install/my_first_pkg/lib/python3.10/site-packages/my_first_pkg-0.0.0-py3.10.egg-info' (and everything under it)\n"}
[1.708138] (my_first_pkg) StdoutLine: {'line': b'Copying ../../build/my_first_pkg/my_first_pkg.egg-info to /home/pochsathya/ros2_ws/install/my_first_pkg/lib/python3.10/site-packages/my_first_pkg-0.0.0-py3.10.egg-info\n'}
[1.708582] (my_first_pkg) StdoutLine: {'line': b'running install_scripts\n'}
[1.712766] (house_navigation_pkg) StdoutLine: {'line': b'Installing house_navigation script to /home/pochsathya/ros2_ws/install/house_navigation_pkg/lib/house_navigation_pkg\n'}
[1.713015] (house_navigation_pkg) StdoutLine: {'line': b"writing list of installed files to '/home/pochsathya/ros2_ws/build/house_navigation_pkg/install.log'\n"}
[1.713798] (publisher_pkg) StdoutLine: {'line': b"writing list of installed files to '/home/pochsathya/ros2_ws/build/publisher_pkg/install.log'\n"}
[1.716249] (subscriber_pkg) StdoutLine: {'line': b"writing list of installed files to '/home/pochsathya/ros2_ws/build/subscriber_pkg/install.log'\n"}
[1.723124] (my_first_pkg) StdoutLine: {'line': b'Installing Sathya_node script to /home/pochsathya/ros2_ws/install/my_first_pkg/lib/my_first_pkg\n'}
[1.723298] (my_first_pkg) StdoutLine: {'line': b'Installing subscriber_node script to /home/pochsathya/ros2_ws/install/my_first_pkg/lib/my_first_pkg\n'}
[1.723421] (odometry_pkg) StdoutLine: {'line': b'Installing odometry_subscriber script to /home/pochsathya/ros2_ws/install/odometry_pkg/lib/odometry_pkg\n'}
[1.723502] (my_first_pkg) StdoutLine: {'line': b"writing list of installed files to '/home/pochsathya/ros2_ws/build/my_first_pkg/install.log'\n"}
[1.723841] (odometry_pkg) StdoutLine: {'line': b"writing list of installed files to '/home/pochsathya/ros2_ws/build/odometry_pkg/install.log'\n"}
[1.731015] (house_navigation_pkg) CommandEnded: {'returncode': 0}
[1.738353] (house_navigation_pkg) JobEnded: {'identifier': 'house_navigation_pkg', 'rc': 0}
[1.739492] (publisher_pkg) CommandEnded: {'returncode': 0}
[1.743468] (publisher_pkg) JobEnded: {'identifier': 'publisher_pkg', 'rc': 0}
[1.744109] (subscriber_pkg) CommandEnded: {'returncode': 0}
[1.747578] (subscriber_pkg) JobEnded: {'identifier': 'subscriber_pkg', 'rc': 0}
[1.748620] (my_first_pkg) CommandEnded: {'returncode': 0}
[1.755120] (my_first_pkg) JobEnded: {'identifier': 'my_first_pkg', 'rc': 0}
[1.755651] (odometry_pkg) CommandEnded: {'returncode': 0}
[1.761114] (odometry_pkg) JobEnded: {'identifier': 'odometry_pkg', 'rc': 0}
[1.780767] (example36_pkg) Command: {'cmd': ['/usr/bin/python3', '-W', 'ignore:setup.py install is deprecated', '-W', 'ignore:easy_install command is deprecated', 'setup.py', 'egg_info', '--egg-base', '../build/example36_pkg', 'build', '--build-base', '/home/pochsathya/ros2_ws/build/example36_pkg/build', 'install', '--record', '/home/pochsathya/ros2_ws/build/example36_pkg/install.log', '--single-version-externally-managed', 'install_data'], 'cwd': '/home/pochsathya/ros2_ws/example36_pkg', 'env': {'GJS_DEBUG_TOPICS': 'JS ERROR;JS LOG', 'PYTHON_BASIC_REPL': '1', 'LESSOPEN': '| /usr/bin/lesspipe %s', 'USER': 'pochsathya', 'FONTCONFIG_PATH': '/etc/fonts', 'GIO_MODULE_DIR': '/home/pochsathya/snap/code/common/.cache/gio-modules', 'XDG_SESSION_TYPE': 'wayland', 'GIT_ASKPASS': '/snap/code/230/usr/share/code/resources/app/extensions/git/dist/askpass.sh', 'GTK_EXE_PREFIX_VSCODE_SNAP_ORIG': '', 'GDK_BACKEND_VSCODE_SNAP_ORIG': '', 'SHLVL': '1', 'LD_LIBRARY_PATH': '/home/pochsathya/ros2_ws/install/custom_interfaces/lib:/usr/lib/x86_64-linux-gnu/gazebo-11/plugins:/opt/ros/humble/opt/rviz_ogre_vendor/lib:/opt/ros/humble/lib/x86_64-linux-gnu:/opt/ros/humble/lib', 'HOME': '/home/pochsathya', 'CHROME_DESKTOP': 'code.desktop', 'LOCPATH_VSCODE_SNAP_ORIG': '', 'TERM_PROGRAM_VERSION': '1.112.0', 'DESKTOP_SESSION': 'ubuntu', 'GTK_PATH': '/snap/code/230/usr/lib/x86_64-linux-gnu/gtk-3.0', 'NVM_BIN': '/home/pochsathya/.nvm/versions/node/v24.14.0/bin', 'NVM_INC': '/home/pochsathya/.nvm/versions/node/v24.14.0/include/node', 'XDG_DATA_HOME_VSCODE_SNAP_ORIG': '', 'GTK_IM_MODULE_FILE': '/home/pochsathya/snap/code/common/.cache/immodules/immodules.cache', 'GIO_LAUNCHED_DESKTOP_FILE': '/var/lib/snapd/desktop/applications/code_code.desktop', 'ROS_PYTHON_VERSION': '3', 'GNOME_SHELL_SESSION_MODE': 'ubuntu', 'GTK_MODULES': 'gail:atk-bridge', 'GSETTINGS_SCHEMA_DIR_VSCODE_SNAP_ORIG': '', 'VSCODE_GIT_ASKPASS_MAIN': '/snap/code/230/usr/share/code/resources/app/extensions/git/dist/askpass-main.js', 'VSCODE_GIT_ASKPASS_NODE': '/snap/code/230/usr/share/code/code', 'MANAGERPID': '1939', 'PYDEVD_DISABLE_FILE_VALIDATION': '1', 'SYSTEMD_EXEC_PID': '2110', 'BUNDLED_DEBUGPY_PATH': '/home/pochsathya/.vscode/extensions/ms-python.debugpy-2025.18.0-linux-x64/bundled/libs/debugpy', 'IM_CONFIG_CHECK_ENV': '1', 'VSCODE_PYTHON_AUTOACTIVATE_GUARD': '1', 'DBUS_SESSION_BUS_ADDRESS': 'unix:path=/run/user/1000/bus', 'COLORTERM': 'truecolor', 'GIO_LAUNCHED_DESKTOP_FILE_PID': '41595', 'NVM_DIR': '/home/pochsathya/.nvm', 'IM_CONFIG_PHASE': '1', 'WAYLAND_DISPLAY': 'wayland-0', 'COLCON_PREFIX_PATH': '/home/pochsathya/ros2_ws/install:/home/pochsathya/ros2_ws/src/house_navigation_pkg/house_navigation_pkg/install', 'ROS_DISTRO': 'humble', 'LOGNAME': 'pochsathya', 'JOURNAL_STREAM': '8:5723', '_': '/usr/bin/colcon', 'ROS_VERSION': '2', 'XDG_CONFIG_DIRS_VSCODE_SNAP_ORIG': '/etc/xdg/xdg-ubuntu:/etc/xdg', 'XDG_SESSION_CLASS': 'user', 'XDG_DATA_DIRS_VSCODE_SNAP_ORIG': '/usr/share/ubuntu:/usr/local/share/:/usr/share/:/var/lib/snapd/desktop', 'USERNAME': 'pochsathya', 'TERM': 'xterm-256color', 'GNOME_DESKTOP_SESSION_ID': 'this-is-deprecated', 'FC_FONTATIONS': '1', 'ROS_LOCALHOST_ONLY': '0', 'PATH': '/home/pochsathya/.config/Code/User/globalStorage/github.copilot-chat/debugCommand:/home/pochsathya/.config/Code/User/globalStorage/github.copilot-chat/copilotCli:/home/pochsathya/.local/bin:/home/pochsathya/.nvm/versions/node/v24.14.0/bin:/opt/ros/humble/bin:/home/pochsathya/.local/bin:/usr/local/sbin:/usr/local/bin:/usr/sbin:/usr/bin:/sbin:/bin:/usr/games:/usr/local/games:/snap/bin:/snap/bin:/home/pochsathya/.vscode/extensions/ms-python.debugpy-2025.18.0-linux-x64/bundled/scripts/noConfigScripts', 'SESSION_MANAGER': 'local/pochsathya-Legion-Pro-5-16IRX8:@/tmp/.ICE-unix/2081,unix/pochsathya-Legion-Pro-5-16IRX8:/tmp/.ICE-unix/2081', 'GTK_EXE_PREFIX': '/snap/code/230/usr', 'INVOCATION_ID': 'bec8f1b216d34278993222b7f454f91b', 'XDG_MENU_PREFIX': 'gnome-', 'GNOME_SETUP_DISPLAY': ':1', 'XDG_RUNTIME_DIR': '/run/user/1000', 'GDK_BACKEND': 'x11', 'DISPLAY': ':0', 'LOCPATH': '/snap/code/230/usr/lib/locale', 'VSCODE_DEBUGPY_ADAPTER_ENDPOINTS': '/home/pochsathya/.vscode/extensions/ms-python.debugpy-2025.18.0-linux-x64/.noConfigDebugAdapterEndpoints/endpoint-2afe878aa90fcd67.txt', 'LANG': 'en_US.UTF-8', 'XDG_CURRENT_DESKTOP': 'ubuntu:GNOME', 'PYTHONSTARTUP': '/home/pochsathya/.config/Code/User/workspaceStorage/f271fc560773b7ce7087c0335d36366c/ms-python.python/pythonrc.py', 'GIO_MODULE_DIR_VSCODE_SNAP_ORIG': '', 'XDG_DATA_HOME': '/home/pochsathya/snap/code/230/.local/share', 'XMODIFIERS': '@im=ibus', 'XDG_SESSION_DESKTOP': 'ubuntu', 'XAUTHORITY': '/run/user/1000/.mutter-Xwaylandauth.YFTWM3', 'LS_COLORS': 'rs=0:di=01;34:ln=01;36:mh=00:pi=40;33:so=01;35:do=01;35:bd=40;33;01:cd=40;33;01:or=40;31;01:mi=00:su=37;41:sg=30;43:ca=30;41:tw=30;42:ow=34;42:st=37;44:ex=01;32:*.tar=01;31:*.tgz=01;31:*.arc=01;31:*.arj=01;31:*.taz=01;31:*.lha=01;31:*.lz4=01;31:*.lzh=01;31:*.lzma=01;31:*.tlz=01;31:*.txz=01;31:*.tzo=01;31:*.t7z=01;31:*.zip=01;31:*.z=01;31:*.dz=01;31:*.gz=01;31:*.lrz=01;31:*.lz=01;31:*.lzo=01;31:*.xz=01;31:*.zst=01;31:*.tzst=01;31:*.bz2=01;31:*.bz=01;31:*.tbz=01;31:*.tbz2=01;31:*.tz=01;31:*.deb=01;31:*.rpm=01;31:*.jar=01;31:*.war=01;31:*.ear=01;31:*.sar=01;31:*.rar=01;31:*.alz=01;31:*.ace=01;31:*.zoo=01;31:*.cpio=01;31:*.7z=01;31:*.rz=01;31:*.cab=01;31:*.wim=01;31:*.swm=01;31:*.dwm=01;31:*.esd=01;31:*.jpg=01;35:*.jpeg=01;35:*.mjpg=01;35:*.mjpeg=01;35:*.gif=01;35:*.bmp=01;35:*.pbm=01;35:*.pgm=01;35:*.ppm=01;35:*.tga=01;35:*.xbm=01;35:*.xpm=01;35:*.tif=01;35:*.tiff=01;35:*.png=01;35:*.svg=01;35:*.svgz=01;35:*.mng=01;35:*.pcx=01;35:*.mov=01;35:*.mpg=01;35:*.mpeg=01;35:*.m2v=01;35:*.mkv=01;35:*.webm=01;35:*.webp=01;35:*.ogm=01;35:*.mp4=01;35:*.m4v=01;35:*.mp4v=01;35:*.vob=01;35:*.qt=01;35:*.nuv=01;35:*.wmv=01;35:*.asf=01;35:*.rm=01;35:*.rmvb=01;35:*.flc=01;35:*.avi=01;35:*.fli=01;35:*.flv=01;35:*.gl=01;35:*.dl=01;35:*.xcf=01;35:*.xwd=01;35:*.yuv=01;35:*.cgm=01;35:*.emf=01;35:*.ogv=01;35:*.ogx=01;35:*.aac=00;36:*.au=00;36:*.flac=00;36:*.m4a=00;36:*.mid=00;36:*.midi=00;36:*.mka=00;36:*.mp3=00;36:*.mpc=00;36:*.ogg=00;36:*.ra=00;36:*.wav=00;36:*.oga=00;36:*.opus=00;36:*.spx=00;36:*.xspf=00;36:', 'VSCODE_GIT_IPC_HANDLE': '/run/user/1000/vscode-git-8e822459fc.sock', 'TERM_PROGRAM': 'vscode', 'SSH_AGENT_LAUNCHER': 'gnome-keyring', 'SSH_AUTH_SOCK': '/run/user/1000/keyring/ssh', 'GSETTINGS_SCHEMA_DIR': '/home/pochsathya/snap/code/230/.local/share/glib-2.0/schemas', 'AMENT_PREFIX_PATH': '/home/pochsathya/ros2_ws/install/subscriber_pkg:/home/pochsathya/ros2_ws/install/publisher_pkg:/home/pochsathya/ros2_ws/install/odometry_pkg:/home/pochsathya/ros2_ws/install/my_first_pkg:/home/pochsathya/ros2_ws/install/house_navigation_pkg:/home/pochsathya/ros2_ws/install/example36_pkg:/home/pochsathya/ros2_ws/install/custom_interfaces:/opt/ros/humble', 'SHELL': '/bin/bash', 'QT_ACCESSIBILITY': '1', 'GDMSESSION': 'ubuntu', 'LESSCLOSE': '/usr/bin/lesspipe %s %s', 'GTK_PATH_VSCODE_SNAP_ORIG': '', 'FONTCONFIG_FILE': '/etc/fonts/fonts.conf', 'GTK_IM_MODULE_FILE_VSCODE_SNAP_ORIG': '', 'GJS_DEBUG_OUTPUT': 'stderr', 'VSCODE_GIT_ASKPASS_EXTRA_ARGS': '', 'QT_IM_MODULE': 'ibus', 'PWD': '/home/pochsathya/ros2_ws/build/example36_pkg', 'TURTLEBOT3_MODEL': 'burger', 'LC_ALL': 'en_US.UTF-8', 'XDG_CONFIG_DIRS': '/etc/xdg/xdg-ubuntu:/etc/xdg', 'NVM_CD_FLAGS': '', 'XDG_DATA_DIRS': '/home/pochsathya/snap/code/230/.local/share:/home/pochsathya/snap/code/230:/snap/code/230/usr/share:/usr/share/ubuntu:/usr/local/share/:/usr/share/:/var/lib/snapd/desktop', 'PYTHONPATH': '/home/pochsathya/ros2_ws/build/example36_pkg/prefix_override:/usr/lib/python3/dist-packages/colcon_core/task/python/colcon_distutils_commands:/home/pochsathya/ros2_ws/install/example36_pkg/lib/python3.10/site-packages:/home/pochsathya/ros2_ws/install/subscriber_pkg/lib/python3.10/site-packages:/home/pochsathya/ros2_ws/install/publisher_pkg/lib/python3.10/site-packages:/home/pochsathya/ros2_ws/install/odometry_pkg/lib/python3.10/site-packages:/home/pochsathya/ros2_ws/install/my_first_pkg/lib/python3.10/site-packages:/home/pochsathya/ros2_ws/install/house_navigation_pkg/lib/python3.10/site-packages:/home/pochsathya/ros2_ws/install/example36_pkg/lib/python3.10/site-packages:/home/pochsathya/ros2_ws/install/custom_interfaces/local/lib/python3.10/dist-packages:/opt/ros/humble/lib/python3.10/site-packages:/opt/ros/humble/local/lib/python3.10/dist-packages', 'COLCON': '1', 'CMAKE_PREFIX_PATH': '/home/pochsathya/ros2_ws/install/custom_interfaces'}, 'shell': False}
[1.804979] (-) TimerEvent: {}
[1.905363] (-) TimerEvent: {}
[1.915136] (example36_pkg) StdoutLine: {'line': b'running egg_info\n'}
[1.915543] (example36_pkg) StdoutLine: {'line': b'writing ../build/example36_pkg/example36_pkg.egg-info/PKG-INFO\n'}
[1.915831] (example36_pkg) StdoutLine: {'line': b'writing dependency_links to ../build/example36_pkg/example36_pkg.egg-info/dependency_links.txt\n'}
[1.915907] (example36_pkg) StdoutLine: {'line': b'writing entry points to ../build/example36_pkg/example36_pkg.egg-info/entry_points.txt\n'}
[1.915964] (example36_pkg) StdoutLine: {'line': b'writing requirements to ../build/example36_pkg/example36_pkg.egg-info/requires.txt\n'}
[1.916015] (example36_pkg) StdoutLine: {'line': b'writing top-level names to ../build/example36_pkg/example36_pkg.egg-info/top_level.txt\n'}
[1.917053] (example36_pkg) StdoutLine: {'line': b"reading manifest file '../build/example36_pkg/example36_pkg.egg-info/SOURCES.txt'\n"}
[1.917178] (example36_pkg) StdoutLine: {'line': b"writing manifest file '../build/example36_pkg/example36_pkg.egg-info/SOURCES.txt'\n"}
[1.917246] (example36_pkg) StdoutLine: {'line': b'running build\n'}
[1.917308] (example36_pkg) StdoutLine: {'line': b'running build_py\n'}
[1.917562] (example36_pkg) StdoutLine: {'line': b'running install\n'}
[1.917646] (example36_pkg) StdoutLine: {'line': b'running install_lib\n'}
[1.918230] (example36_pkg) StdoutLine: {'line': b'running install_data\n'}
[1.918319] (example36_pkg) StdoutLine: {'line': b'running install_egg_info\n'}
[1.919136] (example36_pkg) StdoutLine: {'line': b"removing '/home/pochsathya/ros2_ws/install/example36_pkg/lib/python3.10/site-packages/example36_pkg-0.0.0-py3.10.egg-info' (and everything under it)\n"}
[1.919221] (example36_pkg) StdoutLine: {'line': b'Copying ../build/example36_pkg/example36_pkg.egg-info to /home/pochsathya/ros2_ws/install/example36_pkg/lib/python3.10/site-packages/example36_pkg-0.0.0-py3.10.egg-info\n'}
[1.919551] (example36_pkg) StdoutLine: {'line': b'running install_scripts\n'}
[1.930482] (example36_pkg) StdoutLine: {'line': b'Installing example36 script to /home/pochsathya/ros2_ws/install/example36_pkg/lib/example36_pkg\n'}
[1.930637] (example36_pkg) StdoutLine: {'line': b"writing list of installed files to '/home/pochsathya/ros2_ws/build/example36_pkg/install.log'\n"}
[1.942151] (example36_pkg) CommandEnded: {'returncode': 0}
[1.946401] (example36_pkg) JobEnded: {'identifier': 'example36_pkg', 'rc': 0}
[1.947019] (-) EventReactorShutdown: {}
