[0.000000] (-) TimerEvent: {}
[0.000115] (custom_interfaces) JobQueued: {'identifier': 'custom_interfaces', 'dependencies': OrderedDict()}
[0.000161] (house_navigation_pkg) JobQueued: {'identifier': 'house_navigation_pkg', 'dependencies': OrderedDict()}
[0.000214] (my_first_pkg) JobQueued: {'identifier': 'my_first_pkg', 'dependencies': OrderedDict()}
[0.000256] (odometry_pkg) JobQueued: {'identifier': 'odometry_pkg', 'dependencies': OrderedDict()}
[0.000314] (publisher_pkg) JobQueued: {'identifier': 'publisher_pkg', 'dependencies': OrderedDict()}
[0.000343] (subscriber_pkg) JobQueued: {'identifier': 'subscriber_pkg', 'dependencies': OrderedDict()}
[0.000401] (example36_pkg) JobQueued: {'identifier': 'example36_pkg', 'dependencies': OrderedDict([('custom_interfaces', '/home/pochsathya/ros2_ws/install/custom_interfaces')])}
[0.000422] (custom_interfaces) JobStarted: {'identifier': 'custom_interfaces'}
[0.004024] (house_navigation_pkg) JobStarted: {'identifier': 'house_navigation_pkg'}
[0.007392] (my_first_pkg) JobStarted: {'identifier': 'my_first_pkg'}
[0.010302] (odometry_pkg) JobStarted: {'identifier': 'odometry_pkg'}
[0.013043] (publisher_pkg) JobStarted: {'identifier': 'publisher_pkg'}
[0.016317] (subscriber_pkg) JobStarted: {'identifier': 'subscriber_pkg'}
[0.021145] (custom_interfaces) JobProgress: {'identifier': 'custom_interfaces', 'progress': 'cmake'}
[0.021471] (custom_interfaces) JobProgress: {'identifier': 'custom_interfaces', 'progress': 'build'}
[0.022102] (custom_interfaces) Command: {'cmd': ['/usr/bin/cmake', '--build', '/home/pochsathya/ros2_ws/build/custom_interfaces', '--', '-j32', '-l32'], 'cwd': '/home/pochsathya/ros2_ws/build/custom_interfaces', 'env': OrderedDict([('PYTHON_BASIC_REPL', '1'), ('LESSOPEN', '| /usr/bin/lesspipe %s'), ('USER', 'pochsathya'), ('FONTCONFIG_PATH', '/etc/fonts'), ('GIO_MODULE_DIR', '/home/pochsathya/snap/code/common/.cache/gio-modules'), ('XDG_SESSION_TYPE', 'wayland'), ('GIT_ASKPASS', '/snap/code/230/usr/share/code/resources/app/extensions/git/dist/askpass.sh'), ('GTK_EXE_PREFIX_VSCODE_SNAP_ORIG', ''), ('GDK_BACKEND_VSCODE_SNAP_ORIG', ''), ('SHLVL', '2'), ('LD_LIBRARY_PATH', '/home/pochsathya/ros2_ws/install/custom_interfaces/lib:/usr/lib/x86_64-linux-gnu/gazebo-11/plugins:/opt/ros/humble/opt/rviz_ogre_vendor/lib:/opt/ros/humble/lib/x86_64-linux-gnu:/opt/ros/humble/lib'), ('HOME', '/home/pochsathya'), ('CHROME_DESKTOP', 'code.desktop'), ('LOCPATH_VSCODE_SNAP_ORIG', ''), ('OLDPWD', '/home/pochsathya/ros2_ws/src'), ('TERM_PROGRAM_VERSION', '1.112.0'), ('DESKTOP_SESSION', 'ubuntu'), ('GTK_PATH', '/snap/code/230/usr/lib/x86_64-linux-gnu/gtk-3.0'), ('NVM_BIN', '/home/pochsathya/.nvm/versions/node/v24.14.0/bin'), ('NVM_INC', '/home/pochsathya/.nvm/versions/node/v24.14.0/include/node'), ('XDG_DATA_HOME_VSCODE_SNAP_ORIG', ''), ('GTK_IM_MODULE_FILE', '/home/pochsathya/snap/code/common/.cache/immodules/immodules.cache'), ('ROS_PYTHON_VERSION', '3'), ('GNOME_SHELL_SESSION_MODE', 'ubuntu'), ('GTK_MODULES', 'gail:atk-bridge'), ('GK_GL_PATH', '/tmp/gitkraken/gitlens/gitlens-ipc-server-3329-34165.json'), ('GSETTINGS_SCHEMA_DIR_VSCODE_SNAP_ORIG', ''), ('VSCODE_GIT_ASKPASS_MAIN', '/snap/code/230/usr/share/code/resources/app/extensions/git/dist/askpass-main.js'), ('VSCODE_GIT_ASKPASS_NODE', '/snap/code/230/usr/share/code/code'), ('PYDEVD_DISABLE_FILE_VALIDATION', '1'), ('SYSTEMD_EXEC_PID', '2320'), ('BUNDLED_DEBUGPY_PATH', '/home/pochsathya/.vscode/extensions/ms-python.debugpy-2025.18.0-linux-x64/bundled/libs/debugpy'), ('VSCODE_PYTHON_AUTOACTIVATE_GUARD', '1'), ('DBUS_SESSION_BUS_ADDRESS', 'unix:path=/run/user/1000/bus'), ('COLORTERM', 'truecolor'), ('NVM_DIR', '/home/pochsathya/.nvm'), ('IM_CONFIG_PHASE', '1'), ('WAYLAND_DISPLAY', 'wayland-0'), ('COLCON_PREFIX_PATH', '/home/pochsathya/ros2_ws/install:/home/pochsathya/ros2_ws/src/house_navigation_pkg/house_navigation_pkg/install'), ('ROS_DISTRO', 'humble'), ('LOGNAME', 'pochsathya'), ('_', '/usr/bin/colcon'), ('ROS_VERSION', '2'), ('XDG_CONFIG_DIRS_VSCODE_SNAP_ORIG', '/etc/xdg/xdg-ubuntu:/etc/xdg'), ('XDG_SESSION_CLASS', 'user'), ('XDG_DATA_DIRS_VSCODE_SNAP_ORIG', '/usr/share/ubuntu:/usr/local/share/:/usr/share/:/var/lib/snapd/desktop'), ('USERNAME', 'pochsathya'), ('TERM', 'xterm-256color'), ('GNOME_DESKTOP_SESSION_ID', 'this-is-deprecated'), ('FC_FONTATIONS', '1'), ('ROS_LOCALHOST_ONLY', '0'), ('PATH', '/home/pochsathya/.config/Code/User/globalStorage/github.copilot-chat/debugCommand:/home/pochsathya/.config/Code/User/globalStorage/github.copilot-chat/copilotCli:/home/pochsathya/.nvm/versions/node/v24.14.0/bin:/opt/ros/humble/bin:/home/pochsathya/.local/bin:/usr/local/sbin:/usr/local/bin:/usr/sbin:/usr/bin:/sbin:/bin:/usr/games:/usr/local/games:/snap/bin:/snap/bin:/home/pochsathya/.vscode/extensions/ms-python.debugpy-2025.18.0-linux-x64/bundled/scripts/noConfigScripts'), ('SESSION_MANAGER', 'local/pochsathya-Legion-Pro-5-16IRX8:@/tmp/.ICE-unix/2081,unix/pochsathya-Legion-Pro-5-16IRX8:/tmp/.ICE-unix/2081'), ('GTK_EXE_PREFIX', '/snap/code/230/usr'), ('XDG_MENU_PREFIX', 'gnome-'), ('GNOME_TERMINAL_SCREEN', '/org/gnome/Terminal/screen/3022cf24_8779_4048_b403_e606844e479e'), ('GNOME_SETUP_DISPLAY', ':1'), ('XDG_RUNTIME_DIR', '/run/user/1000'), ('GDK_BACKEND', 'x11'), ('DISPLAY', ':0'), ('LOCPATH', '/snap/code/230/usr/lib/locale'), ('VSCODE_DEBUGPY_ADAPTER_ENDPOINTS', '/home/pochsathya/.vscode/extensions/ms-python.debugpy-2025.18.0-linux-x64/.noConfigDebugAdapterEndpoints/endpoint-2afe878aa90fcd67.txt'), ('LANG', 'en_US.UTF-8'), ('XDG_CURRENT_DESKTOP', 'ubuntu:GNOME'), ('PYTHONSTARTUP', '/home/pochsathya/.config/Code/User/workspaceStorage/f271fc560773b7ce7087c0335d36366c/ms-python.python/pythonrc.py'), ('GIO_MODULE_DIR_VSCODE_SNAP_ORIG', ''), ('XDG_DATA_HOME', '/home/pochsathya/snap/code/230/.local/share'), ('XMODIFIERS', '@im=ibus'), ('XDG_SESSION_DESKTOP', 'ubuntu'), ('XAUTHORITY', '/run/user/1000/.mutter-Xwaylandauth.YFTWM3'), ('LS_COLORS', 'rs=0:di=01;34:ln=01;36:mh=00:pi=40;33:so=01;35:do=01;35:bd=40;33;01:cd=40;33;01:or=40;31;01:mi=00:su=37;41:sg=30;43:ca=30;41:tw=30;42:ow=34;42:st=37;44:ex=01;32:*.tar=01;31:*.tgz=01;31:*.arc=01;31:*.arj=01;31:*.taz=01;31:*.lha=01;31:*.lz4=01;31:*.lzh=01;31:*.lzma=01;31:*.tlz=01;31:*.txz=01;31:*.tzo=01;31:*.t7z=01;31:*.zip=01;31:*.z=01;31:*.dz=01;31:*.gz=01;31:*.lrz=01;31:*.lz=01;31:*.lzo=01;31:*.xz=01;31:*.zst=01;31:*.tzst=01;31:*.bz2=01;31:*.bz=01;31:*.tbz=01;31:*.tbz2=01;31:*.tz=01;31:*.deb=01;31:*.rpm=01;31:*.jar=01;31:*.war=01;31:*.ear=01;31:*.sar=01;31:*.rar=01;31:*.alz=01;31:*.ace=01;31:*.zoo=01;31:*.cpio=01;31:*.7z=01;31:*.rz=01;31:*.cab=01;31:*.wim=01;31:*.swm=01;31:*.dwm=01;31:*.esd=01;31:*.jpg=01;35:*.jpeg=01;35:*.mjpg=01;35:*.mjpeg=01;35:*.gif=01;35:*.bmp=01;35:*.pbm=01;35:*.pgm=01;35:*.ppm=01;35:*.tga=01;35:*.xbm=01;35:*.xpm=01;35:*.tif=01;35:*.tiff=01;35:*.png=01;35:*.svg=01;35:*.svgz=01;35:*.mng=01;35:*.pcx=01;35:*.mov=01;35:*.mpg=01;35:*.mpeg=01;35:*.m2v=01;35:*.mkv=01;35:*.webm=01;35:*.webp=01;35:*.ogm=01;35:*.mp4=01;35:*.m4v=01;35:*.mp4v=01;35:*.vob=01;35:*.qt=01;35:*.nuv=01;35:*.wmv=01;35:*.asf=01;35:*.rm=01;35:*.rmvb=01;35:*.flc=01;35:*.avi=01;35:*.fli=01;35:*.flv=01;35:*.gl=01;35:*.dl=01;35:*.xcf=01;35:*.xwd=01;35:*.yuv=01;35:*.cgm=01;35:*.emf=01;35:*.ogv=01;35:*.ogx=01;35:*.aac=00;36:*.au=00;36:*.flac=00;36:*.m4a=00;36:*.mid=00;36:*.midi=00;36:*.mka=00;36:*.mp3=00;36:*.mpc=00;36:*.ogg=00;36:*.ra=00;36:*.wav=00;36:*.oga=00;36:*.opus=00;36:*.spx=00;36:*.xspf=00;36:'), ('VSCODE_GIT_IPC_HANDLE', '/run/user/1000/vscode-git-8e822459fc.sock'), ('GNOME_TERMINAL_SERVICE', ':1.113'), ('TERM_PROGRAM', 'vscode'), ('SSH_AGENT_LAUNCHER', 'gnome-keyring'), ('SSH_AUTH_SOCK', '/run/user/1000/keyring/ssh'), ('GSETTINGS_SCHEMA_DIR', '/home/pochsathya/snap/code/230/.local/share/glib-2.0/schemas'), ('AMENT_PREFIX_PATH', '/home/pochsathya/ros2_ws/install/house_navigation_pkg:/home/pochsathya/ros2_ws/install/subscriber_pkg:/home/pochsathya/ros2_ws/install/publisher_pkg:/home/pochsathya/ros2_ws/install/odometry_pkg:/home/pochsathya/ros2_ws/install/my_first_pkg:/home/pochsathya/ros2_ws/install/example36_pkg:/home/pochsathya/ros2_ws/install/custom_interfaces:/opt/ros/humble'), ('SHELL', '/bin/bash'), ('QT_ACCESSIBILITY', '1'), ('GDMSESSION', 'ubuntu'), ('LESSCLOSE', '/usr/bin/lesspipe %s %s'), ('GTK_PATH_VSCODE_SNAP_ORIG', ''), ('FONTCONFIG_FILE', '/etc/fonts/fonts.conf'), ('GK_GL_ADDR', 'http://127.0.0.1:34165'), ('GTK_IM_MODULE_FILE_VSCODE_SNAP_ORIG', ''), ('VSCODE_GIT_ASKPASS_EXTRA_ARGS', ''), ('QT_IM_MODULE', 'ibus'), ('PWD', '/home/pochsathya/ros2_ws/build/custom_interfaces'), ('TURTLEBOT3_MODEL', 'burger'), ('LC_ALL', 'en_US.UTF-8'), ('XDG_CONFIG_DIRS', '/etc/xdg/xdg-ubuntu:/etc/xdg'), ('NVM_CD_FLAGS', ''), ('XDG_DATA_DIRS', '/home/pochsathya/snap/code/230/.local/share:/home/pochsathya/snap/code/230:/snap/code/230/usr/share:/usr/share/ubuntu:/usr/local/share/:/usr/share/:/var/lib/snapd/desktop'), ('PYTHONPATH', '/home/pochsathya/ros2_ws/install/house_navigation_pkg/lib/python3.10/site-packages:/home/pochsathya/ros2_ws/install/subscriber_pkg/lib/python3.10/site-packages:/home/pochsathya/ros2_ws/install/publisher_pkg/lib/python3.10/site-packages:/home/pochsathya/ros2_ws/install/odometry_pkg/lib/python3.10/site-packages:/home/pochsathya/ros2_ws/install/my_first_pkg/lib/python3.10/site-packages:/home/pochsathya/ros2_ws/install/example36_pkg/lib/python3.10/site-packages:/home/pochsathya/ros2_ws/install/custom_interfaces/local/lib/python3.10/dist-packages:/opt/ros/humble/lib/python3.10/site-packages:/opt/ros/humble/local/lib/python3.10/dist-packages'), ('COLCON', '1'), ('VTE_VERSION', '6800'), ('CMAKE_PREFIX_PATH', '/home/pochsathya/ros2_ws/install/custom_interfaces:/home/pochsathya/ros2_ws/install/house_navigation_pkg:/home/pochsathya/ros2_ws/install/subscriber_pkg:/home/pochsathya/ros2_ws/install/publisher_pkg:/home/pochsathya/ros2_ws/install/odometry_pkg:/home/pochsathya/ros2_ws/install/my_first_pkg:/home/pochsathya/ros2_ws/install/example36_pkg:/opt/ros/humble')]), 'shell': False}
[0.099545] (-) TimerEvent: {}
[0.200047] (-) TimerEvent: {}
[0.300500] (-) TimerEvent: {}
[0.400800] (-) TimerEvent: {}
[0.501428] (-) TimerEvent: {}
[0.601834] (-) TimerEvent: {}
[0.702455] (-) TimerEvent: {}
[0.803412] (-) TimerEvent: {}
[0.903786] (-) TimerEvent: {}
[1.004164] (-) TimerEvent: {}
[1.104627] (-) TimerEvent: {}
[1.113197] (custom_interfaces) StdoutLine: {'line': b'[  3%] Built target custom_interfaces__cpp\n'}
[1.114762] (custom_interfaces) StdoutLine: {'line': b'[ 12%] Built target custom_interfaces__rosidl_generator_c\n'}
[1.116187] (custom_interfaces) StdoutLine: {'line': b'[ 12%] Built target ament_cmake_python_copy_custom_interfaces\n'}
[1.116363] (custom_interfaces) StdoutLine: {'line': b'[ 22%] Built target custom_interfaces__rosidl_typesupport_fastrtps_c\n'}
[1.116505] (custom_interfaces) StdoutLine: {'line': b'[ 41%] Built target custom_interfaces__rosidl_typesupport_cpp\n'}
[1.116638] (custom_interfaces) StdoutLine: {'line': b'[ 41%] Built target custom_interfaces__rosidl_typesupport_introspection_cpp\n'}
[1.116769] (custom_interfaces) StdoutLine: {'line': b'[ 54%] Built target custom_interfaces__rosidl_typesupport_c\n'}
[1.116896] (custom_interfaces) StdoutLine: {'line': b'[ 61%] Built target custom_interfaces__rosidl_typesupport_fastrtps_cpp\n'}
[1.117018] (custom_interfaces) StdoutLine: {'line': b'[ 70%] Built target custom_interfaces__rosidl_typesupport_introspection_c\n'}
[1.117138] (custom_interfaces) StdoutLine: {'line': b'[ 70%] Built target custom_interfaces\n'}
[1.117272] (custom_interfaces) StdoutLine: {'line': b'[ 74%] Built target custom_interfaces__py\n'}
[1.117401] (custom_interfaces) StdoutLine: {'line': b'[ 80%] Built target custom_interfaces__rosidl_generator_py\n'}
[1.117523] (custom_interfaces) StdoutLine: {'line': b'[ 87%] Built target custom_interfaces__rosidl_typesupport_c__pyext\n'}
[1.117645] (custom_interfaces) StdoutLine: {'line': b'[ 93%] Built target custom_interfaces__rosidl_typesupport_fastrtps_c__pyext\n'}
[1.117768] (custom_interfaces) StdoutLine: {'line': b'[100%] Built target custom_interfaces__rosidl_typesupport_introspection_c__pyext\n'}
[1.117888] (custom_interfaces) StdoutLine: {'line': b'running egg_info\n'}
[1.118006] (custom_interfaces) StdoutLine: {'line': b'writing custom_interfaces.egg-info/PKG-INFO\n'}
[1.118135] (custom_interfaces) StdoutLine: {'line': b'writing dependency_links to custom_interfaces.egg-info/dependency_links.txt\n'}
[1.118251] (custom_interfaces) StdoutLine: {'line': b'writing top-level names to custom_interfaces.egg-info/top_level.txt\n'}
[1.118370] (custom_interfaces) StdoutLine: {'line': b"reading manifest file 'custom_interfaces.egg-info/SOURCES.txt'\n"}
[1.118480] (custom_interfaces) StdoutLine: {'line': b"writing manifest file 'custom_interfaces.egg-info/SOURCES.txt'\n"}
[1.118590] (custom_interfaces) StdoutLine: {'line': b'[100%] Built target ament_cmake_python_build_custom_interfaces_egg\n'}
[1.204812] (-) TimerEvent: {}
[1.305362] (-) TimerEvent: {}
[1.405855] (-) TimerEvent: {}
[1.456030] (custom_interfaces) CommandEnded: {'returncode': 0}
[1.457214] (custom_interfaces) JobProgress: {'identifier': 'custom_interfaces', 'progress': 'install'}
[1.472533] (custom_interfaces) Command: {'cmd': ['/usr/bin/cmake', '--install', '/home/pochsathya/ros2_ws/build/custom_interfaces'], 'cwd': '/home/pochsathya/ros2_ws/build/custom_interfaces', 'env': OrderedDict([('PYTHON_BASIC_REPL', '1'), ('LESSOPEN', '| /usr/bin/lesspipe %s'), ('USER', 'pochsathya'), ('FONTCONFIG_PATH', '/etc/fonts'), ('GIO_MODULE_DIR', '/home/pochsathya/snap/code/common/.cache/gio-modules'), ('XDG_SESSION_TYPE', 'wayland'), ('GIT_ASKPASS', '/snap/code/230/usr/share/code/resources/app/extensions/git/dist/askpass.sh'), ('GTK_EXE_PREFIX_VSCODE_SNAP_ORIG', ''), ('GDK_BACKEND_VSCODE_SNAP_ORIG', ''), ('SHLVL', '2'), ('LD_LIBRARY_PATH', '/home/pochsathya/ros2_ws/install/custom_interfaces/lib:/usr/lib/x86_64-linux-gnu/gazebo-11/plugins:/opt/ros/humble/opt/rviz_ogre_vendor/lib:/opt/ros/humble/lib/x86_64-linux-gnu:/opt/ros/humble/lib'), ('HOME', '/home/pochsathya'), ('CHROME_DESKTOP', 'code.desktop'), ('LOCPATH_VSCODE_SNAP_ORIG', ''), ('OLDPWD', '/home/pochsathya/ros2_ws/src'), ('TERM_PROGRAM_VERSION', '1.112.0'), ('DESKTOP_SESSION', 'ubuntu'), ('GTK_PATH', '/snap/code/230/usr/lib/x86_64-linux-gnu/gtk-3.0'), ('NVM_BIN', '/home/pochsathya/.nvm/versions/node/v24.14.0/bin'), ('NVM_INC', '/home/pochsathya/.nvm/versions/node/v24.14.0/include/node'), ('XDG_DATA_HOME_VSCODE_SNAP_ORIG', ''), ('GTK_IM_MODULE_FILE', '/home/pochsathya/snap/code/common/.cache/immodules/immodules.cache'), ('ROS_PYTHON_VERSION', '3'), ('GNOME_SHELL_SESSION_MODE', 'ubuntu'), ('GTK_MODULES', 'gail:atk-bridge'), ('GK_GL_PATH', '/tmp/gitkraken/gitlens/gitlens-ipc-server-3329-34165.json'), ('GSETTINGS_SCHEMA_DIR_VSCODE_SNAP_ORIG', ''), ('VSCODE_GIT_ASKPASS_MAIN', '/snap/code/230/usr/share/code/resources/app/extensions/git/dist/askpass-main.js'), ('VSCODE_GIT_ASKPASS_NODE', '/snap/code/230/usr/share/code/code'), ('PYDEVD_DISABLE_FILE_VALIDATION', '1'), ('SYSTEMD_EXEC_PID', '2320'), ('BUNDLED_DEBUGPY_PATH', '/home/pochsathya/.vscode/extensions/ms-python.debugpy-2025.18.0-linux-x64/bundled/libs/debugpy'), ('VSCODE_PYTHON_AUTOACTIVATE_GUARD', '1'), ('DBUS_SESSION_BUS_ADDRESS', 'unix:path=/run/user/1000/bus'), ('COLORTERM', 'truecolor'), ('NVM_DIR', '/home/pochsathya/.nvm'), ('IM_CONFIG_PHASE', '1'), ('WAYLAND_DISPLAY', 'wayland-0'), ('COLCON_PREFIX_PATH', '/home/pochsathya/ros2_ws/install:/home/pochsathya/ros2_ws/src/house_navigation_pkg/house_navigation_pkg/install'), ('ROS_DISTRO', 'humble'), ('LOGNAME', 'pochsathya'), ('_', '/usr/bin/colcon'), ('ROS_VERSION', '2'), ('XDG_CONFIG_DIRS_VSCODE_SNAP_ORIG', '/etc/xdg/xdg-ubuntu:/etc/xdg'), ('XDG_SESSION_CLASS', 'user'), ('XDG_DATA_DIRS_VSCODE_SNAP_ORIG', '/usr/share/ubuntu:/usr/local/share/:/usr/share/:/var/lib/snapd/desktop'), ('USERNAME', 'pochsathya'), ('TERM', 'xterm-256color'), ('GNOME_DESKTOP_SESSION_ID', 'this-is-deprecated'), ('FC_FONTATIONS', '1'), ('ROS_LOCALHOST_ONLY', '0'), ('PATH', '/home/pochsathya/.config/Code/User/globalStorage/github.copilot-chat/debugCommand:/home/pochsathya/.config/Code/User/globalStorage/github.copilot-chat/copilotCli:/home/pochsathya/.nvm/versions/node/v24.14.0/bin:/opt/ros/humble/bin:/home/pochsathya/.local/bin:/usr/local/sbin:/usr/local/bin:/usr/sbin:/usr/bin:/sbin:/bin:/usr/games:/usr/local/games:/snap/bin:/snap/bin:/home/pochsathya/.vscode/extensions/ms-python.debugpy-2025.18.0-linux-x64/bundled/scripts/noConfigScripts'), ('SESSION_MANAGER', 'local/pochsathya-Legion-Pro-5-16IRX8:@/tmp/.ICE-unix/2081,unix/pochsathya-Legion-Pro-5-16IRX8:/tmp/.ICE-unix/2081'), ('GTK_EXE_PREFIX', '/snap/code/230/usr'), ('XDG_MENU_PREFIX', 'gnome-'), ('GNOME_TERMINAL_SCREEN', '/org/gnome/Terminal/screen/3022cf24_8779_4048_b403_e606844e479e'), ('GNOME_SETUP_DISPLAY', ':1'), ('XDG_RUNTIME_DIR', '/run/user/1000'), ('GDK_BACKEND', 'x11'), ('DISPLAY', ':0'), ('LOCPATH', '/snap/code/230/usr/lib/locale'), ('VSCODE_DEBUGPY_ADAPTER_ENDPOINTS', '/home/pochsathya/.vscode/extensions/ms-python.debugpy-2025.18.0-linux-x64/.noConfigDebugAdapterEndpoints/endpoint-2afe878aa90fcd67.txt'), ('LANG', 'en_US.UTF-8'), ('XDG_CURRENT_DESKTOP', 'ubuntu:GNOME'), ('PYTHONSTARTUP', '/home/pochsathya/.config/Code/User/workspaceStorage/f271fc560773b7ce7087c0335d36366c/ms-python.python/pythonrc.py'), ('GIO_MODULE_DIR_VSCODE_SNAP_ORIG', ''), ('XDG_DATA_HOME', '/home/pochsathya/snap/code/230/.local/share'), ('XMODIFIERS', '@im=ibus'), ('XDG_SESSION_DESKTOP', 'ubuntu'), ('XAUTHORITY', '/run/user/1000/.mutter-Xwaylandauth.YFTWM3'), ('LS_COLORS', 'rs=0:di=01;34:ln=01;36:mh=00:pi=40;33:so=01;35:do=01;35:bd=40;33;01:cd=40;33;01:or=40;31;01:mi=00:su=37;41:sg=30;43:ca=30;41:tw=30;42:ow=34;42:st=37;44:ex=01;32:*.tar=01;31:*.tgz=01;31:*.arc=01;31:*.arj=01;31:*.taz=01;31:*.lha=01;31:*.lz4=01;31:*.lzh=01;31:*.lzma=01;31:*.tlz=01;31:*.txz=01;31:*.tzo=01;31:*.t7z=01;31:*.zip=01;31:*.z=01;31:*.dz=01;31:*.gz=01;31:*.lrz=01;31:*.lz=01;31:*.lzo=01;31:*.xz=01;31:*.zst=01;31:*.tzst=01;31:*.bz2=01;31:*.bz=01;31:*.tbz=01;31:*.tbz2=01;31:*.tz=01;31:*.deb=01;31:*.rpm=01;31:*.jar=01;31:*.war=01;31:*.ear=01;31:*.sar=01;31:*.rar=01;31:*.alz=01;31:*.ace=01;31:*.zoo=01;31:*.cpio=01;31:*.7z=01;31:*.rz=01;31:*.cab=01;31:*.wim=01;31:*.swm=01;31:*.dwm=01;31:*.esd=01;31:*.jpg=01;35:*.jpeg=01;35:*.mjpg=01;35:*.mjpeg=01;35:*.gif=01;35:*.bmp=01;35:*.pbm=01;35:*.pgm=01;35:*.ppm=01;35:*.tga=01;35:*.xbm=01;35:*.xpm=01;35:*.tif=01;35:*.tiff=01;35:*.png=01;35:*.svg=01;35:*.svgz=01;35:*.mng=01;35:*.pcx=01;35:*.mov=01;35:*.mpg=01;35:*.mpeg=01;35:*.m2v=01;35:*.mkv=01;35:*.webm=01;35:*.webp=01;35:*.ogm=01;35:*.mp4=01;35:*.m4v=01;35:*.mp4v=01;35:*.vob=01;35:*.qt=01;35:*.nuv=01;35:*.wmv=01;35:*.asf=01;35:*.rm=01;35:*.rmvb=01;35:*.flc=01;35:*.avi=01;35:*.fli=01;35:*.flv=01;35:*.gl=01;35:*.dl=01;35:*.xcf=01;35:*.xwd=01;35:*.yuv=01;35:*.cgm=01;35:*.emf=01;35:*.ogv=01;35:*.ogx=01;35:*.aac=00;36:*.au=00;36:*.flac=00;36:*.m4a=00;36:*.mid=00;36:*.midi=00;36:*.mka=00;36:*.mp3=00;36:*.mpc=00;36:*.ogg=00;36:*.ra=00;36:*.wav=00;36:*.oga=00;36:*.opus=00;36:*.spx=00;36:*.xspf=00;36:'), ('VSCODE_GIT_IPC_HANDLE', '/run/user/1000/vscode-git-8e822459fc.sock'), ('GNOME_TERMINAL_SERVICE', ':1.113'), ('TERM_PROGRAM', 'vscode'), ('SSH_AGENT_LAUNCHER', 'gnome-keyring'), ('SSH_AUTH_SOCK', '/run/user/1000/keyring/ssh'), ('GSETTINGS_SCHEMA_DIR', '/home/pochsathya/snap/code/230/.local/share/glib-2.0/schemas'), ('AMENT_PREFIX_PATH', '/home/pochsathya/ros2_ws/install/house_navigation_pkg:/home/pochsathya/ros2_ws/install/subscriber_pkg:/home/pochsathya/ros2_ws/install/publisher_pkg:/home/pochsathya/ros2_ws/install/odometry_pkg:/home/pochsathya/ros2_ws/install/my_first_pkg:/home/pochsathya/ros2_ws/install/example36_pkg:/home/pochsathya/ros2_ws/install/custom_interfaces:/opt/ros/humble'), ('SHELL', '/bin/bash'), ('QT_ACCESSIBILITY', '1'), ('GDMSESSION', 'ubuntu'), ('LESSCLOSE', '/usr/bin/lesspipe %s %s'), ('GTK_PATH_VSCODE_SNAP_ORIG', ''), ('FONTCONFIG_FILE', '/etc/fonts/fonts.conf'), ('GK_GL_ADDR', 'http://127.0.0.1:34165'), ('GTK_IM_MODULE_FILE_VSCODE_SNAP_ORIG', ''), ('VSCODE_GIT_ASKPASS_EXTRA_ARGS', ''), ('QT_IM_MODULE', 'ibus'), ('PWD', '/home/pochsathya/ros2_ws/build/custom_interfaces'), ('TURTLEBOT3_MODEL', 'burger'), ('LC_ALL', 'en_US.UTF-8'), ('XDG_CONFIG_DIRS', '/etc/xdg/xdg-ubuntu:/etc/xdg'), ('NVM_CD_FLAGS', ''), ('XDG_DATA_DIRS', '/home/pochsathya/snap/code/230/.local/share:/home/pochsathya/snap/code/230:/snap/code/230/usr/share:/usr/share/ubuntu:/usr/local/share/:/usr/share/:/var/lib/snapd/desktop'), ('PYTHONPATH', '/home/pochsathya/ros2_ws/install/house_navigation_pkg/lib/python3.10/site-packages:/home/pochsathya/ros2_ws/install/subscriber_pkg/lib/python3.10/site-packages:/home/pochsathya/ros2_ws/install/publisher_pkg/lib/python3.10/site-packages:/home/pochsathya/ros2_ws/install/odometry_pkg/lib/python3.10/site-packages:/home/pochsathya/ros2_ws/install/my_first_pkg/lib/python3.10/site-packages:/home/pochsathya/ros2_ws/install/example36_pkg/lib/python3.10/site-packages:/home/pochsathya/ros2_ws/install/custom_interfaces/local/lib/python3.10/dist-packages:/opt/ros/humble/lib/python3.10/site-packages:/opt/ros/humble/local/lib/python3.10/dist-packages'), ('COLCON', '1'), ('VTE_VERSION', '6800'), ('CMAKE_PREFIX_PATH', '/home/pochsathya/ros2_ws/install/custom_interfaces:/home/pochsathya/ros2_ws/install/house_navigation_pkg:/home/pochsathya/ros2_ws/install/subscriber_pkg:/home/pochsathya/ros2_ws/install/publisher_pkg:/home/pochsathya/ros2_ws/install/odometry_pkg:/home/pochsathya/ros2_ws/install/my_first_pkg:/home/pochsathya/ros2_ws/install/example36_pkg:/opt/ros/humble')]), 'shell': False}
[1.487709] (custom_interfaces) StdoutLine: {'line': b'-- Install configuration: ""\n'}
[1.488247] (custom_interfaces) StdoutLine: {'line': b'-- Up-to-date: /home/pochsathya/ros2_ws/install/custom_interfaces/share/ament_index/resource_index/rosidl_interfaces/custom_interfaces\n'}
[1.488372] (custom_interfaces) StdoutLine: {'line': b'-- Up-to-date: /home/pochsathya/ros2_ws/install/custom_interfaces/include/custom_interfaces/custom_interfaces\n'}
[1.488646] (custom_interfaces) StdoutLine: {'line': b'-- Up-to-date: /home/pochsathya/ros2_ws/install/custom_interfaces/include/custom_interfaces/custom_interfaces/msg\n'}
[1.489761] (custom_interfaces) StdoutLine: {'line': b'-- Up-to-date: /home/pochsathya/ros2_ws/install/custom_interfaces/include/custom_interfaces/custom_interfaces/msg/age.h\n'}
[1.490873] (custom_interfaces) StdoutLine: {'line': b'-- Up-to-date: /home/pochsathya/ros2_ws/install/custom_interfaces/include/custom_interfaces/custom_interfaces/msg/rosidl_generator_c__visibility_control.h\n'}
[1.492197] (custom_interfaces) StdoutLine: {'line': b'-- Up-to-date: /home/pochsathya/ros2_ws/install/custom_interfaces/include/custom_interfaces/custom_interfaces/msg/detail\n'}
[1.493532] (custom_interfaces) StdoutLine: {'line': b'-- Up-to-date: /home/pochsathya/ros2_ws/install/custom_interfaces/include/custom_interfaces/custom_interfaces/msg/detail/age__struct.h\n'}
[1.493648] (custom_interfaces) StdoutLine: {'line': b'-- Up-to-date: /home/pochsathya/ros2_ws/install/custom_interfaces/include/custom_interfaces/custom_interfaces/msg/detail/age__functions.h\n'}
[1.493778] (custom_interfaces) StdoutLine: {'line': b'-- Up-to-date: /home/pochsathya/ros2_ws/install/custom_interfaces/include/custom_interfaces/custom_interfaces/msg/detail/age__type_support.h\n'}
[1.493869] (custom_interfaces) StdoutLine: {'line': b'-- Up-to-date: /home/pochsathya/ros2_ws/install/custom_interfaces/include/custom_interfaces/custom_interfaces/msg/detail/age__functions.c\n'}
[1.493952] (custom_interfaces) StdoutLine: {'line': b'-- Up-to-date: /home/pochsathya/ros2_ws/install/custom_interfaces/share/custom_interfaces/environment/library_path.sh\n'}
[1.494036] (custom_interfaces) StdoutLine: {'line': b'-- Up-to-date: /home/pochsathya/ros2_ws/install/custom_interfaces/share/custom_interfaces/environment/library_path.dsv\n'}
[1.494120] (custom_interfaces) StdoutLine: {'line': b'-- Up-to-date: /home/pochsathya/ros2_ws/install/custom_interfaces/lib/libcustom_interfaces__rosidl_generator_c.so\n'}
[1.494236] (custom_interfaces) StdoutLine: {'line': b'-- Up-to-date: /home/pochsathya/ros2_ws/install/custom_interfaces/include/custom_interfaces/custom_interfaces\n'}
[1.494322] (custom_interfaces) StdoutLine: {'line': b'-- Up-to-date: /home/pochsathya/ros2_ws/install/custom_interfaces/include/custom_interfaces/custom_interfaces/msg\n'}
[1.494403] (custom_interfaces) StdoutLine: {'line': b'-- Up-to-date: /home/pochsathya/ros2_ws/install/custom_interfaces/include/custom_interfaces/custom_interfaces/msg/rosidl_typesupport_fastrtps_c__visibility_control.h\n'}
[1.494525] (custom_interfaces) StdoutLine: {'line': b'-- Up-to-date: /home/pochsathya/ros2_ws/install/custom_interfaces/include/custom_interfaces/custom_interfaces/msg/detail\n'}
[1.494614] (custom_interfaces) StdoutLine: {'line': b'-- Up-to-date: /home/pochsathya/ros2_ws/install/custom_interfaces/include/custom_interfaces/custom_interfaces/msg/detail/age__rosidl_typesupport_fastrtps_c.h\n'}
[1.494701] (custom_interfaces) StdoutLine: {'line': b'-- Up-to-date: /home/pochsathya/ros2_ws/install/custom_interfaces/lib/libcustom_interfaces__rosidl_typesupport_fastrtps_c.so\n'}
[1.494786] (custom_interfaces) StdoutLine: {'line': b'-- Up-to-date: /home/pochsathya/ros2_ws/install/custom_interfaces/include/custom_interfaces/custom_interfaces\n'}
[1.494871] (custom_interfaces) StdoutLine: {'line': b'-- Up-to-date: /home/pochsathya/ros2_ws/install/custom_interfaces/include/custom_interfaces/custom_interfaces/msg\n'}
[1.494955] (custom_interfaces) StdoutLine: {'line': b'-- Up-to-date: /home/pochsathya/ros2_ws/install/custom_interfaces/include/custom_interfaces/custom_interfaces/msg/age.hpp\n'}
[1.495090] (custom_interfaces) StdoutLine: {'line': b'-- Up-to-date: /home/pochsathya/ros2_ws/install/custom_interfaces/include/custom_interfaces/custom_interfaces/msg/rosidl_generator_cpp__visibility_control.hpp\n'}
[1.495448] (custom_interfaces) StdoutLine: {'line': b'-- Up-to-date: /home/pochsathya/ros2_ws/install/custom_interfaces/include/custom_interfaces/custom_interfaces/msg/detail\n'}
[1.495691] (custom_interfaces) StdoutLine: {'line': b'-- Up-to-date: /home/pochsathya/ros2_ws/install/custom_interfaces/include/custom_interfaces/custom_interfaces/msg/detail/age__traits.hpp\n'}
[1.495796] (custom_interfaces) StdoutLine: {'line': b'-- Up-to-date: /home/pochsathya/ros2_ws/install/custom_interfaces/include/custom_interfaces/custom_interfaces/msg/detail/age__type_support.hpp\n'}
[1.495882] (custom_interfaces) StdoutLine: {'line': b'-- Up-to-date: /home/pochsathya/ros2_ws/install/custom_interfaces/include/custom_interfaces/custom_interfaces/msg/detail/age__struct.hpp\n'}
[1.495961] (custom_interfaces) StdoutLine: {'line': b'-- Up-to-date: /home/pochsathya/ros2_ws/install/custom_interfaces/include/custom_interfaces/custom_interfaces/msg/detail/age__builder.hpp\n'}
[1.496039] (custom_interfaces) StdoutLine: {'line': b'-- Up-to-date: /home/pochsathya/ros2_ws/install/custom_interfaces/include/custom_interfaces/custom_interfaces\n'}
[1.496119] (custom_interfaces) StdoutLine: {'line': b'-- Up-to-date: /home/pochsathya/ros2_ws/install/custom_interfaces/include/custom_interfaces/custom_interfaces/msg\n'}
[1.496190] (custom_interfaces) StdoutLine: {'line': b'-- Up-to-date: /home/pochsathya/ros2_ws/install/custom_interfaces/include/custom_interfaces/custom_interfaces/msg/rosidl_typesupport_fastrtps_cpp__visibility_control.h\n'}
[1.496349] (custom_interfaces) StdoutLine: {'line': b'-- Up-to-date: /home/pochsathya/ros2_ws/install/custom_interfaces/include/custom_interfaces/custom_interfaces/msg/detail\n'}
[1.496421] (custom_interfaces) StdoutLine: {'line': b'-- Up-to-date: /home/pochsathya/ros2_ws/install/custom_interfaces/include/custom_interfaces/custom_interfaces/msg/detail/dds_fastrtps\n'}
[1.496488] (custom_interfaces) StdoutLine: {'line': b'-- Up-to-date: /home/pochsathya/ros2_ws/install/custom_interfaces/include/custom_interfaces/custom_interfaces/msg/detail/age__rosidl_typesupport_fastrtps_cpp.hpp\n'}
[1.496551] (custom_interfaces) StdoutLine: {'line': b'-- Up-to-date: /home/pochsathya/ros2_ws/install/custom_interfaces/lib/libcustom_interfaces__rosidl_typesupport_fastrtps_cpp.so\n'}
[1.496616] (custom_interfaces) StdoutLine: {'line': b'-- Up-to-date: /home/pochsathya/ros2_ws/install/custom_interfaces/include/custom_interfaces/custom_interfaces\n'}
[1.496684] (custom_interfaces) StdoutLine: {'line': b'-- Up-to-date: /home/pochsathya/ros2_ws/install/custom_interfaces/include/custom_interfaces/custom_interfaces/msg\n'}
[1.496861] (custom_interfaces) StdoutLine: {'line': b'-- Up-to-date: /home/pochsathya/ros2_ws/install/custom_interfaces/include/custom_interfaces/custom_interfaces/msg/detail\n'}
[1.496932] (custom_interfaces) StdoutLine: {'line': b'-- Up-to-date: /home/pochsathya/ros2_ws/install/custom_interfaces/include/custom_interfaces/custom_interfaces/msg/detail/age__rosidl_typesupport_introspection_c.h\n'}
[1.496996] (custom_interfaces) StdoutLine: {'line': b'-- Up-to-date: /home/pochsathya/ros2_ws/install/custom_interfaces/include/custom_interfaces/custom_interfaces/msg/detail/age__type_support.c\n'}
[1.497057] (custom_interfaces) StdoutLine: {'line': b'-- Up-to-date: /home/pochsathya/ros2_ws/install/custom_interfaces/include/custom_interfaces/custom_interfaces/msg/rosidl_typesupport_introspection_c__visibility_control.h\n'}
[1.497118] (custom_interfaces) StdoutLine: {'line': b'-- Up-to-date: /home/pochsathya/ros2_ws/install/custom_interfaces/lib/libcustom_interfaces__rosidl_typesupport_introspection_c.so\n'}
[1.497176] (custom_interfaces) StdoutLine: {'line': b'-- Up-to-date: /home/pochsathya/ros2_ws/install/custom_interfaces/lib/libcustom_interfaces__rosidl_typesupport_c.so\n'}
[1.497240] (custom_interfaces) StdoutLine: {'line': b'-- Up-to-date: /home/pochsathya/ros2_ws/install/custom_interfaces/include/custom_interfaces/custom_interfaces\n'}
[1.497305] (custom_interfaces) StdoutLine: {'line': b'-- Up-to-date: /home/pochsathya/ros2_ws/install/custom_interfaces/include/custom_interfaces/custom_interfaces/msg\n'}
[1.497361] (custom_interfaces) StdoutLine: {'line': b'-- Up-to-date: /home/pochsathya/ros2_ws/install/custom_interfaces/include/custom_interfaces/custom_interfaces/msg/detail\n'}
[1.497418] (custom_interfaces) StdoutLine: {'line': b'-- Up-to-date: /home/pochsathya/ros2_ws/install/custom_interfaces/include/custom_interfaces/custom_interfaces/msg/detail/age__type_support.cpp\n'}
[1.497477] (custom_interfaces) StdoutLine: {'line': b'-- Up-to-date: /home/pochsathya/ros2_ws/install/custom_interfaces/include/custom_interfaces/custom_interfaces/msg/detail/age__rosidl_typesupport_introspection_cpp.hpp\n'}
[1.497534] (custom_interfaces) StdoutLine: {'line': b'-- Up-to-date: /home/pochsathya/ros2_ws/install/custom_interfaces/lib/libcustom_interfaces__rosidl_typesupport_introspection_cpp.so\n'}
[1.497591] (custom_interfaces) StdoutLine: {'line': b'-- Up-to-date: /home/pochsathya/ros2_ws/install/custom_interfaces/lib/libcustom_interfaces__rosidl_typesupport_cpp.so\n'}
[1.497657] (custom_interfaces) StdoutLine: {'line': b'-- Up-to-date: /home/pochsathya/ros2_ws/install/custom_interfaces/share/custom_interfaces/environment/pythonpath.sh\n'}
[1.497727] (custom_interfaces) StdoutLine: {'line': b'-- Up-to-date: /home/pochsathya/ros2_ws/install/custom_interfaces/share/custom_interfaces/environment/pythonpath.dsv\n'}
[1.497787] (custom_interfaces) StdoutLine: {'line': b'-- Up-to-date: /home/pochsathya/ros2_ws/install/custom_interfaces/local/lib/python3.10/dist-packages/custom_interfaces-0.0.0-py3.10.egg-info\n'}
[1.497879] (custom_interfaces) StdoutLine: {'line': b'-- Installing: /home/pochsathya/ros2_ws/install/custom_interfaces/local/lib/python3.10/dist-packages/custom_interfaces-0.0.0-py3.10.egg-info/PKG-INFO\n'}
[1.497935] (custom_interfaces) StdoutLine: {'line': b'-- Installing: /home/pochsathya/ros2_ws/install/custom_interfaces/local/lib/python3.10/dist-packages/custom_interfaces-0.0.0-py3.10.egg-info/dependency_links.txt\n'}
[1.497989] (custom_interfaces) StdoutLine: {'line': b'-- Installing: /home/pochsathya/ros2_ws/install/custom_interfaces/local/lib/python3.10/dist-packages/custom_interfaces-0.0.0-py3.10.egg-info/top_level.txt\n'}
[1.498041] (custom_interfaces) StdoutLine: {'line': b'-- Installing: /home/pochsathya/ros2_ws/install/custom_interfaces/local/lib/python3.10/dist-packages/custom_interfaces-0.0.0-py3.10.egg-info/SOURCES.txt\n'}
[1.498093] (custom_interfaces) StdoutLine: {'line': b'-- Up-to-date: /home/pochsathya/ros2_ws/install/custom_interfaces/local/lib/python3.10/dist-packages/custom_interfaces\n'}
[1.498149] (custom_interfaces) StdoutLine: {'line': b'-- Up-to-date: /home/pochsathya/ros2_ws/install/custom_interfaces/local/lib/python3.10/dist-packages/custom_interfaces/libcustom_interfaces__rosidl_generator_py.so\n'}
[1.498204] (custom_interfaces) StdoutLine: {'line': b'-- Up-to-date: /home/pochsathya/ros2_ws/install/custom_interfaces/local/lib/python3.10/dist-packages/custom_interfaces/custom_interfaces_s__rosidl_typesupport_introspection_c.cpython-310-x86_64-linux-gnu.so\n'}
[1.498272] (custom_interfaces) StdoutLine: {'line': b'-- Up-to-date: /home/pochsathya/ros2_ws/install/custom_interfaces/local/lib/python3.10/dist-packages/custom_interfaces/_custom_interfaces_s.ep.rosidl_typesupport_fastrtps_c.c\n'}
[1.498327] (custom_interfaces) StdoutLine: {'line': b'-- Up-to-date: /home/pochsathya/ros2_ws/install/custom_interfaces/local/lib/python3.10/dist-packages/custom_interfaces/__init__.py\n'}
[1.498380] (custom_interfaces) StdoutLine: {'line': b'-- Up-to-date: /home/pochsathya/ros2_ws/install/custom_interfaces/local/lib/python3.10/dist-packages/custom_interfaces/_custom_interfaces_s.ep.rosidl_typesupport_c.c\n'}
[1.498432] (custom_interfaces) StdoutLine: {'line': b'-- Up-to-date: /home/pochsathya/ros2_ws/install/custom_interfaces/local/lib/python3.10/dist-packages/custom_interfaces/_custom_interfaces_s.ep.rosidl_typesupport_introspection_c.c\n'}
[1.498488] (custom_interfaces) StdoutLine: {'line': b'-- Up-to-date: /home/pochsathya/ros2_ws/install/custom_interfaces/local/lib/python3.10/dist-packages/custom_interfaces/custom_interfaces_s__rosidl_typesupport_fastrtps_c.cpython-310-x86_64-linux-gnu.so\n'}
[1.498539] (custom_interfaces) StdoutLine: {'line': b'-- Up-to-date: /home/pochsathya/ros2_ws/install/custom_interfaces/local/lib/python3.10/dist-packages/custom_interfaces/msg\n'}
[1.498590] (custom_interfaces) StdoutLine: {'line': b'-- Up-to-date: /home/pochsathya/ros2_ws/install/custom_interfaces/local/lib/python3.10/dist-packages/custom_interfaces/msg/_age.py\n'}
[1.498658] (custom_interfaces) StdoutLine: {'line': b'-- Up-to-date: /home/pochsathya/ros2_ws/install/custom_interfaces/local/lib/python3.10/dist-packages/custom_interfaces/msg/__init__.py\n'}
[1.498712] (custom_interfaces) StdoutLine: {'line': b'-- Up-to-date: /home/pochsathya/ros2_ws/install/custom_interfaces/local/lib/python3.10/dist-packages/custom_interfaces/msg/_age_s.c\n'}
[1.498765] (custom_interfaces) StdoutLine: {'line': b'-- Up-to-date: /home/pochsathya/ros2_ws/install/custom_interfaces/local/lib/python3.10/dist-packages/custom_interfaces/custom_interfaces_s__rosidl_typesupport_c.cpython-310-x86_64-linux-gnu.so\n'}
[1.505909] (-) TimerEvent: {}
[1.529815] (custom_interfaces) StdoutLine: {'line': b"Listing '/home/pochsathya/ros2_ws/install/custom_interfaces/local/lib/python3.10/dist-packages/custom_interfaces'...\n"}
[1.529941] (custom_interfaces) StdoutLine: {'line': b"Listing '/home/pochsathya/ros2_ws/install/custom_interfaces/local/lib/python3.10/dist-packages/custom_interfaces/msg'...\n"}
[1.532219] (custom_interfaces) StdoutLine: {'line': b'-- Up-to-date: /home/pochsathya/ros2_ws/install/custom_interfaces/local/lib/python3.10/dist-packages/custom_interfaces/custom_interfaces_s__rosidl_typesupport_fastrtps_c.cpython-310-x86_64-linux-gnu.so\n'}
[1.532406] (custom_interfaces) StdoutLine: {'line': b'-- Up-to-date: /home/pochsathya/ros2_ws/install/custom_interfaces/local/lib/python3.10/dist-packages/custom_interfaces/custom_interfaces_s__rosidl_typesupport_introspection_c.cpython-310-x86_64-linux-gnu.so\n'}
[1.532491] (custom_interfaces) StdoutLine: {'line': b'-- Up-to-date: /home/pochsathya/ros2_ws/install/custom_interfaces/local/lib/python3.10/dist-packages/custom_interfaces/custom_interfaces_s__rosidl_typesupport_c.cpython-310-x86_64-linux-gnu.so\n'}
[1.532562] (custom_interfaces) StdoutLine: {'line': b'-- Up-to-date: /home/pochsathya/ros2_ws/install/custom_interfaces/lib/libcustom_interfaces__rosidl_generator_py.so\n'}
[1.532652] (custom_interfaces) StdoutLine: {'line': b'-- Up-to-date: /home/pochsathya/ros2_ws/install/custom_interfaces/share/custom_interfaces/msg/Age.idl\n'}
[1.532737] (custom_interfaces) StdoutLine: {'line': b'-- Up-to-date: /home/pochsathya/ros2_ws/install/custom_interfaces/share/custom_interfaces/msg/Age.msg\n'}
[1.532819] (custom_interfaces) StdoutLine: {'line': b'-- Up-to-date: /home/pochsathya/ros2_ws/install/custom_interfaces/share/ament_index/resource_index/package_run_dependencies/custom_interfaces\n'}
[1.532887] (custom_interfaces) StdoutLine: {'line': b'-- Up-to-date: /home/pochsathya/ros2_ws/install/custom_interfaces/share/ament_index/resource_index/parent_prefix_path/custom_interfaces\n'}
[1.532965] (custom_interfaces) StdoutLine: {'line': b'-- Up-to-date: /home/pochsathya/ros2_ws/install/custom_interfaces/share/custom_interfaces/environment/ament_prefix_path.sh\n'}
[1.533040] (custom_interfaces) StdoutLine: {'line': b'-- Up-to-date: /home/pochsathya/ros2_ws/install/custom_interfaces/share/custom_interfaces/environment/ament_prefix_path.dsv\n'}
[1.533104] (custom_interfaces) StdoutLine: {'line': b'-- Up-to-date: /home/pochsathya/ros2_ws/install/custom_interfaces/share/custom_interfaces/environment/path.sh\n'}
[1.533179] (custom_interfaces) StdoutLine: {'line': b'-- Up-to-date: /home/pochsathya/ros2_ws/install/custom_interfaces/share/custom_interfaces/environment/path.dsv\n'}
[1.533253] (custom_interfaces) StdoutLine: {'line': b'-- Up-to-date: /home/pochsathya/ros2_ws/install/custom_interfaces/share/custom_interfaces/local_setup.bash\n'}
[1.533330] (custom_interfaces) StdoutLine: {'line': b'-- Up-to-date: /home/pochsathya/ros2_ws/install/custom_interfaces/share/custom_interfaces/local_setup.sh\n'}
[1.533396] (custom_interfaces) StdoutLine: {'line': b'-- Up-to-date: /home/pochsathya/ros2_ws/install/custom_interfaces/share/custom_interfaces/local_setup.zsh\n'}
[1.533464] (custom_interfaces) StdoutLine: {'line': b'-- Up-to-date: /home/pochsathya/ros2_ws/install/custom_interfaces/share/custom_interfaces/local_setup.dsv\n'}
[1.533538] (custom_interfaces) StdoutLine: {'line': b'-- Installing: /home/pochsathya/ros2_ws/install/custom_interfaces/share/custom_interfaces/package.dsv\n'}
[1.533616] (custom_interfaces) StdoutLine: {'line': b'-- Up-to-date: /home/pochsathya/ros2_ws/install/custom_interfaces/share/ament_index/resource_index/packages/custom_interfaces\n'}
[1.533687] (custom_interfaces) StdoutLine: {'line': b'-- Up-to-date: /home/pochsathya/ros2_ws/install/custom_interfaces/share/custom_interfaces/cmake/export_custom_interfaces__rosidl_generator_cExport.cmake\n'}
[1.533739] (custom_interfaces) StdoutLine: {'line': b'-- Up-to-date: /home/pochsathya/ros2_ws/install/custom_interfaces/share/custom_interfaces/cmake/export_custom_interfaces__rosidl_generator_cExport-noconfig.cmake\n'}
[1.533793] (custom_interfaces) StdoutLine: {'line': b'-- Up-to-date: /home/pochsathya/ros2_ws/install/custom_interfaces/share/custom_interfaces/cmake/export_custom_interfaces__rosidl_typesupport_fastrtps_cExport.cmake\n'}
[1.533846] (custom_interfaces) StdoutLine: {'line': b'-- Up-to-date: /home/pochsathya/ros2_ws/install/custom_interfaces/share/custom_interfaces/cmake/export_custom_interfaces__rosidl_typesupport_fastrtps_cExport-noconfig.cmake\n'}
[1.533898] (custom_interfaces) StdoutLine: {'line': b'-- Up-to-date: /home/pochsathya/ros2_ws/install/custom_interfaces/share/custom_interfaces/cmake/export_custom_interfaces__rosidl_generator_cppExport.cmake\n'}
[1.533949] (custom_interfaces) StdoutLine: {'line': b'-- Up-to-date: /home/pochsathya/ros2_ws/install/custom_interfaces/share/custom_interfaces/cmake/export_custom_interfaces__rosidl_typesupport_fastrtps_cppExport.cmake\n'}
[1.534000] (custom_interfaces) StdoutLine: {'line': b'-- Up-to-date: /home/pochsathya/ros2_ws/install/custom_interfaces/share/custom_interfaces/cmake/export_custom_interfaces__rosidl_typesupport_fastrtps_cppExport-noconfig.cmake\n'}
[1.534052] (custom_interfaces) StdoutLine: {'line': b'-- Up-to-date: /home/pochsathya/ros2_ws/install/custom_interfaces/share/custom_interfaces/cmake/custom_interfaces__rosidl_typesupport_introspection_cExport.cmake\n'}
[1.534102] (custom_interfaces) StdoutLine: {'line': b'-- Up-to-date: /home/pochsathya/ros2_ws/install/custom_interfaces/share/custom_interfaces/cmake/custom_interfaces__rosidl_typesupport_introspection_cExport-noconfig.cmake\n'}
[1.534157] (custom_interfaces) StdoutLine: {'line': b'-- Up-to-date: /home/pochsathya/ros2_ws/install/custom_interfaces/share/custom_interfaces/cmake/custom_interfaces__rosidl_typesupport_cExport.cmake\n'}
[1.534208] (custom_interfaces) StdoutLine: {'line': b'-- Up-to-date: /home/pochsathya/ros2_ws/install/custom_interfaces/share/custom_interfaces/cmake/custom_interfaces__rosidl_typesupport_cExport-noconfig.cmake\n'}
[1.534264] (custom_interfaces) StdoutLine: {'line': b'-- Up-to-date: /home/pochsathya/ros2_ws/install/custom_interfaces/share/custom_interfaces/cmake/custom_interfaces__rosidl_typesupport_introspection_cppExport.cmake\n'}
[1.534323] (custom_interfaces) StdoutLine: {'line': b'-- Up-to-date: /home/pochsathya/ros2_ws/install/custom_interfaces/share/custom_interfaces/cmake/custom_interfaces__rosidl_typesupport_introspection_cppExport-noconfig.cmake\n'}
[1.534376] (custom_interfaces) StdoutLine: {'line': b'-- Up-to-date: /home/pochsathya/ros2_ws/install/custom_interfaces/share/custom_interfaces/cmake/custom_interfaces__rosidl_typesupport_cppExport.cmake\n'}
[1.534427] (custom_interfaces) StdoutLine: {'line': b'-- Up-to-date: /home/pochsathya/ros2_ws/install/custom_interfaces/share/custom_interfaces/cmake/custom_interfaces__rosidl_typesupport_cppExport-noconfig.cmake\n'}
[1.534486] (custom_interfaces) StdoutLine: {'line': b'-- Up-to-date: /home/pochsathya/ros2_ws/install/custom_interfaces/share/custom_interfaces/cmake/export_custom_interfaces__rosidl_generator_pyExport.cmake\n'}
[1.534557] (custom_interfaces) StdoutLine: {'line': b'-- Up-to-date: /home/pochsathya/ros2_ws/install/custom_interfaces/share/custom_interfaces/cmake/export_custom_interfaces__rosidl_generator_pyExport-noconfig.cmake\n'}
[1.534595] (custom_interfaces) StdoutLine: {'line': b'-- Up-to-date: /home/pochsathya/ros2_ws/install/custom_interfaces/share/custom_interfaces/cmake/rosidl_cmake-extras.cmake\n'}
[1.534669] (custom_interfaces) StdoutLine: {'line': b'-- Up-to-date: /home/pochsathya/ros2_ws/install/custom_interfaces/share/custom_interfaces/cmake/ament_cmake_export_include_directories-extras.cmake\n'}
[1.534693] (custom_interfaces) StdoutLine: {'line': b'-- Up-to-date: /home/pochsathya/ros2_ws/install/custom_interfaces/share/custom_interfaces/cmake/ament_cmake_export_libraries-extras.cmake\n'}
[1.534715] (custom_interfaces) StdoutLine: {'line': b'-- Up-to-date: /home/pochsathya/ros2_ws/install/custom_interfaces/share/custom_interfaces/cmake/ament_cmake_export_targets-extras.cmake\n'}
[1.534738] (custom_interfaces) StdoutLine: {'line': b'-- Up-to-date: /home/pochsathya/ros2_ws/install/custom_interfaces/share/custom_interfaces/cmake/rosidl_cmake_export_typesupport_targets-extras.cmake\n'}
[1.534760] (custom_interfaces) StdoutLine: {'line': b'-- Up-to-date: /home/pochsathya/ros2_ws/install/custom_interfaces/share/custom_interfaces/cmake/ament_cmake_export_dependencies-extras.cmake\n'}
[1.534780] (custom_interfaces) StdoutLine: {'line': b'-- Up-to-date: /home/pochsathya/ros2_ws/install/custom_interfaces/share/custom_interfaces/cmake/rosidl_cmake_export_typesupport_libraries-extras.cmake\n'}
[1.534800] (custom_interfaces) StdoutLine: {'line': b'-- Up-to-date: /home/pochsathya/ros2_ws/install/custom_interfaces/share/custom_interfaces/cmake/custom_interfacesConfig.cmake\n'}
[1.534820] (custom_interfaces) StdoutLine: {'line': b'-- Up-to-date: /home/pochsathya/ros2_ws/install/custom_interfaces/share/custom_interfaces/cmake/custom_interfacesConfig-version.cmake\n'}
[1.534871] (custom_interfaces) StdoutLine: {'line': b'-- Up-to-date: /home/pochsathya/ros2_ws/install/custom_interfaces/share/custom_interfaces/package.xml\n'}
[1.535375] (custom_interfaces) CommandEnded: {'returncode': 0}
[1.564070] (custom_interfaces) JobEnded: {'identifier': 'custom_interfaces', 'rc': 0}
[1.565335] (example36_pkg) JobStarted: {'identifier': 'example36_pkg'}
[1.606013] (-) TimerEvent: {}
[1.706317] (-) TimerEvent: {}
[1.769521] (publisher_pkg) Command: {'cmd': ['/usr/bin/python3', '-W', 'ignore:setup.py install is deprecated', '-W', 'ignore:easy_install command is deprecated', 'setup.py', 'egg_info', '--egg-base', '../../build/publisher_pkg', 'build', '--build-base', '/home/pochsathya/ros2_ws/build/publisher_pkg/build', 'install', '--record', '/home/pochsathya/ros2_ws/build/publisher_pkg/install.log', '--single-version-externally-managed', 'install_data'], 'cwd': '/home/pochsathya/ros2_ws/src/publisher_pkg', 'env': {'PYTHON_BASIC_REPL': '1', 'LESSOPEN': '| /usr/bin/lesspipe %s', 'USER': 'pochsathya', 'FONTCONFIG_PATH': '/etc/fonts', 'GIO_MODULE_DIR': '/home/pochsathya/snap/code/common/.cache/gio-modules', 'XDG_SESSION_TYPE': 'wayland', 'GIT_ASKPASS': '/snap/code/230/usr/share/code/resources/app/extensions/git/dist/askpass.sh', 'GTK_EXE_PREFIX_VSCODE_SNAP_ORIG': '', 'GDK_BACKEND_VSCODE_SNAP_ORIG': '', 'SHLVL': '2', 'LD_LIBRARY_PATH': '/home/pochsathya/ros2_ws/install/custom_interfaces/lib:/usr/lib/x86_64-linux-gnu/gazebo-11/plugins:/opt/ros/humble/opt/rviz_ogre_vendor/lib:/opt/ros/humble/lib/x86_64-linux-gnu:/opt/ros/humble/lib', 'HOME': '/home/pochsathya', 'CHROME_DESKTOP': 'code.desktop', 'LOCPATH_VSCODE_SNAP_ORIG': '', 'OLDPWD': '/home/pochsathya/ros2_ws/src', 'TERM_PROGRAM_VERSION': '1.112.0', 'DESKTOP_SESSION': 'ubuntu', 'GTK_PATH': '/snap/code/230/usr/lib/x86_64-linux-gnu/gtk-3.0', 'NVM_BIN': '/home/pochsathya/.nvm/versions/node/v24.14.0/bin', 'NVM_INC': '/home/pochsathya/.nvm/versions/node/v24.14.0/include/node', 'XDG_DATA_HOME_VSCODE_SNAP_ORIG': '', 'GTK_IM_MODULE_FILE': '/home/pochsathya/snap/code/common/.cache/immodules/immodules.cache', 'ROS_PYTHON_VERSION': '3', 'GNOME_SHELL_SESSION_MODE': 'ubuntu', 'GTK_MODULES': 'gail:atk-bridge', 'GK_GL_PATH': '/tmp/gitkraken/gitlens/gitlens-ipc-server-3329-34165.json', 'GSETTINGS_SCHEMA_DIR_VSCODE_SNAP_ORIG': '', 'VSCODE_GIT_ASKPASS_MAIN': '/snap/code/230/usr/share/code/resources/app/extensions/git/dist/askpass-main.js', 'VSCODE_GIT_ASKPASS_NODE': '/snap/code/230/usr/share/code/code', 'PYDEVD_DISABLE_FILE_VALIDATION': '1', 'SYSTEMD_EXEC_PID': '2320', 'BUNDLED_DEBUGPY_PATH': '/home/pochsathya/.vscode/extensions/ms-python.debugpy-2025.18.0-linux-x64/bundled/libs/debugpy', 'VSCODE_PYTHON_AUTOACTIVATE_GUARD': '1', 'DBUS_SESSION_BUS_ADDRESS': 'unix:path=/run/user/1000/bus', 'COLORTERM': 'truecolor', 'NVM_DIR': '/home/pochsathya/.nvm', 'IM_CONFIG_PHASE': '1', 'WAYLAND_DISPLAY': 'wayland-0', 'COLCON_PREFIX_PATH': '/home/pochsathya/ros2_ws/install:/home/pochsathya/ros2_ws/src/house_navigation_pkg/house_navigation_pkg/install', 'ROS_DISTRO': 'humble', 'LOGNAME': 'pochsathya', '_': '/usr/bin/colcon', 'ROS_VERSION': '2', 'XDG_CONFIG_DIRS_VSCODE_SNAP_ORIG': '/etc/xdg/xdg-ubuntu:/etc/xdg', 'XDG_SESSION_CLASS': 'user', 'XDG_DATA_DIRS_VSCODE_SNAP_ORIG': '/usr/share/ubuntu:/usr/local/share/:/usr/share/:/var/lib/snapd/desktop', 'USERNAME': 'pochsathya', 'TERM': 'xterm-256color', 'GNOME_DESKTOP_SESSION_ID': 'this-is-deprecated', 'FC_FONTATIONS': '1', 'ROS_LOCALHOST_ONLY': '0', 'PATH': '/home/pochsathya/.config/Code/User/globalStorage/github.copilot-chat/debugCommand:/home/pochsathya/.config/Code/User/globalStorage/github.copilot-chat/copilotCli:/home/pochsathya/.nvm/versions/node/v24.14.0/bin:/opt/ros/humble/bin:/home/pochsathya/.local/bin:/usr/local/sbin:/usr/local/bin:/usr/sbin:/usr/bin:/sbin:/bin:/usr/games:/usr/local/games:/snap/bin:/snap/bin:/home/pochsathya/.vscode/extensions/ms-python.debugpy-2025.18.0-linux-x64/bundled/scripts/noConfigScripts', 'SESSION_MANAGER': 'local/pochsathya-Legion-Pro-5-16IRX8:@/tmp/.ICE-unix/2081,unix/pochsathya-Legion-Pro-5-16IRX8:/tmp/.ICE-unix/2081', 'GTK_EXE_PREFIX': '/snap/code/230/usr', 'XDG_MENU_PREFIX': 'gnome-', 'GNOME_TERMINAL_SCREEN': '/org/gnome/Terminal/screen/3022cf24_8779_4048_b403_e606844e479e', 'GNOME_SETUP_DISPLAY': ':1', 'XDG_RUNTIME_DIR': '/run/user/1000', 'GDK_BACKEND': 'x11', 'DISPLAY': ':0', 'LOCPATH': '/snap/code/230/usr/lib/locale', 'VSCODE_DEBUGPY_ADAPTER_ENDPOINTS': '/home/pochsathya/.vscode/extensions/ms-python.debugpy-2025.18.0-linux-x64/.noConfigDebugAdapterEndpoints/endpoint-2afe878aa90fcd67.txt', 'LANG': 'en_US.UTF-8', 'XDG_CURRENT_DESKTOP': 'ubuntu:GNOME', 'PYTHONSTARTUP': '/home/pochsathya/.config/Code/User/workspaceStorage/f271fc560773b7ce7087c0335d36366c/ms-python.python/pythonrc.py', 'GIO_MODULE_DIR_VSCODE_SNAP_ORIG': '', 'XDG_DATA_HOME': '/home/pochsathya/snap/code/230/.local/share', 'XMODIFIERS': '@im=ibus', 'XDG_SESSION_DESKTOP': 'ubuntu', 'XAUTHORITY': '/run/user/1000/.mutter-Xwaylandauth.YFTWM3', 'LS_COLORS': 'rs=0:di=01;34:ln=01;36:mh=00:pi=40;33:so=01;35:do=01;35:bd=40;33;01:cd=40;33;01:or=40;31;01:mi=00:su=37;41:sg=30;43:ca=30;41:tw=30;42:ow=34;42:st=37;44:ex=01;32:*.tar=01;31:*.tgz=01;31:*.arc=01;31:*.arj=01;31:*.taz=01;31:*.lha=01;31:*.lz4=01;31:*.lzh=01;31:*.lzma=01;31:*.tlz=01;31:*.txz=01;31:*.tzo=01;31:*.t7z=01;31:*.zip=01;31:*.z=01;31:*.dz=01;31:*.gz=01;31:*.lrz=01;31:*.lz=01;31:*.lzo=01;31:*.xz=01;31:*.zst=01;31:*.tzst=01;31:*.bz2=01;31:*.bz=01;31:*.tbz=01;31:*.tbz2=01;31:*.tz=01;31:*.deb=01;31:*.rpm=01;31:*.jar=01;31:*.war=01;31:*.ear=01;31:*.sar=01;31:*.rar=01;31:*.alz=01;31:*.ace=01;31:*.zoo=01;31:*.cpio=01;31:*.7z=01;31:*.rz=01;31:*.cab=01;31:*.wim=01;31:*.swm=01;31:*.dwm=01;31:*.esd=01;31:*.jpg=01;35:*.jpeg=01;35:*.mjpg=01;35:*.mjpeg=01;35:*.gif=01;35:*.bmp=01;35:*.pbm=01;35:*.pgm=01;35:*.ppm=01;35:*.tga=01;35:*.xbm=01;35:*.xpm=01;35:*.tif=01;35:*.tiff=01;35:*.png=01;35:*.svg=01;35:*.svgz=01;35:*.mng=01;35:*.pcx=01;35:*.mov=01;35:*.mpg=01;35:*.mpeg=01;35:*.m2v=01;35:*.mkv=01;35:*.webm=01;35:*.webp=01;35:*.ogm=01;35:*.mp4=01;35:*.m4v=01;35:*.mp4v=01;35:*.vob=01;35:*.qt=01;35:*.nuv=01;35:*.wmv=01;35:*.asf=01;35:*.rm=01;35:*.rmvb=01;35:*.flc=01;35:*.avi=01;35:*.fli=01;35:*.flv=01;35:*.gl=01;35:*.dl=01;35:*.xcf=01;35:*.xwd=01;35:*.yuv=01;35:*.cgm=01;35:*.emf=01;35:*.ogv=01;35:*.ogx=01;35:*.aac=00;36:*.au=00;36:*.flac=00;36:*.m4a=00;36:*.mid=00;36:*.midi=00;36:*.mka=00;36:*.mp3=00;36:*.mpc=00;36:*.ogg=00;36:*.ra=00;36:*.wav=00;36:*.oga=00;36:*.opus=00;36:*.spx=00;36:*.xspf=00;36:', 'VSCODE_GIT_IPC_HANDLE': '/run/user/1000/vscode-git-8e822459fc.sock', 'GNOME_TERMINAL_SERVICE': ':1.113', 'TERM_PROGRAM': 'vscode', 'SSH_AGENT_LAUNCHER': 'gnome-keyring', 'SSH_AUTH_SOCK': '/run/user/1000/keyring/ssh', 'GSETTINGS_SCHEMA_DIR': '/home/pochsathya/snap/code/230/.local/share/glib-2.0/schemas', 'AMENT_PREFIX_PATH': '/home/pochsathya/ros2_ws/install/house_navigation_pkg:/home/pochsathya/ros2_ws/install/subscriber_pkg:/home/pochsathya/ros2_ws/install/publisher_pkg:/home/pochsathya/ros2_ws/install/odometry_pkg:/home/pochsathya/ros2_ws/install/my_first_pkg:/home/pochsathya/ros2_ws/install/example36_pkg:/home/pochsathya/ros2_ws/install/custom_interfaces:/opt/ros/humble', 'SHELL': '/bin/bash', 'QT_ACCESSIBILITY': '1', 'GDMSESSION': 'ubuntu', 'LESSCLOSE': '/usr/bin/lesspipe %s %s', 'GTK_PATH_VSCODE_SNAP_ORIG': '', 'FONTCONFIG_FILE': '/etc/fonts/fonts.conf', 'GK_GL_ADDR': 'http://127.0.0.1:34165', 'GTK_IM_MODULE_FILE_VSCODE_SNAP_ORIG': '', 'VSCODE_GIT_ASKPASS_EXTRA_ARGS': '', 'QT_IM_MODULE': 'ibus', 'PWD': '/home/pochsathya/ros2_ws/build/publisher_pkg', 'TURTLEBOT3_MODEL': 'burger', 'LC_ALL': 'en_US.UTF-8', 'XDG_CONFIG_DIRS': '/etc/xdg/xdg-ubuntu:/etc/xdg', 'NVM_CD_FLAGS': '', 'XDG_DATA_DIRS': '/home/pochsathya/snap/code/230/.local/share:/home/pochsathya/snap/code/230:/snap/code/230/usr/share:/usr/share/ubuntu:/usr/local/share/:/usr/share/:/var/lib/snapd/desktop', 'PYTHONPATH': '/home/pochsathya/ros2_ws/build/publisher_pkg/prefix_override:/usr/lib/python3/dist-packages/colcon_core/task/python/colcon_distutils_commands:/home/pochsathya/ros2_ws/install/publisher_pkg/lib/python3.10/site-packages:/home/pochsathya/ros2_ws/install/house_navigation_pkg/lib/python3.10/site-packages:/home/pochsathya/ros2_ws/install/subscriber_pkg/lib/python3.10/site-packages:/home/pochsathya/ros2_ws/install/publisher_pkg/lib/python3.10/site-packages:/home/pochsathya/ros2_ws/install/odometry_pkg/lib/python3.10/site-packages:/home/pochsathya/ros2_ws/install/my_first_pkg/lib/python3.10/site-packages:/home/pochsathya/ros2_ws/install/example36_pkg/lib/python3.10/site-packages:/home/pochsathya/ros2_ws/install/custom_interfaces/local/lib/python3.10/dist-packages:/opt/ros/humble/lib/python3.10/site-packages:/opt/ros/humble/local/lib/python3.10/dist-packages', 'COLCON': '1', 'VTE_VERSION': '6800', 'CMAKE_PREFIX_PATH': '/home/pochsathya/ros2_ws/install/custom_interfaces'}, 'shell': False}
[1.772180] (my_first_pkg) Command: {'cmd': ['/usr/bin/python3', '-W', 'ignore:setup.py install is deprecated', '-W', 'ignore:easy_install command is deprecated', 'setup.py', 'egg_info', '--egg-base', '../../build/my_first_pkg', 'build', '--build-base', '/home/pochsathya/ros2_ws/build/my_first_pkg/build', 'install', '--record', '/home/pochsathya/ros2_ws/build/my_first_pkg/install.log', '--single-version-externally-managed', 'install_data'], 'cwd': '/home/pochsathya/ros2_ws/src/my_first_pkg', 'env': {'PYTHON_BASIC_REPL': '1', 'LESSOPEN': '| /usr/bin/lesspipe %s', 'USER': 'pochsathya', 'FONTCONFIG_PATH': '/etc/fonts', 'GIO_MODULE_DIR': '/home/pochsathya/snap/code/common/.cache/gio-modules', 'XDG_SESSION_TYPE': 'wayland', 'GIT_ASKPASS': '/snap/code/230/usr/share/code/resources/app/extensions/git/dist/askpass.sh', 'GTK_EXE_PREFIX_VSCODE_SNAP_ORIG': '', 'GDK_BACKEND_VSCODE_SNAP_ORIG': '', 'SHLVL': '2', 'LD_LIBRARY_PATH': '/home/pochsathya/ros2_ws/install/custom_interfaces/lib:/usr/lib/x86_64-linux-gnu/gazebo-11/plugins:/opt/ros/humble/opt/rviz_ogre_vendor/lib:/opt/ros/humble/lib/x86_64-linux-gnu:/opt/ros/humble/lib', 'HOME': '/home/pochsathya', 'CHROME_DESKTOP': 'code.desktop', 'LOCPATH_VSCODE_SNAP_ORIG': '', 'OLDPWD': '/home/pochsathya/ros2_ws/src', 'TERM_PROGRAM_VERSION': '1.112.0', 'DESKTOP_SESSION': 'ubuntu', 'GTK_PATH': '/snap/code/230/usr/lib/x86_64-linux-gnu/gtk-3.0', 'NVM_BIN': '/home/pochsathya/.nvm/versions/node/v24.14.0/bin', 'NVM_INC': '/home/pochsathya/.nvm/versions/node/v24.14.0/include/node', 'XDG_DATA_HOME_VSCODE_SNAP_ORIG': '', 'GTK_IM_MODULE_FILE': '/home/pochsathya/snap/code/common/.cache/immodules/immodules.cache', 'ROS_PYTHON_VERSION': '3', 'GNOME_SHELL_SESSION_MODE': 'ubuntu', 'GTK_MODULES': 'gail:atk-bridge', 'GK_GL_PATH': '/tmp/gitkraken/gitlens/gitlens-ipc-server-3329-34165.json', 'GSETTINGS_SCHEMA_DIR_VSCODE_SNAP_ORIG': '', 'VSCODE_GIT_ASKPASS_MAIN': '/snap/code/230/usr/share/code/resources/app/extensions/git/dist/askpass-main.js', 'VSCODE_GIT_ASKPASS_NODE': '/snap/code/230/usr/share/code/code', 'PYDEVD_DISABLE_FILE_VALIDATION': '1', 'SYSTEMD_EXEC_PID': '2320', 'BUNDLED_DEBUGPY_PATH': '/home/pochsathya/.vscode/extensions/ms-python.debugpy-2025.18.0-linux-x64/bundled/libs/debugpy', 'VSCODE_PYTHON_AUTOACTIVATE_GUARD': '1', 'DBUS_SESSION_BUS_ADDRESS': 'unix:path=/run/user/1000/bus', 'COLORTERM': 'truecolor', 'NVM_DIR': '/home/pochsathya/.nvm', 'IM_CONFIG_PHASE': '1', 'WAYLAND_DISPLAY': 'wayland-0', 'COLCON_PREFIX_PATH': '/home/pochsathya/ros2_ws/install:/home/pochsathya/ros2_ws/src/house_navigation_pkg/house_navigation_pkg/install', 'ROS_DISTRO': 'humble', 'LOGNAME': 'pochsathya', '_': '/usr/bin/colcon', 'ROS_VERSION': '2', 'XDG_CONFIG_DIRS_VSCODE_SNAP_ORIG': '/etc/xdg/xdg-ubuntu:/etc/xdg', 'XDG_SESSION_CLASS': 'user', 'XDG_DATA_DIRS_VSCODE_SNAP_ORIG': '/usr/share/ubuntu:/usr/local/share/:/usr/share/:/var/lib/snapd/desktop', 'USERNAME': 'pochsathya', 'TERM': 'xterm-256color', 'GNOME_DESKTOP_SESSION_ID': 'this-is-deprecated', 'FC_FONTATIONS': '1', 'ROS_LOCALHOST_ONLY': '0', 'PATH': '/home/pochsathya/.config/Code/User/globalStorage/github.copilot-chat/debugCommand:/home/pochsathya/.config/Code/User/globalStorage/github.copilot-chat/copilotCli:/home/pochsathya/.nvm/versions/node/v24.14.0/bin:/opt/ros/humble/bin:/home/pochsathya/.local/bin:/usr/local/sbin:/usr/local/bin:/usr/sbin:/usr/bin:/sbin:/bin:/usr/games:/usr/local/games:/snap/bin:/snap/bin:/home/pochsathya/.vscode/extensions/ms-python.debugpy-2025.18.0-linux-x64/bundled/scripts/noConfigScripts', 'SESSION_MANAGER': 'local/pochsathya-Legion-Pro-5-16IRX8:@/tmp/.ICE-unix/2081,unix/pochsathya-Legion-Pro-5-16IRX8:/tmp/.ICE-unix/2081', 'GTK_EXE_PREFIX': '/snap/code/230/usr', 'XDG_MENU_PREFIX': 'gnome-', 'GNOME_TERMINAL_SCREEN': '/org/gnome/Terminal/screen/3022cf24_8779_4048_b403_e606844e479e', 'GNOME_SETUP_DISPLAY': ':1', 'XDG_RUNTIME_DIR': '/run/user/1000', 'GDK_BACKEND': 'x11', 'DISPLAY': ':0', 'LOCPATH': '/snap/code/230/usr/lib/locale', 'VSCODE_DEBUGPY_ADAPTER_ENDPOINTS': '/home/pochsathya/.vscode/extensions/ms-python.debugpy-2025.18.0-linux-x64/.noConfigDebugAdapterEndpoints/endpoint-2afe878aa90fcd67.txt', 'LANG': 'en_US.UTF-8', 'XDG_CURRENT_DESKTOP': 'ubuntu:GNOME', 'PYTHONSTARTUP': '/home/pochsathya/.config/Code/User/workspaceStorage/f271fc560773b7ce7087c0335d36366c/ms-python.python/pythonrc.py', 'GIO_MODULE_DIR_VSCODE_SNAP_ORIG': '', 'XDG_DATA_HOME': '/home/pochsathya/snap/code/230/.local/share', 'XMODIFIERS': '@im=ibus', 'XDG_SESSION_DESKTOP': 'ubuntu', 'XAUTHORITY': '/run/user/1000/.mutter-Xwaylandauth.YFTWM3', 'LS_COLORS': 'rs=0:di=01;34:ln=01;36:mh=00:pi=40;33:so=01;35:do=01;35:bd=40;33;01:cd=40;33;01:or=40;31;01:mi=00:su=37;41:sg=30;43:ca=30;41:tw=30;42:ow=34;42:st=37;44:ex=01;32:*.tar=01;31:*.tgz=01;31:*.arc=01;31:*.arj=01;31:*.taz=01;31:*.lha=01;31:*.lz4=01;31:*.lzh=01;31:*.lzma=01;31:*.tlz=01;31:*.txz=01;31:*.tzo=01;31:*.t7z=01;31:*.zip=01;31:*.z=01;31:*.dz=01;31:*.gz=01;31:*.lrz=01;31:*.lz=01;31:*.lzo=01;31:*.xz=01;31:*.zst=01;31:*.tzst=01;31:*.bz2=01;31:*.bz=01;31:*.tbz=01;31:*.tbz2=01;31:*.tz=01;31:*.deb=01;31:*.rpm=01;31:*.jar=01;31:*.war=01;31:*.ear=01;31:*.sar=01;31:*.rar=01;31:*.alz=01;31:*.ace=01;31:*.zoo=01;31:*.cpio=01;31:*.7z=01;31:*.rz=01;31:*.cab=01;31:*.wim=01;31:*.swm=01;31:*.dwm=01;31:*.esd=01;31:*.jpg=01;35:*.jpeg=01;35:*.mjpg=01;35:*.mjpeg=01;35:*.gif=01;35:*.bmp=01;35:*.pbm=01;35:*.pgm=01;35:*.ppm=01;35:*.tga=01;35:*.xbm=01;35:*.xpm=01;35:*.tif=01;35:*.tiff=01;35:*.png=01;35:*.svg=01;35:*.svgz=01;35:*.mng=01;35:*.pcx=01;35:*.mov=01;35:*.mpg=01;35:*.mpeg=01;35:*.m2v=01;35:*.mkv=01;35:*.webm=01;35:*.webp=01;35:*.ogm=01;35:*.mp4=01;35:*.m4v=01;35:*.mp4v=01;35:*.vob=01;35:*.qt=01;35:*.nuv=01;35:*.wmv=01;35:*.asf=01;35:*.rm=01;35:*.rmvb=01;35:*.flc=01;35:*.avi=01;35:*.fli=01;35:*.flv=01;35:*.gl=01;35:*.dl=01;35:*.xcf=01;35:*.xwd=01;35:*.yuv=01;35:*.cgm=01;35:*.emf=01;35:*.ogv=01;35:*.ogx=01;35:*.aac=00;36:*.au=00;36:*.flac=00;36:*.m4a=00;36:*.mid=00;36:*.midi=00;36:*.mka=00;36:*.mp3=00;36:*.mpc=00;36:*.ogg=00;36:*.ra=00;36:*.wav=00;36:*.oga=00;36:*.opus=00;36:*.spx=00;36:*.xspf=00;36:', 'VSCODE_GIT_IPC_HANDLE': '/run/user/1000/vscode-git-8e822459fc.sock', 'GNOME_TERMINAL_SERVICE': ':1.113', 'TERM_PROGRAM': 'vscode', 'SSH_AGENT_LAUNCHER': 'gnome-keyring', 'SSH_AUTH_SOCK': '/run/user/1000/keyring/ssh', 'GSETTINGS_SCHEMA_DIR': '/home/pochsathya/snap/code/230/.local/share/glib-2.0/schemas', 'AMENT_PREFIX_PATH': '/home/pochsathya/ros2_ws/install/house_navigation_pkg:/home/pochsathya/ros2_ws/install/subscriber_pkg:/home/pochsathya/ros2_ws/install/publisher_pkg:/home/pochsathya/ros2_ws/install/odometry_pkg:/home/pochsathya/ros2_ws/install/my_first_pkg:/home/pochsathya/ros2_ws/install/example36_pkg:/home/pochsathya/ros2_ws/install/custom_interfaces:/opt/ros/humble', 'SHELL': '/bin/bash', 'QT_ACCESSIBILITY': '1', 'GDMSESSION': 'ubuntu', 'LESSCLOSE': '/usr/bin/lesspipe %s %s', 'GTK_PATH_VSCODE_SNAP_ORIG': '', 'FONTCONFIG_FILE': '/etc/fonts/fonts.conf', 'GK_GL_ADDR': 'http://127.0.0.1:34165', 'GTK_IM_MODULE_FILE_VSCODE_SNAP_ORIG': '', 'VSCODE_GIT_ASKPASS_EXTRA_ARGS': '', 'QT_IM_MODULE': 'ibus', 'PWD': '/home/pochsathya/ros2_ws/build/my_first_pkg', 'TURTLEBOT3_MODEL': 'burger', 'LC_ALL': 'en_US.UTF-8', 'XDG_CONFIG_DIRS': '/etc/xdg/xdg-ubuntu:/etc/xdg', 'NVM_CD_FLAGS': '', 'XDG_DATA_DIRS': '/home/pochsathya/snap/code/230/.local/share:/home/pochsathya/snap/code/230:/snap/code/230/usr/share:/usr/share/ubuntu:/usr/local/share/:/usr/share/:/var/lib/snapd/desktop', 'PYTHONPATH': '/home/pochsathya/ros2_ws/build/my_first_pkg/prefix_override:/usr/lib/python3/dist-packages/colcon_core/task/python/colcon_distutils_commands:/home/pochsathya/ros2_ws/install/my_first_pkg/lib/python3.10/site-packages:/home/pochsathya/ros2_ws/install/house_navigation_pkg/lib/python3.10/site-packages:/home/pochsathya/ros2_ws/install/subscriber_pkg/lib/python3.10/site-packages:/home/pochsathya/ros2_ws/install/publisher_pkg/lib/python3.10/site-packages:/home/pochsathya/ros2_ws/install/odometry_pkg/lib/python3.10/site-packages:/home/pochsathya/ros2_ws/install/my_first_pkg/lib/python3.10/site-packages:/home/pochsathya/ros2_ws/install/example36_pkg/lib/python3.10/site-packages:/home/pochsathya/ros2_ws/install/custom_interfaces/local/lib/python3.10/dist-packages:/opt/ros/humble/lib/python3.10/site-packages:/opt/ros/humble/local/lib/python3.10/dist-packages', 'COLCON': '1', 'VTE_VERSION': '6800', 'CMAKE_PREFIX_PATH': '/home/pochsathya/ros2_ws/install/custom_interfaces'}, 'shell': False}
[1.773830] (house_navigation_pkg) Command: {'cmd': ['/usr/bin/python3', '-W', 'ignore:setup.py install is deprecated', '-W', 'ignore:easy_install command is deprecated', 'setup.py', 'egg_info', '--egg-base', '../../build/house_navigation_pkg', 'build', '--build-base', '/home/pochsathya/ros2_ws/build/house_navigation_pkg/build', 'install', '--record', '/home/pochsathya/ros2_ws/build/house_navigation_pkg/install.log', '--single-version-externally-managed', 'install_data'], 'cwd': '/home/pochsathya/ros2_ws/src/house_navigation_pkg', 'env': {'PYTHON_BASIC_REPL': '1', 'LESSOPEN': '| /usr/bin/lesspipe %s', 'USER': 'pochsathya', 'FONTCONFIG_PATH': '/etc/fonts', 'GIO_MODULE_DIR': '/home/pochsathya/snap/code/common/.cache/gio-modules', 'XDG_SESSION_TYPE': 'wayland', 'GIT_ASKPASS': '/snap/code/230/usr/share/code/resources/app/extensions/git/dist/askpass.sh', 'GTK_EXE_PREFIX_VSCODE_SNAP_ORIG': '', 'GDK_BACKEND_VSCODE_SNAP_ORIG': '', 'SHLVL': '2', 'LD_LIBRARY_PATH': '/home/pochsathya/ros2_ws/install/custom_interfaces/lib:/usr/lib/x86_64-linux-gnu/gazebo-11/plugins:/opt/ros/humble/opt/rviz_ogre_vendor/lib:/opt/ros/humble/lib/x86_64-linux-gnu:/opt/ros/humble/lib', 'HOME': '/home/pochsathya', 'CHROME_DESKTOP': 'code.desktop', 'LOCPATH_VSCODE_SNAP_ORIG': '', 'OLDPWD': '/home/pochsathya/ros2_ws/src', 'TERM_PROGRAM_VERSION': '1.112.0', 'DESKTOP_SESSION': 'ubuntu', 'GTK_PATH': '/snap/code/230/usr/lib/x86_64-linux-gnu/gtk-3.0', 'NVM_BIN': '/home/pochsathya/.nvm/versions/node/v24.14.0/bin', 'NVM_INC': '/home/pochsathya/.nvm/versions/node/v24.14.0/include/node', 'XDG_DATA_HOME_VSCODE_SNAP_ORIG': '', 'GTK_IM_MODULE_FILE': '/home/pochsathya/snap/code/common/.cache/immodules/immodules.cache', 'ROS_PYTHON_VERSION': '3', 'GNOME_SHELL_SESSION_MODE': 'ubuntu', 'GTK_MODULES': 'gail:atk-bridge', 'GK_GL_PATH': '/tmp/gitkraken/gitlens/gitlens-ipc-server-3329-34165.json', 'GSETTINGS_SCHEMA_DIR_VSCODE_SNAP_ORIG': '', 'VSCODE_GIT_ASKPASS_MAIN': '/snap/code/230/usr/share/code/resources/app/extensions/git/dist/askpass-main.js', 'VSCODE_GIT_ASKPASS_NODE': '/snap/code/230/usr/share/code/code', 'PYDEVD_DISABLE_FILE_VALIDATION': '1', 'SYSTEMD_EXEC_PID': '2320', 'BUNDLED_DEBUGPY_PATH': '/home/pochsathya/.vscode/extensions/ms-python.debugpy-2025.18.0-linux-x64/bundled/libs/debugpy', 'VSCODE_PYTHON_AUTOACTIVATE_GUARD': '1', 'DBUS_SESSION_BUS_ADDRESS': 'unix:path=/run/user/1000/bus', 'COLORTERM': 'truecolor', 'NVM_DIR': '/home/pochsathya/.nvm', 'IM_CONFIG_PHASE': '1', 'WAYLAND_DISPLAY': 'wayland-0', 'COLCON_PREFIX_PATH': '/home/pochsathya/ros2_ws/install:/home/pochsathya/ros2_ws/src/house_navigation_pkg/house_navigation_pkg/install', 'ROS_DISTRO': 'humble', 'LOGNAME': 'pochsathya', '_': '/usr/bin/colcon', 'ROS_VERSION': '2', 'XDG_CONFIG_DIRS_VSCODE_SNAP_ORIG': '/etc/xdg/xdg-ubuntu:/etc/xdg', 'XDG_SESSION_CLASS': 'user', 'XDG_DATA_DIRS_VSCODE_SNAP_ORIG': '/usr/share/ubuntu:/usr/local/share/:/usr/share/:/var/lib/snapd/desktop', 'USERNAME': 'pochsathya', 'TERM': 'xterm-256color', 'GNOME_DESKTOP_SESSION_ID': 'this-is-deprecated', 'FC_FONTATIONS': '1', 'ROS_LOCALHOST_ONLY': '0', 'PATH': '/home/pochsathya/.config/Code/User/globalStorage/github.copilot-chat/debugCommand:/home/pochsathya/.config/Code/User/globalStorage/github.copilot-chat/copilotCli:/home/pochsathya/.nvm/versions/node/v24.14.0/bin:/opt/ros/humble/bin:/home/pochsathya/.local/bin:/usr/local/sbin:/usr/local/bin:/usr/sbin:/usr/bin:/sbin:/bin:/usr/games:/usr/local/games:/snap/bin:/snap/bin:/home/pochsathya/.vscode/extensions/ms-python.debugpy-2025.18.0-linux-x64/bundled/scripts/noConfigScripts', 'SESSION_MANAGER': 'local/pochsathya-Legion-Pro-5-16IRX8:@/tmp/.ICE-unix/2081,unix/pochsathya-Legion-Pro-5-16IRX8:/tmp/.ICE-unix/2081', 'GTK_EXE_PREFIX': '/snap/code/230/usr', 'XDG_MENU_PREFIX': 'gnome-', 'GNOME_TERMINAL_SCREEN': '/org/gnome/Terminal/screen/3022cf24_8779_4048_b403_e606844e479e', 'GNOME_SETUP_DISPLAY': ':1', 'XDG_RUNTIME_DIR': '/run/user/1000', 'GDK_BACKEND': 'x11', 'DISPLAY': ':0', 'LOCPATH': '/snap/code/230/usr/lib/locale', 'VSCODE_DEBUGPY_ADAPTER_ENDPOINTS': '/home/pochsathya/.vscode/extensions/ms-python.debugpy-2025.18.0-linux-x64/.noConfigDebugAdapterEndpoints/endpoint-2afe878aa90fcd67.txt', 'LANG': 'en_US.UTF-8', 'XDG_CURRENT_DESKTOP': 'ubuntu:GNOME', 'PYTHONSTARTUP': '/home/pochsathya/.config/Code/User/workspaceStorage/f271fc560773b7ce7087c0335d36366c/ms-python.python/pythonrc.py', 'GIO_MODULE_DIR_VSCODE_SNAP_ORIG': '', 'XDG_DATA_HOME': '/home/pochsathya/snap/code/230/.local/share', 'XMODIFIERS': '@im=ibus', 'XDG_SESSION_DESKTOP': 'ubuntu', 'XAUTHORITY': '/run/user/1000/.mutter-Xwaylandauth.YFTWM3', 'LS_COLORS': 'rs=0:di=01;34:ln=01;36:mh=00:pi=40;33:so=01;35:do=01;35:bd=40;33;01:cd=40;33;01:or=40;31;01:mi=00:su=37;41:sg=30;43:ca=30;41:tw=30;42:ow=34;42:st=37;44:ex=01;32:*.tar=01;31:*.tgz=01;31:*.arc=01;31:*.arj=01;31:*.taz=01;31:*.lha=01;31:*.lz4=01;31:*.lzh=01;31:*.lzma=01;31:*.tlz=01;31:*.txz=01;31:*.tzo=01;31:*.t7z=01;31:*.zip=01;31:*.z=01;31:*.dz=01;31:*.gz=01;31:*.lrz=01;31:*.lz=01;31:*.lzo=01;31:*.xz=01;31:*.zst=01;31:*.tzst=01;31:*.bz2=01;31:*.bz=01;31:*.tbz=01;31:*.tbz2=01;31:*.tz=01;31:*.deb=01;31:*.rpm=01;31:*.jar=01;31:*.war=01;31:*.ear=01;31:*.sar=01;31:*.rar=01;31:*.alz=01;31:*.ace=01;31:*.zoo=01;31:*.cpio=01;31:*.7z=01;31:*.rz=01;31:*.cab=01;31:*.wim=01;31:*.swm=01;31:*.dwm=01;31:*.esd=01;31:*.jpg=01;35:*.jpeg=01;35:*.mjpg=01;35:*.mjpeg=01;35:*.gif=01;35:*.bmp=01;35:*.pbm=01;35:*.pgm=01;35:*.ppm=01;35:*.tga=01;35:*.xbm=01;35:*.xpm=01;35:*.tif=01;35:*.tiff=01;35:*.png=01;35:*.svg=01;35:*.svgz=01;35:*.mng=01;35:*.pcx=01;35:*.mov=01;35:*.mpg=01;35:*.mpeg=01;35:*.m2v=01;35:*.mkv=01;35:*.webm=01;35:*.webp=01;35:*.ogm=01;35:*.mp4=01;35:*.m4v=01;35:*.mp4v=01;35:*.vob=01;35:*.qt=01;35:*.nuv=01;35:*.wmv=01;35:*.asf=01;35:*.rm=01;35:*.rmvb=01;35:*.flc=01;35:*.avi=01;35:*.fli=01;35:*.flv=01;35:*.gl=01;35:*.dl=01;35:*.xcf=01;35:*.xwd=01;35:*.yuv=01;35:*.cgm=01;35:*.emf=01;35:*.ogv=01;35:*.ogx=01;35:*.aac=00;36:*.au=00;36:*.flac=00;36:*.m4a=00;36:*.mid=00;36:*.midi=00;36:*.mka=00;36:*.mp3=00;36:*.mpc=00;36:*.ogg=00;36:*.ra=00;36:*.wav=00;36:*.oga=00;36:*.opus=00;36:*.spx=00;36:*.xspf=00;36:', 'VSCODE_GIT_IPC_HANDLE': '/run/user/1000/vscode-git-8e822459fc.sock', 'GNOME_TERMINAL_SERVICE': ':1.113', 'TERM_PROGRAM': 'vscode', 'SSH_AGENT_LAUNCHER': 'gnome-keyring', 'SSH_AUTH_SOCK': '/run/user/1000/keyring/ssh', 'GSETTINGS_SCHEMA_DIR': '/home/pochsathya/snap/code/230/.local/share/glib-2.0/schemas', 'AMENT_PREFIX_PATH': '/home/pochsathya/ros2_ws/install/house_navigation_pkg:/home/pochsathya/ros2_ws/install/subscriber_pkg:/home/pochsathya/ros2_ws/install/publisher_pkg:/home/pochsathya/ros2_ws/install/odometry_pkg:/home/pochsathya/ros2_ws/install/my_first_pkg:/home/pochsathya/ros2_ws/install/example36_pkg:/home/pochsathya/ros2_ws/install/custom_interfaces:/opt/ros/humble', 'SHELL': '/bin/bash', 'QT_ACCESSIBILITY': '1', 'GDMSESSION': 'ubuntu', 'LESSCLOSE': '/usr/bin/lesspipe %s %s', 'GTK_PATH_VSCODE_SNAP_ORIG': '', 'FONTCONFIG_FILE': '/etc/fonts/fonts.conf', 'GK_GL_ADDR': 'http://127.0.0.1:34165', 'GTK_IM_MODULE_FILE_VSCODE_SNAP_ORIG': '', 'VSCODE_GIT_ASKPASS_EXTRA_ARGS': '', 'QT_IM_MODULE': 'ibus', 'PWD': '/home/pochsathya/ros2_ws/build/house_navigation_pkg', 'TURTLEBOT3_MODEL': 'burger', 'LC_ALL': 'en_US.UTF-8', 'XDG_CONFIG_DIRS': '/etc/xdg/xdg-ubuntu:/etc/xdg', 'NVM_CD_FLAGS': '', 'XDG_DATA_DIRS': '/home/pochsathya/snap/code/230/.local/share:/home/pochsathya/snap/code/230:/snap/code/230/usr/share:/usr/share/ubuntu:/usr/local/share/:/usr/share/:/var/lib/snapd/desktop', 'PYTHONPATH': '/home/pochsathya/ros2_ws/build/house_navigation_pkg/prefix_override:/usr/lib/python3/dist-packages/colcon_core/task/python/colcon_distutils_commands:/home/pochsathya/ros2_ws/install/house_navigation_pkg/lib/python3.10/site-packages:/home/pochsathya/ros2_ws/install/house_navigation_pkg/lib/python3.10/site-packages:/home/pochsathya/ros2_ws/install/subscriber_pkg/lib/python3.10/site-packages:/home/pochsathya/ros2_ws/install/publisher_pkg/lib/python3.10/site-packages:/home/pochsathya/ros2_ws/install/odometry_pkg/lib/python3.10/site-packages:/home/pochsathya/ros2_ws/install/my_first_pkg/lib/python3.10/site-packages:/home/pochsathya/ros2_ws/install/example36_pkg/lib/python3.10/site-packages:/home/pochsathya/ros2_ws/install/custom_interfaces/local/lib/python3.10/dist-packages:/opt/ros/humble/lib/python3.10/site-packages:/opt/ros/humble/local/lib/python3.10/dist-packages', 'COLCON': '1', 'VTE_VERSION': '6800', 'CMAKE_PREFIX_PATH': '/home/pochsathya/ros2_ws/install/custom_interfaces'}, 'shell': False}
[1.775587] (odometry_pkg) Command: {'cmd': ['/usr/bin/python3', '-W', 'ignore:setup.py install is deprecated', '-W', 'ignore:easy_install command is deprecated', 'setup.py', 'egg_info', '--egg-base', '../../build/odometry_pkg', 'build', '--build-base', '/home/pochsathya/ros2_ws/build/odometry_pkg/build', 'install', '--record', '/home/pochsathya/ros2_ws/build/odometry_pkg/install.log', '--single-version-externally-managed', 'install_data'], 'cwd': '/home/pochsathya/ros2_ws/src/odometry_pkg', 'env': {'PYTHON_BASIC_REPL': '1', 'LESSOPEN': '| /usr/bin/lesspipe %s', 'USER': 'pochsathya', 'FONTCONFIG_PATH': '/etc/fonts', 'GIO_MODULE_DIR': '/home/pochsathya/snap/code/common/.cache/gio-modules', 'XDG_SESSION_TYPE': 'wayland', 'GIT_ASKPASS': '/snap/code/230/usr/share/code/resources/app/extensions/git/dist/askpass.sh', 'GTK_EXE_PREFIX_VSCODE_SNAP_ORIG': '', 'GDK_BACKEND_VSCODE_SNAP_ORIG': '', 'SHLVL': '2', 'LD_LIBRARY_PATH': '/home/pochsathya/ros2_ws/install/custom_interfaces/lib:/usr/lib/x86_64-linux-gnu/gazebo-11/plugins:/opt/ros/humble/opt/rviz_ogre_vendor/lib:/opt/ros/humble/lib/x86_64-linux-gnu:/opt/ros/humble/lib', 'HOME': '/home/pochsathya', 'CHROME_DESKTOP': 'code.desktop', 'LOCPATH_VSCODE_SNAP_ORIG': '', 'OLDPWD': '/home/pochsathya/ros2_ws/src', 'TERM_PROGRAM_VERSION': '1.112.0', 'DESKTOP_SESSION': 'ubuntu', 'GTK_PATH': '/snap/code/230/usr/lib/x86_64-linux-gnu/gtk-3.0', 'NVM_BIN': '/home/pochsathya/.nvm/versions/node/v24.14.0/bin', 'NVM_INC': '/home/pochsathya/.nvm/versions/node/v24.14.0/include/node', 'XDG_DATA_HOME_VSCODE_SNAP_ORIG': '', 'GTK_IM_MODULE_FILE': '/home/pochsathya/snap/code/common/.cache/immodules/immodules.cache', 'ROS_PYTHON_VERSION': '3', 'GNOME_SHELL_SESSION_MODE': 'ubuntu', 'GTK_MODULES': 'gail:atk-bridge', 'GK_GL_PATH': '/tmp/gitkraken/gitlens/gitlens-ipc-server-3329-34165.json', 'GSETTINGS_SCHEMA_DIR_VSCODE_SNAP_ORIG': '', 'VSCODE_GIT_ASKPASS_MAIN': '/snap/code/230/usr/share/code/resources/app/extensions/git/dist/askpass-main.js', 'VSCODE_GIT_ASKPASS_NODE': '/snap/code/230/usr/share/code/code', 'PYDEVD_DISABLE_FILE_VALIDATION': '1', 'SYSTEMD_EXEC_PID': '2320', 'BUNDLED_DEBUGPY_PATH': '/home/pochsathya/.vscode/extensions/ms-python.debugpy-2025.18.0-linux-x64/bundled/libs/debugpy', 'VSCODE_PYTHON_AUTOACTIVATE_GUARD': '1', 'DBUS_SESSION_BUS_ADDRESS': 'unix:path=/run/user/1000/bus', 'COLORTERM': 'truecolor', 'NVM_DIR': '/home/pochsathya/.nvm', 'IM_CONFIG_PHASE': '1', 'WAYLAND_DISPLAY': 'wayland-0', 'COLCON_PREFIX_PATH': '/home/pochsathya/ros2_ws/install:/home/pochsathya/ros2_ws/src/house_navigation_pkg/house_navigation_pkg/install', 'ROS_DISTRO': 'humble', 'LOGNAME': 'pochsathya', '_': '/usr/bin/colcon', 'ROS_VERSION': '2', 'XDG_CONFIG_DIRS_VSCODE_SNAP_ORIG': '/etc/xdg/xdg-ubuntu:/etc/xdg', 'XDG_SESSION_CLASS': 'user', 'XDG_DATA_DIRS_VSCODE_SNAP_ORIG': '/usr/share/ubuntu:/usr/local/share/:/usr/share/:/var/lib/snapd/desktop', 'USERNAME': 'pochsathya', 'TERM': 'xterm-256color', 'GNOME_DESKTOP_SESSION_ID': 'this-is-deprecated', 'FC_FONTATIONS': '1', 'ROS_LOCALHOST_ONLY': '0', 'PATH': '/home/pochsathya/.config/Code/User/globalStorage/github.copilot-chat/debugCommand:/home/pochsathya/.config/Code/User/globalStorage/github.copilot-chat/copilotCli:/home/pochsathya/.nvm/versions/node/v24.14.0/bin:/opt/ros/humble/bin:/home/pochsathya/.local/bin:/usr/local/sbin:/usr/local/bin:/usr/sbin:/usr/bin:/sbin:/bin:/usr/games:/usr/local/games:/snap/bin:/snap/bin:/home/pochsathya/.vscode/extensions/ms-python.debugpy-2025.18.0-linux-x64/bundled/scripts/noConfigScripts', 'SESSION_MANAGER': 'local/pochsathya-Legion-Pro-5-16IRX8:@/tmp/.ICE-unix/2081,unix/pochsathya-Legion-Pro-5-16IRX8:/tmp/.ICE-unix/2081', 'GTK_EXE_PREFIX': '/snap/code/230/usr', 'XDG_MENU_PREFIX': 'gnome-', 'GNOME_TERMINAL_SCREEN': '/org/gnome/Terminal/screen/3022cf24_8779_4048_b403_e606844e479e', 'GNOME_SETUP_DISPLAY': ':1', 'XDG_RUNTIME_DIR': '/run/user/1000', 'GDK_BACKEND': 'x11', 'DISPLAY': ':0', 'LOCPATH': '/snap/code/230/usr/lib/locale', 'VSCODE_DEBUGPY_ADAPTER_ENDPOINTS': '/home/pochsathya/.vscode/extensions/ms-python.debugpy-2025.18.0-linux-x64/.noConfigDebugAdapterEndpoints/endpoint-2afe878aa90fcd67.txt', 'LANG': 'en_US.UTF-8', 'XDG_CURRENT_DESKTOP': 'ubuntu:GNOME', 'PYTHONSTARTUP': '/home/pochsathya/.config/Code/User/workspaceStorage/f271fc560773b7ce7087c0335d36366c/ms-python.python/pythonrc.py', 'GIO_MODULE_DIR_VSCODE_SNAP_ORIG': '', 'XDG_DATA_HOME': '/home/pochsathya/snap/code/230/.local/share', 'XMODIFIERS': '@im=ibus', 'XDG_SESSION_DESKTOP': 'ubuntu', 'XAUTHORITY': '/run/user/1000/.mutter-Xwaylandauth.YFTWM3', 'LS_COLORS': 'rs=0:di=01;34:ln=01;36:mh=00:pi=40;33:so=01;35:do=01;35:bd=40;33;01:cd=40;33;01:or=40;31;01:mi=00:su=37;41:sg=30;43:ca=30;41:tw=30;42:ow=34;42:st=37;44:ex=01;32:*.tar=01;31:*.tgz=01;31:*.arc=01;31:*.arj=01;31:*.taz=01;31:*.lha=01;31:*.lz4=01;31:*.lzh=01;31:*.lzma=01;31:*.tlz=01;31:*.txz=01;31:*.tzo=01;31:*.t7z=01;31:*.zip=01;31:*.z=01;31:*.dz=01;31:*.gz=01;31:*.lrz=01;31:*.lz=01;31:*.lzo=01;31:*.xz=01;31:*.zst=01;31:*.tzst=01;31:*.bz2=01;31:*.bz=01;31:*.tbz=01;31:*.tbz2=01;31:*.tz=01;31:*.deb=01;31:*.rpm=01;31:*.jar=01;31:*.war=01;31:*.ear=01;31:*.sar=01;31:*.rar=01;31:*.alz=01;31:*.ace=01;31:*.zoo=01;31:*.cpio=01;31:*.7z=01;31:*.rz=01;31:*.cab=01;31:*.wim=01;31:*.swm=01;31:*.dwm=01;31:*.esd=01;31:*.jpg=01;35:*.jpeg=01;35:*.mjpg=01;35:*.mjpeg=01;35:*.gif=01;35:*.bmp=01;35:*.pbm=01;35:*.pgm=01;35:*.ppm=01;35:*.tga=01;35:*.xbm=01;35:*.xpm=01;35:*.tif=01;35:*.tiff=01;35:*.png=01;35:*.svg=01;35:*.svgz=01;35:*.mng=01;35:*.pcx=01;35:*.mov=01;35:*.mpg=01;35:*.mpeg=01;35:*.m2v=01;35:*.mkv=01;35:*.webm=01;35:*.webp=01;35:*.ogm=01;35:*.mp4=01;35:*.m4v=01;35:*.mp4v=01;35:*.vob=01;35:*.qt=01;35:*.nuv=01;35:*.wmv=01;35:*.asf=01;35:*.rm=01;35:*.rmvb=01;35:*.flc=01;35:*.avi=01;35:*.fli=01;35:*.flv=01;35:*.gl=01;35:*.dl=01;35:*.xcf=01;35:*.xwd=01;35:*.yuv=01;35:*.cgm=01;35:*.emf=01;35:*.ogv=01;35:*.ogx=01;35:*.aac=00;36:*.au=00;36:*.flac=00;36:*.m4a=00;36:*.mid=00;36:*.midi=00;36:*.mka=00;36:*.mp3=00;36:*.mpc=00;36:*.ogg=00;36:*.ra=00;36:*.wav=00;36:*.oga=00;36:*.opus=00;36:*.spx=00;36:*.xspf=00;36:', 'VSCODE_GIT_IPC_HANDLE': '/run/user/1000/vscode-git-8e822459fc.sock', 'GNOME_TERMINAL_SERVICE': ':1.113', 'TERM_PROGRAM': 'vscode', 'SSH_AGENT_LAUNCHER': 'gnome-keyring', 'SSH_AUTH_SOCK': '/run/user/1000/keyring/ssh', 'GSETTINGS_SCHEMA_DIR': '/home/pochsathya/snap/code/230/.local/share/glib-2.0/schemas', 'AMENT_PREFIX_PATH': '/home/pochsathya/ros2_ws/install/house_navigation_pkg:/home/pochsathya/ros2_ws/install/subscriber_pkg:/home/pochsathya/ros2_ws/install/publisher_pkg:/home/pochsathya/ros2_ws/install/odometry_pkg:/home/pochsathya/ros2_ws/install/my_first_pkg:/home/pochsathya/ros2_ws/install/example36_pkg:/home/pochsathya/ros2_ws/install/custom_interfaces:/opt/ros/humble', 'SHELL': '/bin/bash', 'QT_ACCESSIBILITY': '1', 'GDMSESSION': 'ubuntu', 'LESSCLOSE': '/usr/bin/lesspipe %s %s', 'GTK_PATH_VSCODE_SNAP_ORIG': '', 'FONTCONFIG_FILE': '/etc/fonts/fonts.conf', 'GK_GL_ADDR': 'http://127.0.0.1:34165', 'GTK_IM_MODULE_FILE_VSCODE_SNAP_ORIG': '', 'VSCODE_GIT_ASKPASS_EXTRA_ARGS': '', 'QT_IM_MODULE': 'ibus', 'PWD': '/home/pochsathya/ros2_ws/build/odometry_pkg', 'TURTLEBOT3_MODEL': 'burger', 'LC_ALL': 'en_US.UTF-8', 'XDG_CONFIG_DIRS': '/etc/xdg/xdg-ubuntu:/etc/xdg', 'NVM_CD_FLAGS': '', 'XDG_DATA_DIRS': '/home/pochsathya/snap/code/230/.local/share:/home/pochsathya/snap/code/230:/snap/code/230/usr/share:/usr/share/ubuntu:/usr/local/share/:/usr/share/:/var/lib/snapd/desktop', 'PYTHONPATH': '/home/pochsathya/ros2_ws/build/odometry_pkg/prefix_override:/usr/lib/python3/dist-packages/colcon_core/task/python/colcon_distutils_commands:/home/pochsathya/ros2_ws/install/odometry_pkg/lib/python3.10/site-packages:/home/pochsathya/ros2_ws/install/house_navigation_pkg/lib/python3.10/site-packages:/home/pochsathya/ros2_ws/install/subscriber_pkg/lib/python3.10/site-packages:/home/pochsathya/ros2_ws/install/publisher_pkg/lib/python3.10/site-packages:/home/pochsathya/ros2_ws/install/odometry_pkg/lib/python3.10/site-packages:/home/pochsathya/ros2_ws/install/my_first_pkg/lib/python3.10/site-packages:/home/pochsathya/ros2_ws/install/example36_pkg/lib/python3.10/site-packages:/home/pochsathya/ros2_ws/install/custom_interfaces/local/lib/python3.10/dist-packages:/opt/ros/humble/lib/python3.10/site-packages:/opt/ros/humble/local/lib/python3.10/dist-packages', 'COLCON': '1', 'VTE_VERSION': '6800', 'CMAKE_PREFIX_PATH': '/home/pochsathya/ros2_ws/install/custom_interfaces'}, 'shell': False}
[1.793767] (subscriber_pkg) Command: {'cmd': ['/usr/bin/python3', '-W', 'ignore:setup.py install is deprecated', '-W', 'ignore:easy_install command is deprecated', 'setup.py', 'egg_info', '--egg-base', '../../build/subscriber_pkg', 'build', '--build-base', '/home/pochsathya/ros2_ws/build/subscriber_pkg/build', 'install', '--record', '/home/pochsathya/ros2_ws/build/subscriber_pkg/install.log', '--single-version-externally-managed', 'install_data'], 'cwd': '/home/pochsathya/ros2_ws/src/subscriber_pkg', 'env': {'PYTHON_BASIC_REPL': '1', 'LESSOPEN': '| /usr/bin/lesspipe %s', 'USER': 'pochsathya', 'FONTCONFIG_PATH': '/etc/fonts', 'GIO_MODULE_DIR': '/home/pochsathya/snap/code/common/.cache/gio-modules', 'XDG_SESSION_TYPE': 'wayland', 'GIT_ASKPASS': '/snap/code/230/usr/share/code/resources/app/extensions/git/dist/askpass.sh', 'GTK_EXE_PREFIX_VSCODE_SNAP_ORIG': '', 'GDK_BACKEND_VSCODE_SNAP_ORIG': '', 'SHLVL': '2', 'LD_LIBRARY_PATH': '/home/pochsathya/ros2_ws/install/custom_interfaces/lib:/usr/lib/x86_64-linux-gnu/gazebo-11/plugins:/opt/ros/humble/opt/rviz_ogre_vendor/lib:/opt/ros/humble/lib/x86_64-linux-gnu:/opt/ros/humble/lib', 'HOME': '/home/pochsathya', 'CHROME_DESKTOP': 'code.desktop', 'LOCPATH_VSCODE_SNAP_ORIG': '', 'OLDPWD': '/home/pochsathya/ros2_ws/src', 'TERM_PROGRAM_VERSION': '1.112.0', 'DESKTOP_SESSION': 'ubuntu', 'GTK_PATH': '/snap/code/230/usr/lib/x86_64-linux-gnu/gtk-3.0', 'NVM_BIN': '/home/pochsathya/.nvm/versions/node/v24.14.0/bin', 'NVM_INC': '/home/pochsathya/.nvm/versions/node/v24.14.0/include/node', 'XDG_DATA_HOME_VSCODE_SNAP_ORIG': '', 'GTK_IM_MODULE_FILE': '/home/pochsathya/snap/code/common/.cache/immodules/immodules.cache', 'ROS_PYTHON_VERSION': '3', 'GNOME_SHELL_SESSION_MODE': 'ubuntu', 'GTK_MODULES': 'gail:atk-bridge', 'GK_GL_PATH': '/tmp/gitkraken/gitlens/gitlens-ipc-server-3329-34165.json', 'GSETTINGS_SCHEMA_DIR_VSCODE_SNAP_ORIG': '', 'VSCODE_GIT_ASKPASS_MAIN': '/snap/code/230/usr/share/code/resources/app/extensions/git/dist/askpass-main.js', 'VSCODE_GIT_ASKPASS_NODE': '/snap/code/230/usr/share/code/code', 'PYDEVD_DISABLE_FILE_VALIDATION': '1', 'SYSTEMD_EXEC_PID': '2320', 'BUNDLED_DEBUGPY_PATH': '/home/pochsathya/.vscode/extensions/ms-python.debugpy-2025.18.0-linux-x64/bundled/libs/debugpy', 'VSCODE_PYTHON_AUTOACTIVATE_GUARD': '1', 'DBUS_SESSION_BUS_ADDRESS': 'unix:path=/run/user/1000/bus', 'COLORTERM': 'truecolor', 'NVM_DIR': '/home/pochsathya/.nvm', 'IM_CONFIG_PHASE': '1', 'WAYLAND_DISPLAY': 'wayland-0', 'COLCON_PREFIX_PATH': '/home/pochsathya/ros2_ws/install:/home/pochsathya/ros2_ws/src/house_navigation_pkg/house_navigation_pkg/install', 'ROS_DISTRO': 'humble', 'LOGNAME': 'pochsathya', '_': '/usr/bin/colcon', 'ROS_VERSION': '2', 'XDG_CONFIG_DIRS_VSCODE_SNAP_ORIG': '/etc/xdg/xdg-ubuntu:/etc/xdg', 'XDG_SESSION_CLASS': 'user', 'XDG_DATA_DIRS_VSCODE_SNAP_ORIG': '/usr/share/ubuntu:/usr/local/share/:/usr/share/:/var/lib/snapd/desktop', 'USERNAME': 'pochsathya', 'TERM': 'xterm-256color', 'GNOME_DESKTOP_SESSION_ID': 'this-is-deprecated', 'FC_FONTATIONS': '1', 'ROS_LOCALHOST_ONLY': '0', 'PATH': '/home/pochsathya/.config/Code/User/globalStorage/github.copilot-chat/debugCommand:/home/pochsathya/.config/Code/User/globalStorage/github.copilot-chat/copilotCli:/home/pochsathya/.nvm/versions/node/v24.14.0/bin:/opt/ros/humble/bin:/home/pochsathya/.local/bin:/usr/local/sbin:/usr/local/bin:/usr/sbin:/usr/bin:/sbin:/bin:/usr/games:/usr/local/games:/snap/bin:/snap/bin:/home/pochsathya/.vscode/extensions/ms-python.debugpy-2025.18.0-linux-x64/bundled/scripts/noConfigScripts', 'SESSION_MANAGER': 'local/pochsathya-Legion-Pro-5-16IRX8:@/tmp/.ICE-unix/2081,unix/pochsathya-Legion-Pro-5-16IRX8:/tmp/.ICE-unix/2081', 'GTK_EXE_PREFIX': '/snap/code/230/usr', 'XDG_MENU_PREFIX': 'gnome-', 'GNOME_TERMINAL_SCREEN': '/org/gnome/Terminal/screen/3022cf24_8779_4048_b403_e606844e479e', 'GNOME_SETUP_DISPLAY': ':1', 'XDG_RUNTIME_DIR': '/run/user/1000', 'GDK_BACKEND': 'x11', 'DISPLAY': ':0', 'LOCPATH': '/snap/code/230/usr/lib/locale', 'VSCODE_DEBUGPY_ADAPTER_ENDPOINTS': '/home/pochsathya/.vscode/extensions/ms-python.debugpy-2025.18.0-linux-x64/.noConfigDebugAdapterEndpoints/endpoint-2afe878aa90fcd67.txt', 'LANG': 'en_US.UTF-8', 'XDG_CURRENT_DESKTOP': 'ubuntu:GNOME', 'PYTHONSTARTUP': '/home/pochsathya/.config/Code/User/workspaceStorage/f271fc560773b7ce7087c0335d36366c/ms-python.python/pythonrc.py', 'GIO_MODULE_DIR_VSCODE_SNAP_ORIG': '', 'XDG_DATA_HOME': '/home/pochsathya/snap/code/230/.local/share', 'XMODIFIERS': '@im=ibus', 'XDG_SESSION_DESKTOP': 'ubuntu', 'XAUTHORITY': '/run/user/1000/.mutter-Xwaylandauth.YFTWM3', 'LS_COLORS': 'rs=0:di=01;34:ln=01;36:mh=00:pi=40;33:so=01;35:do=01;35:bd=40;33;01:cd=40;33;01:or=40;31;01:mi=00:su=37;41:sg=30;43:ca=30;41:tw=30;42:ow=34;42:st=37;44:ex=01;32:*.tar=01;31:*.tgz=01;31:*.arc=01;31:*.arj=01;31:*.taz=01;31:*.lha=01;31:*.lz4=01;31:*.lzh=01;31:*.lzma=01;31:*.tlz=01;31:*.txz=01;31:*.tzo=01;31:*.t7z=01;31:*.zip=01;31:*.z=01;31:*.dz=01;31:*.gz=01;31:*.lrz=01;31:*.lz=01;31:*.lzo=01;31:*.xz=01;31:*.zst=01;31:*.tzst=01;31:*.bz2=01;31:*.bz=01;31:*.tbz=01;31:*.tbz2=01;31:*.tz=01;31:*.deb=01;31:*.rpm=01;31:*.jar=01;31:*.war=01;31:*.ear=01;31:*.sar=01;31:*.rar=01;31:*.alz=01;31:*.ace=01;31:*.zoo=01;31:*.cpio=01;31:*.7z=01;31:*.rz=01;31:*.cab=01;31:*.wim=01;31:*.swm=01;31:*.dwm=01;31:*.esd=01;31:*.jpg=01;35:*.jpeg=01;35:*.mjpg=01;35:*.mjpeg=01;35:*.gif=01;35:*.bmp=01;35:*.pbm=01;35:*.pgm=01;35:*.ppm=01;35:*.tga=01;35:*.xbm=01;35:*.xpm=01;35:*.tif=01;35:*.tiff=01;35:*.png=01;35:*.svg=01;35:*.svgz=01;35:*.mng=01;35:*.pcx=01;35:*.mov=01;35:*.mpg=01;35:*.mpeg=01;35:*.m2v=01;35:*.mkv=01;35:*.webm=01;35:*.webp=01;35:*.ogm=01;35:*.mp4=01;35:*.m4v=01;35:*.mp4v=01;35:*.vob=01;35:*.qt=01;35:*.nuv=01;35:*.wmv=01;35:*.asf=01;35:*.rm=01;35:*.rmvb=01;35:*.flc=01;35:*.avi=01;35:*.fli=01;35:*.flv=01;35:*.gl=01;35:*.dl=01;35:*.xcf=01;35:*.xwd=01;35:*.yuv=01;35:*.cgm=01;35:*.emf=01;35:*.ogv=01;35:*.ogx=01;35:*.aac=00;36:*.au=00;36:*.flac=00;36:*.m4a=00;36:*.mid=00;36:*.midi=00;36:*.mka=00;36:*.mp3=00;36:*.mpc=00;36:*.ogg=00;36:*.ra=00;36:*.wav=00;36:*.oga=00;36:*.opus=00;36:*.spx=00;36:*.xspf=00;36:', 'VSCODE_GIT_IPC_HANDLE': '/run/user/1000/vscode-git-8e822459fc.sock', 'GNOME_TERMINAL_SERVICE': ':1.113', 'TERM_PROGRAM': 'vscode', 'SSH_AGENT_LAUNCHER': 'gnome-keyring', 'SSH_AUTH_SOCK': '/run/user/1000/keyring/ssh', 'GSETTINGS_SCHEMA_DIR': '/home/pochsathya/snap/code/230/.local/share/glib-2.0/schemas', 'AMENT_PREFIX_PATH': '/home/pochsathya/ros2_ws/install/house_navigation_pkg:/home/pochsathya/ros2_ws/install/subscriber_pkg:/home/pochsathya/ros2_ws/install/publisher_pkg:/home/pochsathya/ros2_ws/install/odometry_pkg:/home/pochsathya/ros2_ws/install/my_first_pkg:/home/pochsathya/ros2_ws/install/example36_pkg:/home/pochsathya/ros2_ws/install/custom_interfaces:/opt/ros/humble', 'SHELL': '/bin/bash', 'QT_ACCESSIBILITY': '1', 'GDMSESSION': 'ubuntu', 'LESSCLOSE': '/usr/bin/lesspipe %s %s', 'GTK_PATH_VSCODE_SNAP_ORIG': '', 'FONTCONFIG_FILE': '/etc/fonts/fonts.conf', 'GK_GL_ADDR': 'http://127.0.0.1:34165', 'GTK_IM_MODULE_FILE_VSCODE_SNAP_ORIG': '', 'VSCODE_GIT_ASKPASS_EXTRA_ARGS': '', 'QT_IM_MODULE': 'ibus', 'PWD': '/home/pochsathya/ros2_ws/build/subscriber_pkg', 'TURTLEBOT3_MODEL': 'burger', 'LC_ALL': 'en_US.UTF-8', 'XDG_CONFIG_DIRS': '/etc/xdg/xdg-ubuntu:/etc/xdg', 'NVM_CD_FLAGS': '', 'XDG_DATA_DIRS': '/home/pochsathya/snap/code/230/.local/share:/home/pochsathya/snap/code/230:/snap/code/230/usr/share:/usr/share/ubuntu:/usr/local/share/:/usr/share/:/var/lib/snapd/desktop', 'PYTHONPATH': '/home/pochsathya/ros2_ws/build/subscriber_pkg/prefix_override:/usr/lib/python3/dist-packages/colcon_core/task/python/colcon_distutils_commands:/home/pochsathya/ros2_ws/install/subscriber_pkg/lib/python3.10/site-packages:/home/pochsathya/ros2_ws/install/house_navigation_pkg/lib/python3.10/site-packages:/home/pochsathya/ros2_ws/install/subscriber_pkg/lib/python3.10/site-packages:/home/pochsathya/ros2_ws/install/publisher_pkg/lib/python3.10/site-packages:/home/pochsathya/ros2_ws/install/odometry_pkg/lib/python3.10/site-packages:/home/pochsathya/ros2_ws/install/my_first_pkg/lib/python3.10/site-packages:/home/pochsathya/ros2_ws/install/example36_pkg/lib/python3.10/site-packages:/home/pochsathya/ros2_ws/install/custom_interfaces/local/lib/python3.10/dist-packages:/opt/ros/humble/lib/python3.10/site-packages:/opt/ros/humble/local/lib/python3.10/dist-packages', 'COLCON': '1', 'VTE_VERSION': '6800', 'CMAKE_PREFIX_PATH': '/home/pochsathya/ros2_ws/install/custom_interfaces'}, 'shell': False}
[1.806420] (-) TimerEvent: {}
[1.906852] (-) TimerEvent: {}
[1.929802] (house_navigation_pkg) StdoutLine: {'line': b'running egg_info\n'}
[1.930199] (house_navigation_pkg) StdoutLine: {'line': b'writing ../../build/house_navigation_pkg/house_navigation_pkg.egg-info/PKG-INFO\n'}
[1.930447] (house_navigation_pkg) StdoutLine: {'line': b'writing dependency_links to ../../build/house_navigation_pkg/house_navigation_pkg.egg-info/dependency_links.txt\n'}
[1.930563] (house_navigation_pkg) StdoutLine: {'line': b'writing entry points to ../../build/house_navigation_pkg/house_navigation_pkg.egg-info/entry_points.txt\n'}
[1.930647] (house_navigation_pkg) StdoutLine: {'line': b'writing requirements to ../../build/house_navigation_pkg/house_navigation_pkg.egg-info/requires.txt\n'}
[1.931019] (house_navigation_pkg) StdoutLine: {'line': b'writing top-level names to ../../build/house_navigation_pkg/house_navigation_pkg.egg-info/top_level.txt\n'}
[1.932538] (house_navigation_pkg) StdoutLine: {'line': b"reading manifest file '../../build/house_navigation_pkg/house_navigation_pkg.egg-info/SOURCES.txt'\n"}
[1.933134] (house_navigation_pkg) StdoutLine: {'line': b"writing manifest file '../../build/house_navigation_pkg/house_navigation_pkg.egg-info/SOURCES.txt'\n"}
[1.933285] (house_navigation_pkg) StdoutLine: {'line': b'running build\n'}
[1.933327] (house_navigation_pkg) StdoutLine: {'line': b'running build_py\n'}
[1.933364] (house_navigation_pkg) StdoutLine: {'line': b'copying house_navigation_pkg/house_navigation.py -> /home/pochsathya/ros2_ws/build/house_navigation_pkg/build/lib/house_navigation_pkg\n'}
[1.933436] (house_navigation_pkg) StdoutLine: {'line': b'running install\n'}
[1.933588] (house_navigation_pkg) StdoutLine: {'line': b'running install_lib\n'}
[1.934100] (house_navigation_pkg) StdoutLine: {'line': b'copying /home/pochsathya/ros2_ws/build/house_navigation_pkg/build/lib/house_navigation_pkg/house_navigation.py -> /home/pochsathya/ros2_ws/install/house_navigation_pkg/lib/python3.10/site-packages/house_navigation_pkg\n'}
[1.934480] (house_navigation_pkg) StdoutLine: {'line': b'byte-compiling /home/pochsathya/ros2_ws/install/house_navigation_pkg/lib/python3.10/site-packages/house_navigation_pkg/house_navigation.py to house_navigation.cpython-310.pyc\n'}
[1.935241] (house_navigation_pkg) StdoutLine: {'line': b'running install_data\n'}
[1.935315] (house_navigation_pkg) StdoutLine: {'line': b'running install_egg_info\n'}
[1.936588] (house_navigation_pkg) StdoutLine: {'line': b"removing '/home/pochsathya/ros2_ws/install/house_navigation_pkg/lib/python3.10/site-packages/house_navigation_pkg-0.0.0-py3.10.egg-info' (and everything under it)\n"}
[1.936846] (house_navigation_pkg) StdoutLine: {'line': b'Copying ../../build/house_navigation_pkg/house_navigation_pkg.egg-info to /home/pochsathya/ros2_ws/install/house_navigation_pkg/lib/python3.10/site-packages/house_navigation_pkg-0.0.0-py3.10.egg-info\n'}
[1.937275] (house_navigation_pkg) StdoutLine: {'line': b'running install_scripts\n'}
[1.939243] (publisher_pkg) StdoutLine: {'line': b'running egg_info\n'}
[1.939718] (publisher_pkg) StdoutLine: {'line': b'writing ../../build/publisher_pkg/publisher_pkg.egg-info/PKG-INFO\n'}
[1.939863] (publisher_pkg) StdoutLine: {'line': b'writing dependency_links to ../../build/publisher_pkg/publisher_pkg.egg-info/dependency_links.txt\n'}
[1.939915] (publisher_pkg) StdoutLine: {'line': b'writing entry points to ../../build/publisher_pkg/publisher_pkg.egg-info/entry_points.txt\n'}
[1.939980] (publisher_pkg) StdoutLine: {'line': b'writing requirements to ../../build/publisher_pkg/publisher_pkg.egg-info/requires.txt\n'}
[1.940014] (publisher_pkg) StdoutLine: {'line': b'writing top-level names to ../../build/publisher_pkg/publisher_pkg.egg-info/top_level.txt\n'}
[1.941894] (publisher_pkg) StdoutLine: {'line': b"reading manifest file '../../build/publisher_pkg/publisher_pkg.egg-info/SOURCES.txt'\n"}
[1.942436] (publisher_pkg) StdoutLine: {'line': b"writing manifest file '../../build/publisher_pkg/publisher_pkg.egg-info/SOURCES.txt'\n"}
[1.942508] (publisher_pkg) StdoutLine: {'line': b'running build\n'}
[1.942573] (publisher_pkg) StdoutLine: {'line': b'running build_py\n'}
[1.942729] (publisher_pkg) StdoutLine: {'line': b'running install\n'}
[1.942974] (publisher_pkg) StdoutLine: {'line': b'running install_lib\n'}
[1.943795] (publisher_pkg) StdoutLine: {'line': b'running install_data\n'}
[1.943890] (publisher_pkg) StdoutLine: {'line': b'running install_egg_info\n'}
[1.945160] (publisher_pkg) StdoutLine: {'line': b"removing '/home/pochsathya/ros2_ws/install/publisher_pkg/lib/python3.10/site-packages/publisher_pkg-0.0.0-py3.10.egg-info' (and everything under it)\n"}
[1.945347] (publisher_pkg) StdoutLine: {'line': b'Copying ../../build/publisher_pkg/publisher_pkg.egg-info to /home/pochsathya/ros2_ws/install/publisher_pkg/lib/python3.10/site-packages/publisher_pkg-0.0.0-py3.10.egg-info\n'}
[1.945596] (odometry_pkg) StdoutLine: {'line': b'running egg_info\n'}
[1.945785] (publisher_pkg) StdoutLine: {'line': b'running install_scripts\n'}
[1.946123] (odometry_pkg) StdoutLine: {'line': b'writing ../../build/odometry_pkg/odometry_pkg.egg-info/PKG-INFO\n'}
[1.946194] (odometry_pkg) StdoutLine: {'line': b'writing dependency_links to ../../build/odometry_pkg/odometry_pkg.egg-info/dependency_links.txt\n'}
[1.946254] (odometry_pkg) StdoutLine: {'line': b'writing entry points to ../../build/odometry_pkg/odometry_pkg.egg-info/entry_points.txt\n'}
[1.946311] (odometry_pkg) StdoutLine: {'line': b'writing requirements to ../../build/odometry_pkg/odometry_pkg.egg-info/requires.txt\n'}
[1.946382] (odometry_pkg) StdoutLine: {'line': b'writing top-level names to ../../build/odometry_pkg/odometry_pkg.egg-info/top_level.txt\n'}
[1.948187] (odometry_pkg) StdoutLine: {'line': b"reading manifest file '../../build/odometry_pkg/odometry_pkg.egg-info/SOURCES.txt'\n"}
[1.948707] (odometry_pkg) StdoutLine: {'line': b"writing manifest file '../../build/odometry_pkg/odometry_pkg.egg-info/SOURCES.txt'\n"}
[1.948767] (odometry_pkg) StdoutLine: {'line': b'running build\n'}
[1.948822] (odometry_pkg) StdoutLine: {'line': b'running build_py\n'}
[1.948965] (odometry_pkg) StdoutLine: {'line': b'running install\n'}
[1.949176] (odometry_pkg) StdoutLine: {'line': b'running install_lib\n'}
[1.949993] (odometry_pkg) StdoutLine: {'line': b'running install_data\n'}
[1.950077] (odometry_pkg) StdoutLine: {'line': b'running install_egg_info\n'}
[1.951304] (odometry_pkg) StdoutLine: {'line': b"removing '/home/pochsathya/ros2_ws/install/odometry_pkg/lib/python3.10/site-packages/odometry_pkg-0.0.0-py3.10.egg-info' (and everything under it)\n"}
[1.951473] (odometry_pkg) StdoutLine: {'line': b'Copying ../../build/odometry_pkg/odometry_pkg.egg-info to /home/pochsathya/ros2_ws/install/odometry_pkg/lib/python3.10/site-packages/odometry_pkg-0.0.0-py3.10.egg-info\n'}
[1.951935] (odometry_pkg) StdoutLine: {'line': b'running install_scripts\n'}
[1.952011] (house_navigation_pkg) StdoutLine: {'line': b'Installing house_navigation script to /home/pochsathya/ros2_ws/install/house_navigation_pkg/lib/house_navigation_pkg\n'}
[1.952134] (house_navigation_pkg) StdoutLine: {'line': b"writing list of installed files to '/home/pochsathya/ros2_ws/build/house_navigation_pkg/install.log'\n"}
[1.958296] (subscriber_pkg) StdoutLine: {'line': b'running egg_info\n'}
[1.958733] (subscriber_pkg) StdoutLine: {'line': b'writing ../../build/subscriber_pkg/subscriber_pkg.egg-info/PKG-INFO\n'}
[1.958884] (subscriber_pkg) StdoutLine: {'line': b'writing dependency_links to ../../build/subscriber_pkg/subscriber_pkg.egg-info/dependency_links.txt\n'}
[1.958983] (subscriber_pkg) StdoutLine: {'line': b'writing entry points to ../../build/subscriber_pkg/subscriber_pkg.egg-info/entry_points.txt\n'}
[1.959074] (subscriber_pkg) StdoutLine: {'line': b'writing requirements to ../../build/subscriber_pkg/subscriber_pkg.egg-info/requires.txt\n'}
[1.959135] (subscriber_pkg) StdoutLine: {'line': b'writing top-level names to ../../build/subscriber_pkg/subscriber_pkg.egg-info/top_level.txt\n'}
[1.960101] (my_first_pkg) StdoutLine: {'line': b'running egg_info\n'}
[1.960735] (publisher_pkg) StdoutLine: {'line': b"writing list of installed files to '/home/pochsathya/ros2_ws/build/publisher_pkg/install.log'\n"}
[1.960931] (subscriber_pkg) StdoutLine: {'line': b"reading manifest file '../../build/subscriber_pkg/subscriber_pkg.egg-info/SOURCES.txt'\n"}
[1.961020] (my_first_pkg) StdoutLine: {'line': b'writing ../../build/my_first_pkg/my_first_pkg.egg-info/PKG-INFO\n'}
[1.961091] (my_first_pkg) StdoutLine: {'line': b'writing dependency_links to ../../build/my_first_pkg/my_first_pkg.egg-info/dependency_links.txt\n'}
[1.961371] (my_first_pkg) StdoutLine: {'line': b'writing entry points to ../../build/my_first_pkg/my_first_pkg.egg-info/entry_points.txt\n'}
[1.961467] (subscriber_pkg) StdoutLine: {'line': b"writing manifest file '../../build/subscriber_pkg/subscriber_pkg.egg-info/SOURCES.txt'\n"}
[1.961510] (my_first_pkg) StdoutLine: {'line': b'writing requirements to ../../build/my_first_pkg/my_first_pkg.egg-info/requires.txt\n'}
[1.961658] (subscriber_pkg) StdoutLine: {'line': b'running build\n'}
[1.961740] (subscriber_pkg) StdoutLine: {'line': b'running build_py\n'}
[1.961778] (my_first_pkg) StdoutLine: {'line': b'writing top-level names to ../../build/my_first_pkg/my_first_pkg.egg-info/top_level.txt\n'}
[1.961811] (subscriber_pkg) StdoutLine: {'line': b'running install\n'}
[1.961867] (subscriber_pkg) StdoutLine: {'line': b'running install_lib\n'}
[1.962637] (subscriber_pkg) StdoutLine: {'line': b'running install_data\n'}
[1.962715] (subscriber_pkg) StdoutLine: {'line': b'running install_egg_info\n'}
[1.963981] (subscriber_pkg) StdoutLine: {'line': b"removing '/home/pochsathya/ros2_ws/install/subscriber_pkg/lib/python3.10/site-packages/subscriber_pkg-0.0.0-py3.10.egg-info' (and everything under it)\n"}
[1.964133] (subscriber_pkg) StdoutLine: {'line': b'Copying ../../build/subscriber_pkg/subscriber_pkg.egg-info to /home/pochsathya/ros2_ws/install/subscriber_pkg/lib/python3.10/site-packages/subscriber_pkg-0.0.0-py3.10.egg-info\n'}
[1.964391] (my_first_pkg) StdoutLine: {'line': b"reading manifest file '../../build/my_first_pkg/my_first_pkg.egg-info/SOURCES.txt'\n"}
[1.964583] (subscriber_pkg) StdoutLine: {'line': b'running install_scripts\n'}
[1.965321] (my_first_pkg) StdoutLine: {'line': b"writing manifest file '../../build/my_first_pkg/my_first_pkg.egg-info/SOURCES.txt'\n"}
[1.965415] (my_first_pkg) StdoutLine: {'line': b'running build\n'}
[1.965471] (my_first_pkg) StdoutLine: {'line': b'running build_py\n'}
[1.965845] (my_first_pkg) StdoutLine: {'line': b'running install\n'}
[1.966171] (my_first_pkg) StdoutLine: {'line': b'running install_lib\n'}
[1.968287] (house_navigation_pkg) CommandEnded: {'returncode': 0}
[1.968542] (my_first_pkg) StdoutLine: {'line': b'running install_data\n'}
[1.968585] (my_first_pkg) StdoutLine: {'line': b'running install_egg_info\n'}
[1.968762] (odometry_pkg) StdoutLine: {'line': b'Installing odometry_subscriber script to /home/pochsathya/ros2_ws/install/odometry_pkg/lib/odometry_pkg\n'}
[1.968892] (odometry_pkg) StdoutLine: {'line': b"writing list of installed files to '/home/pochsathya/ros2_ws/build/odometry_pkg/install.log'\n"}
[1.969128] (my_first_pkg) StdoutLine: {'line': b"removing '/home/pochsathya/ros2_ws/install/my_first_pkg/lib/python3.10/site-packages/my_first_pkg-0.0.0-py3.10.egg-info' (and everything under it)\n"}
[1.969281] (my_first_pkg) StdoutLine: {'line': b'Copying ../../build/my_first_pkg/my_first_pkg.egg-info to /home/pochsathya/ros2_ws/install/my_first_pkg/lib/python3.10/site-packages/my_first_pkg-0.0.0-py3.10.egg-info\n'}
[1.969800] (my_first_pkg) StdoutLine: {'line': b'running install_scripts\n'}
[1.975374] (house_navigation_pkg) JobEnded: {'identifier': 'house_navigation_pkg', 'rc': 0}
[1.976337] (publisher_pkg) CommandEnded: {'returncode': 0}
[1.979271] (subscriber_pkg) StdoutLine: {'line': b"writing list of installed files to '/home/pochsathya/ros2_ws/build/subscriber_pkg/install.log'\n"}
[1.982741] (publisher_pkg) JobEnded: {'identifier': 'publisher_pkg', 'rc': 0}
[1.984314] (my_first_pkg) StdoutLine: {'line': b'Installing Sathya_node script to /home/pochsathya/ros2_ws/install/my_first_pkg/lib/my_first_pkg\n'}
[1.984383] (my_first_pkg) StdoutLine: {'line': b'Installing subscriber_node script to /home/pochsathya/ros2_ws/install/my_first_pkg/lib/my_first_pkg\n'}
[1.984621] (my_first_pkg) StdoutLine: {'line': b"writing list of installed files to '/home/pochsathya/ros2_ws/build/my_first_pkg/install.log'\n"}
[1.985143] (odometry_pkg) CommandEnded: {'returncode': 0}
[1.991731] (odometry_pkg) JobEnded: {'identifier': 'odometry_pkg', 'rc': 0}
[1.995212] (subscriber_pkg) CommandEnded: {'returncode': 0}
[2.000411] (subscriber_pkg) JobEnded: {'identifier': 'subscriber_pkg', 'rc': 0}
[2.001434] (my_first_pkg) CommandEnded: {'returncode': 0}
[2.006995] (-) TimerEvent: {}
[2.007894] (my_first_pkg) JobEnded: {'identifier': 'my_first_pkg', 'rc': 0}
[2.014024] (example36_pkg) Command: {'cmd': ['/usr/bin/python3', '-W', 'ignore:setup.py install is deprecated', '-W', 'ignore:easy_install command is deprecated', 'setup.py', 'egg_info', '--egg-base', '../build/example36_pkg', 'build', '--build-base', '/home/pochsathya/ros2_ws/build/example36_pkg/build', 'install', '--record', '/home/pochsathya/ros2_ws/build/example36_pkg/install.log', '--single-version-externally-managed', 'install_data'], 'cwd': '/home/pochsathya/ros2_ws/example36_pkg', 'env': {'PYTHON_BASIC_REPL': '1', 'LESSOPEN': '| /usr/bin/lesspipe %s', 'USER': 'pochsathya', 'FONTCONFIG_PATH': '/etc/fonts', 'GIO_MODULE_DIR': '/home/pochsathya/snap/code/common/.cache/gio-modules', 'XDG_SESSION_TYPE': 'wayland', 'GIT_ASKPASS': '/snap/code/230/usr/share/code/resources/app/extensions/git/dist/askpass.sh', 'GTK_EXE_PREFIX_VSCODE_SNAP_ORIG': '', 'GDK_BACKEND_VSCODE_SNAP_ORIG': '', 'SHLVL': '2', 'LD_LIBRARY_PATH': '/home/pochsathya/ros2_ws/install/custom_interfaces/lib:/usr/lib/x86_64-linux-gnu/gazebo-11/plugins:/opt/ros/humble/opt/rviz_ogre_vendor/lib:/opt/ros/humble/lib/x86_64-linux-gnu:/opt/ros/humble/lib', 'HOME': '/home/pochsathya', 'CHROME_DESKTOP': 'code.desktop', 'LOCPATH_VSCODE_SNAP_ORIG': '', 'OLDPWD': '/home/pochsathya/ros2_ws/src', 'TERM_PROGRAM_VERSION': '1.112.0', 'DESKTOP_SESSION': 'ubuntu', 'GTK_PATH': '/snap/code/230/usr/lib/x86_64-linux-gnu/gtk-3.0', 'NVM_BIN': '/home/pochsathya/.nvm/versions/node/v24.14.0/bin', 'NVM_INC': '/home/pochsathya/.nvm/versions/node/v24.14.0/include/node', 'XDG_DATA_HOME_VSCODE_SNAP_ORIG': '', 'GTK_IM_MODULE_FILE': '/home/pochsathya/snap/code/common/.cache/immodules/immodules.cache', 'ROS_PYTHON_VERSION': '3', 'GNOME_SHELL_SESSION_MODE': 'ubuntu', 'GTK_MODULES': 'gail:atk-bridge', 'GK_GL_PATH': '/tmp/gitkraken/gitlens/gitlens-ipc-server-3329-34165.json', 'GSETTINGS_SCHEMA_DIR_VSCODE_SNAP_ORIG': '', 'VSCODE_GIT_ASKPASS_MAIN': '/snap/code/230/usr/share/code/resources/app/extensions/git/dist/askpass-main.js', 'VSCODE_GIT_ASKPASS_NODE': '/snap/code/230/usr/share/code/code', 'PYDEVD_DISABLE_FILE_VALIDATION': '1', 'SYSTEMD_EXEC_PID': '2320', 'BUNDLED_DEBUGPY_PATH': '/home/pochsathya/.vscode/extensions/ms-python.debugpy-2025.18.0-linux-x64/bundled/libs/debugpy', 'VSCODE_PYTHON_AUTOACTIVATE_GUARD': '1', 'DBUS_SESSION_BUS_ADDRESS': 'unix:path=/run/user/1000/bus', 'COLORTERM': 'truecolor', 'NVM_DIR': '/home/pochsathya/.nvm', 'IM_CONFIG_PHASE': '1', 'WAYLAND_DISPLAY': 'wayland-0', 'COLCON_PREFIX_PATH': '/home/pochsathya/ros2_ws/install:/home/pochsathya/ros2_ws/src/house_navigation_pkg/house_navigation_pkg/install', 'ROS_DISTRO': 'humble', 'LOGNAME': 'pochsathya', '_': '/usr/bin/colcon', 'ROS_VERSION': '2', 'XDG_CONFIG_DIRS_VSCODE_SNAP_ORIG': '/etc/xdg/xdg-ubuntu:/etc/xdg', 'XDG_SESSION_CLASS': 'user', 'XDG_DATA_DIRS_VSCODE_SNAP_ORIG': '/usr/share/ubuntu:/usr/local/share/:/usr/share/:/var/lib/snapd/desktop', 'USERNAME': 'pochsathya', 'TERM': 'xterm-256color', 'GNOME_DESKTOP_SESSION_ID': 'this-is-deprecated', 'FC_FONTATIONS': '1', 'ROS_LOCALHOST_ONLY': '0', 'PATH': '/home/pochsathya/.config/Code/User/globalStorage/github.copilot-chat/debugCommand:/home/pochsathya/.config/Code/User/globalStorage/github.copilot-chat/copilotCli:/home/pochsathya/.nvm/versions/node/v24.14.0/bin:/opt/ros/humble/bin:/home/pochsathya/.local/bin:/usr/local/sbin:/usr/local/bin:/usr/sbin:/usr/bin:/sbin:/bin:/usr/games:/usr/local/games:/snap/bin:/snap/bin:/home/pochsathya/.vscode/extensions/ms-python.debugpy-2025.18.0-linux-x64/bundled/scripts/noConfigScripts', 'SESSION_MANAGER': 'local/pochsathya-Legion-Pro-5-16IRX8:@/tmp/.ICE-unix/2081,unix/pochsathya-Legion-Pro-5-16IRX8:/tmp/.ICE-unix/2081', 'GTK_EXE_PREFIX': '/snap/code/230/usr', 'XDG_MENU_PREFIX': 'gnome-', 'GNOME_TERMINAL_SCREEN': '/org/gnome/Terminal/screen/3022cf24_8779_4048_b403_e606844e479e', 'GNOME_SETUP_DISPLAY': ':1', 'XDG_RUNTIME_DIR': '/run/user/1000', 'GDK_BACKEND': 'x11', 'DISPLAY': ':0', 'LOCPATH': '/snap/code/230/usr/lib/locale', 'VSCODE_DEBUGPY_ADAPTER_ENDPOINTS': '/home/pochsathya/.vscode/extensions/ms-python.debugpy-2025.18.0-linux-x64/.noConfigDebugAdapterEndpoints/endpoint-2afe878aa90fcd67.txt', 'LANG': 'en_US.UTF-8', 'XDG_CURRENT_DESKTOP': 'ubuntu:GNOME', 'PYTHONSTARTUP': '/home/pochsathya/.config/Code/User/workspaceStorage/f271fc560773b7ce7087c0335d36366c/ms-python.python/pythonrc.py', 'GIO_MODULE_DIR_VSCODE_SNAP_ORIG': '', 'XDG_DATA_HOME': '/home/pochsathya/snap/code/230/.local/share', 'XMODIFIERS': '@im=ibus', 'XDG_SESSION_DESKTOP': 'ubuntu', 'XAUTHORITY': '/run/user/1000/.mutter-Xwaylandauth.YFTWM3', 'LS_COLORS': 'rs=0:di=01;34:ln=01;36:mh=00:pi=40;33:so=01;35:do=01;35:bd=40;33;01:cd=40;33;01:or=40;31;01:mi=00:su=37;41:sg=30;43:ca=30;41:tw=30;42:ow=34;42:st=37;44:ex=01;32:*.tar=01;31:*.tgz=01;31:*.arc=01;31:*.arj=01;31:*.taz=01;31:*.lha=01;31:*.lz4=01;31:*.lzh=01;31:*.lzma=01;31:*.tlz=01;31:*.txz=01;31:*.tzo=01;31:*.t7z=01;31:*.zip=01;31:*.z=01;31:*.dz=01;31:*.gz=01;31:*.lrz=01;31:*.lz=01;31:*.lzo=01;31:*.xz=01;31:*.zst=01;31:*.tzst=01;31:*.bz2=01;31:*.bz=01;31:*.tbz=01;31:*.tbz2=01;31:*.tz=01;31:*.deb=01;31:*.rpm=01;31:*.jar=01;31:*.war=01;31:*.ear=01;31:*.sar=01;31:*.rar=01;31:*.alz=01;31:*.ace=01;31:*.zoo=01;31:*.cpio=01;31:*.7z=01;31:*.rz=01;31:*.cab=01;31:*.wim=01;31:*.swm=01;31:*.dwm=01;31:*.esd=01;31:*.jpg=01;35:*.jpeg=01;35:*.mjpg=01;35:*.mjpeg=01;35:*.gif=01;35:*.bmp=01;35:*.pbm=01;35:*.pgm=01;35:*.ppm=01;35:*.tga=01;35:*.xbm=01;35:*.xpm=01;35:*.tif=01;35:*.tiff=01;35:*.png=01;35:*.svg=01;35:*.svgz=01;35:*.mng=01;35:*.pcx=01;35:*.mov=01;35:*.mpg=01;35:*.mpeg=01;35:*.m2v=01;35:*.mkv=01;35:*.webm=01;35:*.webp=01;35:*.ogm=01;35:*.mp4=01;35:*.m4v=01;35:*.mp4v=01;35:*.vob=01;35:*.qt=01;35:*.nuv=01;35:*.wmv=01;35:*.asf=01;35:*.rm=01;35:*.rmvb=01;35:*.flc=01;35:*.avi=01;35:*.fli=01;35:*.flv=01;35:*.gl=01;35:*.dl=01;35:*.xcf=01;35:*.xwd=01;35:*.yuv=01;35:*.cgm=01;35:*.emf=01;35:*.ogv=01;35:*.ogx=01;35:*.aac=00;36:*.au=00;36:*.flac=00;36:*.m4a=00;36:*.mid=00;36:*.midi=00;36:*.mka=00;36:*.mp3=00;36:*.mpc=00;36:*.ogg=00;36:*.ra=00;36:*.wav=00;36:*.oga=00;36:*.opus=00;36:*.spx=00;36:*.xspf=00;36:', 'VSCODE_GIT_IPC_HANDLE': '/run/user/1000/vscode-git-8e822459fc.sock', 'GNOME_TERMINAL_SERVICE': ':1.113', 'TERM_PROGRAM': 'vscode', 'SSH_AGENT_LAUNCHER': 'gnome-keyring', 'SSH_AUTH_SOCK': '/run/user/1000/keyring/ssh', 'GSETTINGS_SCHEMA_DIR': '/home/pochsathya/snap/code/230/.local/share/glib-2.0/schemas', 'AMENT_PREFIX_PATH': '/home/pochsathya/ros2_ws/install/house_navigation_pkg:/home/pochsathya/ros2_ws/install/subscriber_pkg:/home/pochsathya/ros2_ws/install/publisher_pkg:/home/pochsathya/ros2_ws/install/odometry_pkg:/home/pochsathya/ros2_ws/install/my_first_pkg:/home/pochsathya/ros2_ws/install/example36_pkg:/home/pochsathya/ros2_ws/install/custom_interfaces:/opt/ros/humble', 'SHELL': '/bin/bash', 'QT_ACCESSIBILITY': '1', 'GDMSESSION': 'ubuntu', 'LESSCLOSE': '/usr/bin/lesspipe %s %s', 'GTK_PATH_VSCODE_SNAP_ORIG': '', 'FONTCONFIG_FILE': '/etc/fonts/fonts.conf', 'GK_GL_ADDR': 'http://127.0.0.1:34165', 'GTK_IM_MODULE_FILE_VSCODE_SNAP_ORIG': '', 'VSCODE_GIT_ASKPASS_EXTRA_ARGS': '', 'QT_IM_MODULE': 'ibus', 'PWD': '/home/pochsathya/ros2_ws/build/example36_pkg', 'TURTLEBOT3_MODEL': 'burger', 'LC_ALL': 'en_US.UTF-8', 'XDG_CONFIG_DIRS': '/etc/xdg/xdg-ubuntu:/etc/xdg', 'NVM_CD_FLAGS': '', 'XDG_DATA_DIRS': '/home/pochsathya/snap/code/230/.local/share:/home/pochsathya/snap/code/230:/snap/code/230/usr/share:/usr/share/ubuntu:/usr/local/share/:/usr/share/:/var/lib/snapd/desktop', 'PYTHONPATH': '/home/pochsathya/ros2_ws/build/example36_pkg/prefix_override:/usr/lib/python3/dist-packages/colcon_core/task/python/colcon_distutils_commands:/home/pochsathya/ros2_ws/install/example36_pkg/lib/python3.10/site-packages:/home/pochsathya/ros2_ws/install/house_navigation_pkg/lib/python3.10/site-packages:/home/pochsathya/ros2_ws/install/subscriber_pkg/lib/python3.10/site-packages:/home/pochsathya/ros2_ws/install/publisher_pkg/lib/python3.10/site-packages:/home/pochsathya/ros2_ws/install/odometry_pkg/lib/python3.10/site-packages:/home/pochsathya/ros2_ws/install/my_first_pkg/lib/python3.10/site-packages:/home/pochsathya/ros2_ws/install/example36_pkg/lib/python3.10/site-packages:/home/pochsathya/ros2_ws/install/custom_interfaces/local/lib/python3.10/dist-packages:/opt/ros/humble/lib/python3.10/site-packages:/opt/ros/humble/local/lib/python3.10/dist-packages', 'COLCON': '1', 'VTE_VERSION': '6800', 'CMAKE_PREFIX_PATH': '/home/pochsathya/ros2_ws/install/custom_interfaces'}, 'shell': False}
[2.107127] (-) TimerEvent: {}
[2.207418] (-) TimerEvent: {}
[2.213545] (example36_pkg) StdoutLine: {'line': b'running egg_info\n'}
[2.214463] (example36_pkg) StdoutLine: {'line': b'writing ../build/example36_pkg/example36_pkg.egg-info/PKG-INFO\n'}
[2.214800] (example36_pkg) StdoutLine: {'line': b'writing dependency_links to ../build/example36_pkg/example36_pkg.egg-info/dependency_links.txt\n'}
[2.215182] (example36_pkg) StdoutLine: {'line': b'writing entry points to ../build/example36_pkg/example36_pkg.egg-info/entry_points.txt\n'}
[2.215606] (example36_pkg) StdoutLine: {'line': b'writing requirements to ../build/example36_pkg/example36_pkg.egg-info/requires.txt\n'}
[2.215764] (example36_pkg) StdoutLine: {'line': b'writing top-level names to ../build/example36_pkg/example36_pkg.egg-info/top_level.txt\n'}
[2.218961] (example36_pkg) StdoutLine: {'line': b"reading manifest file '../build/example36_pkg/example36_pkg.egg-info/SOURCES.txt'\n"}
[2.220162] (example36_pkg) StdoutLine: {'line': b"writing manifest file '../build/example36_pkg/example36_pkg.egg-info/SOURCES.txt'\n"}
[2.220437] (example36_pkg) StdoutLine: {'line': b'running build\n'}
[2.220526] (example36_pkg) StdoutLine: {'line': b'running build_py\n'}
[2.220773] (example36_pkg) StdoutLine: {'line': b'running install\n'}
[2.221146] (example36_pkg) StdoutLine: {'line': b'running install_lib\n'}
[2.222965] (example36_pkg) StdoutLine: {'line': b'running install_data\n'}
[2.223269] (example36_pkg) StdoutLine: {'line': b'running install_egg_info\n'}
[2.225817] (example36_pkg) StdoutLine: {'line': b"removing '/home/pochsathya/ros2_ws/install/example36_pkg/lib/python3.10/site-packages/example36_pkg-0.0.0-py3.10.egg-info' (and everything under it)\n"}
[2.226094] (example36_pkg) StdoutLine: {'line': b'Copying ../build/example36_pkg/example36_pkg.egg-info to /home/pochsathya/ros2_ws/install/example36_pkg/lib/python3.10/site-packages/example36_pkg-0.0.0-py3.10.egg-info\n'}
[2.227092] (example36_pkg) StdoutLine: {'line': b'running install_scripts\n'}
[2.261331] (example36_pkg) StdoutLine: {'line': b'Installing example36 script to /home/pochsathya/ros2_ws/install/example36_pkg/lib/example36_pkg\n'}
[2.262056] (example36_pkg) StdoutLine: {'line': b"writing list of installed files to '/home/pochsathya/ros2_ws/build/example36_pkg/install.log'\n"}
[2.303951] (example36_pkg) CommandEnded: {'returncode': 0}
[2.307620] (-) TimerEvent: {}
[2.315493] (example36_pkg) JobEnded: {'identifier': 'example36_pkg', 'rc': 0}
[2.316549] (-) EventReactorShutdown: {}
