[0.000000] (-) TimerEvent: {}
[0.000239] (custom_interfaces) JobQueued: {'identifier': 'custom_interfaces', 'dependencies': OrderedDict()}
[0.000265] (house_navigation_pkg) JobQueued: {'identifier': 'house_navigation_pkg', 'dependencies': OrderedDict()}
[0.000360] (my_first_pkg) JobQueued: {'identifier': 'my_first_pkg', 'dependencies': OrderedDict()}
[0.000508] (odometry_pkg) JobQueued: {'identifier': 'odometry_pkg', 'dependencies': OrderedDict()}
[0.000540] (publisher_pkg) JobQueued: {'identifier': 'publisher_pkg', 'dependencies': OrderedDict()}
[0.000592] (subscriber_pkg) JobQueued: {'identifier': 'subscriber_pkg', 'dependencies': OrderedDict()}
[0.000613] (example36_pkg) JobQueued: {'identifier': 'example36_pkg', 'dependencies': OrderedDict([('custom_interfaces', '/home/pochsathya/ros2_ws/install/custom_interfaces')])}
[0.000633] (custom_interfaces) JobStarted: {'identifier': 'custom_interfaces'}
[0.004067] (house_navigation_pkg) JobStarted: {'identifier': 'house_navigation_pkg'}
[0.006986] (my_first_pkg) JobStarted: {'identifier': 'my_first_pkg'}
[0.009850] (odometry_pkg) JobStarted: {'identifier': 'odometry_pkg'}
[0.012982] (publisher_pkg) JobStarted: {'identifier': 'publisher_pkg'}
[0.016967] (subscriber_pkg) JobStarted: {'identifier': 'subscriber_pkg'}
[0.022726] (custom_interfaces) JobProgress: {'identifier': 'custom_interfaces', 'progress': 'cmake'}
[0.023222] (custom_interfaces) JobProgress: {'identifier': 'custom_interfaces', 'progress': 'build'}
[0.023754] (custom_interfaces) Command: {'cmd': ['/usr/bin/cmake', '--build', '/home/pochsathya/ros2_ws/build/custom_interfaces', '--', '-j32', '-l32'], 'cwd': '/home/pochsathya/ros2_ws/build/custom_interfaces', 'env': OrderedDict([('GJS_DEBUG_TOPICS', 'JS ERROR;JS LOG'), ('PYTHON_BASIC_REPL', '1'), ('LESSOPEN', '| /usr/bin/lesspipe %s'), ('USER', 'pochsathya'), ('FONTCONFIG_PATH', '/etc/fonts'), ('GIO_MODULE_DIR', '/home/pochsathya/snap/code/common/.cache/gio-modules'), ('XDG_SESSION_TYPE', 'wayland'), ('GIT_ASKPASS', '/snap/code/230/usr/share/code/resources/app/extensions/git/dist/askpass.sh'), ('GTK_EXE_PREFIX_VSCODE_SNAP_ORIG', ''), ('GDK_BACKEND_VSCODE_SNAP_ORIG', ''), ('SHLVL', '1'), ('LD_LIBRARY_PATH', '/home/pochsathya/ros2_ws/install/custom_interfaces/lib:/usr/lib/x86_64-linux-gnu/gazebo-11/plugins:/opt/ros/humble/opt/rviz_ogre_vendor/lib:/opt/ros/humble/lib/x86_64-linux-gnu:/opt/ros/humble/lib'), ('HOME', '/home/pochsathya'), ('CHROME_DESKTOP', 'code.desktop'), ('LOCPATH_VSCODE_SNAP_ORIG', ''), ('TERM_PROGRAM_VERSION', '1.112.0'), ('DESKTOP_SESSION', 'ubuntu'), ('GTK_PATH', '/snap/code/230/usr/lib/x86_64-linux-gnu/gtk-3.0'), ('NVM_BIN', '/home/pochsathya/.nvm/versions/node/v24.14.0/bin'), ('NVM_INC', '/home/pochsathya/.nvm/versions/node/v24.14.0/include/node'), ('XDG_DATA_HOME_VSCODE_SNAP_ORIG', ''), ('GTK_IM_MODULE_FILE', '/home/pochsathya/snap/code/common/.cache/immodules/immodules.cache'), ('GIO_LAUNCHED_DESKTOP_FILE', '/var/lib/snapd/desktop/applications/code_code.desktop'), ('ROS_PYTHON_VERSION', '3'), ('GNOME_SHELL_SESSION_MODE', 'ubuntu'), ('GTK_MODULES', 'gail:atk-bridge'), ('GSETTINGS_SCHEMA_DIR_VSCODE_SNAP_ORIG', ''), ('VSCODE_GIT_ASKPASS_MAIN', '/snap/code/230/usr/share/code/resources/app/extensions/git/dist/askpass-main.js'), ('VSCODE_GIT_ASKPASS_NODE', '/snap/code/230/usr/share/code/code'), ('MANAGERPID', '1939'), ('PYDEVD_DISABLE_FILE_VALIDATION', '1'), ('SYSTEMD_EXEC_PID', '2110'), ('BUNDLED_DEBUGPY_PATH', '/home/pochsathya/.vscode/extensions/ms-python.debugpy-2025.18.0-linux-x64/bundled/libs/debugpy'), ('IM_CONFIG_CHECK_ENV', '1'), ('VSCODE_PYTHON_AUTOACTIVATE_GUARD', '1'), ('DBUS_SESSION_BUS_ADDRESS', 'unix:path=/run/user/1000/bus'), ('COLORTERM', 'truecolor'), ('GIO_LAUNCHED_DESKTOP_FILE_PID', '41595'), ('NVM_DIR', '/home/pochsathya/.nvm'), ('IM_CONFIG_PHASE', '1'), ('WAYLAND_DISPLAY', 'wayland-0'), ('COLCON_PREFIX_PATH', '/home/pochsathya/ros2_ws/install:/home/pochsathya/ros2_ws/src/house_navigation_pkg/house_navigation_pkg/install'), ('ROS_DISTRO', 'humble'), ('LOGNAME', 'pochsathya'), ('JOURNAL_STREAM', '8:5723'), ('_', '/usr/bin/colcon'), ('ROS_VERSION', '2'), ('XDG_CONFIG_DIRS_VSCODE_SNAP_ORIG', '/etc/xdg/xdg-ubuntu:/etc/xdg'), ('XDG_SESSION_CLASS', 'user'), ('XDG_DATA_DIRS_VSCODE_SNAP_ORIG', '/usr/share/ubuntu:/usr/local/share/:/usr/share/:/var/lib/snapd/desktop'), ('USERNAME', 'pochsathya'), ('TERM', 'xterm-256color'), ('GNOME_DESKTOP_SESSION_ID', 'this-is-deprecated'), ('FC_FONTATIONS', '1'), ('ROS_LOCALHOST_ONLY', '0'), ('PATH', '/home/pochsathya/.config/Code/User/globalStorage/github.copilot-chat/debugCommand:/home/pochsathya/.config/Code/User/globalStorage/github.copilot-chat/copilotCli:/home/pochsathya/.local/bin:/home/pochsathya/.nvm/versions/node/v24.14.0/bin:/opt/ros/humble/bin:/home/pochsathya/.local/bin:/usr/local/sbin:/usr/local/bin:/usr/sbin:/usr/bin:/sbin:/bin:/usr/games:/usr/local/games:/snap/bin:/snap/bin:/home/pochsathya/.vscode/extensions/ms-python.debugpy-2025.18.0-linux-x64/bundled/scripts/noConfigScripts'), ('SESSION_MANAGER', 'local/pochsathya-Legion-Pro-5-16IRX8:@/tmp/.ICE-unix/2081,unix/pochsathya-Legion-Pro-5-16IRX8:/tmp/.ICE-unix/2081'), ('GTK_EXE_PREFIX', '/snap/code/230/usr'), ('INVOCATION_ID', 'bec8f1b216d34278993222b7f454f91b'), ('XDG_MENU_PREFIX', 'gnome-'), ('GNOME_SETUP_DISPLAY', ':1'), ('XDG_RUNTIME_DIR', '/run/user/1000'), ('GDK_BACKEND', 'x11'), ('DISPLAY', ':0'), ('LOCPATH', '/snap/code/230/usr/lib/locale'), ('VSCODE_DEBUGPY_ADAPTER_ENDPOINTS', '/home/pochsathya/.vscode/extensions/ms-python.debugpy-2025.18.0-linux-x64/.noConfigDebugAdapterEndpoints/endpoint-2afe878aa90fcd67.txt'), ('LANG', 'en_US.UTF-8'), ('XDG_CURRENT_DESKTOP', 'ubuntu:GNOME'), ('PYTHONSTARTUP', '/home/pochsathya/.config/Code/User/workspaceStorage/f271fc560773b7ce7087c0335d36366c/ms-python.python/pythonrc.py'), ('GIO_MODULE_DIR_VSCODE_SNAP_ORIG', ''), ('XDG_DATA_HOME', '/home/pochsathya/snap/code/230/.local/share'), ('XMODIFIERS', '@im=ibus'), ('XDG_SESSION_DESKTOP', 'ubuntu'), ('XAUTHORITY', '/run/user/1000/.mutter-Xwaylandauth.YFTWM3'), ('LS_COLORS', 'rs=0:di=01;34:ln=01;36:mh=00:pi=40;33:so=01;35:do=01;35:bd=40;33;01:cd=40;33;01:or=40;31;01:mi=00:su=37;41:sg=30;43:ca=30;41:tw=30;42:ow=34;42:st=37;44:ex=01;32:*.tar=01;31:*.tgz=01;31:*.arc=01;31:*.arj=01;31:*.taz=01;31:*.lha=01;31:*.lz4=01;31:*.lzh=01;31:*.lzma=01;31:*.tlz=01;31:*.txz=01;31:*.tzo=01;31:*.t7z=01;31:*.zip=01;31:*.z=01;31:*.dz=01;31:*.gz=01;31:*.lrz=01;31:*.lz=01;31:*.lzo=01;31:*.xz=01;31:*.zst=01;31:*.tzst=01;31:*.bz2=01;31:*.bz=01;31:*.tbz=01;31:*.tbz2=01;31:*.tz=01;31:*.deb=01;31:*.rpm=01;31:*.jar=01;31:*.war=01;31:*.ear=01;31:*.sar=01;31:*.rar=01;31:*.alz=01;31:*.ace=01;31:*.zoo=01;31:*.cpio=01;31:*.7z=01;31:*.rz=01;31:*.cab=01;31:*.wim=01;31:*.swm=01;31:*.dwm=01;31:*.esd=01;31:*.jpg=01;35:*.jpeg=01;35:*.mjpg=01;35:*.mjpeg=01;35:*.gif=01;35:*.bmp=01;35:*.pbm=01;35:*.pgm=01;35:*.ppm=01;35:*.tga=01;35:*.xbm=01;35:*.xpm=01;35:*.tif=01;35:*.tiff=01;35:*.png=01;35:*.svg=01;35:*.svgz=01;35:*.mng=01;35:*.pcx=01;35:*.mov=01;35:*.mpg=01;35:*.mpeg=01;35:*.m2v=01;35:*.mkv=01;35:*.webm=01;35:*.webp=01;35:*.ogm=01;35:*.mp4=01;35:*.m4v=01;35:*.mp4v=01;35:*.vob=01;35:*.qt=01;35:*.nuv=01;35:*.wmv=01;35:*.asf=01;35:*.rm=01;35:*.rmvb=01;35:*.flc=01;35:*.avi=01;35:*.fli=01;35:*.flv=01;35:*.gl=01;35:*.dl=01;35:*.xcf=01;35:*.xwd=01;35:*.yuv=01;35:*.cgm=01;35:*.emf=01;35:*.ogv=01;35:*.ogx=01;35:*.aac=00;36:*.au=00;36:*.flac=00;36:*.m4a=00;36:*.mid=00;36:*.midi=00;36:*.mka=00;36:*.mp3=00;36:*.mpc=00;36:*.ogg=00;36:*.ra=00;36:*.wav=00;36:*.oga=00;36:*.opus=00;36:*.spx=00;36:*.xspf=00;36:'), ('VSCODE_GIT_IPC_HANDLE', '/run/user/1000/vscode-git-8e822459fc.sock'), ('TERM_PROGRAM', 'vscode'), ('SSH_AGENT_LAUNCHER', 'gnome-keyring'), ('SSH_AUTH_SOCK', '/run/user/1000/keyring/ssh'), ('GSETTINGS_SCHEMA_DIR', '/home/pochsathya/snap/code/230/.local/share/glib-2.0/schemas'), ('AMENT_PREFIX_PATH', '/home/pochsathya/ros2_ws/install/subscriber_pkg:/home/pochsathya/ros2_ws/install/publisher_pkg:/home/pochsathya/ros2_ws/install/odometry_pkg:/home/pochsathya/ros2_ws/install/my_first_pkg:/home/pochsathya/ros2_ws/install/house_navigation_pkg:/home/pochsathya/ros2_ws/install/example36_pkg:/home/pochsathya/ros2_ws/install/custom_interfaces:/opt/ros/humble'), ('SHELL', '/bin/bash'), ('QT_ACCESSIBILITY', '1'), ('GDMSESSION', 'ubuntu'), ('LESSCLOSE', '/usr/bin/lesspipe %s %s'), ('GTK_PATH_VSCODE_SNAP_ORIG', ''), ('FONTCONFIG_FILE', '/etc/fonts/fonts.conf'), ('GTK_IM_MODULE_FILE_VSCODE_SNAP_ORIG', ''), ('GJS_DEBUG_OUTPUT', 'stderr'), ('VSCODE_GIT_ASKPASS_EXTRA_ARGS', ''), ('QT_IM_MODULE', 'ibus'), ('PWD', '/home/pochsathya/ros2_ws/build/custom_interfaces'), ('TURTLEBOT3_MODEL', 'burger'), ('LC_ALL', 'en_US.UTF-8'), ('XDG_CONFIG_DIRS', '/etc/xdg/xdg-ubuntu:/etc/xdg'), ('NVM_CD_FLAGS', ''), ('XDG_DATA_DIRS', '/home/pochsathya/snap/code/230/.local/share:/home/pochsathya/snap/code/230:/snap/code/230/usr/share:/usr/share/ubuntu:/usr/local/share/:/usr/share/:/var/lib/snapd/desktop'), ('PYTHONPATH', '/home/pochsathya/ros2_ws/install/subscriber_pkg/lib/python3.10/site-packages:/home/pochsathya/ros2_ws/install/publisher_pkg/lib/python3.10/site-packages:/home/pochsathya/ros2_ws/install/odometry_pkg/lib/python3.10/site-packages:/home/pochsathya/ros2_ws/install/my_first_pkg/lib/python3.10/site-packages:/home/pochsathya/ros2_ws/install/house_navigation_pkg/lib/python3.10/site-packages:/home/pochsathya/ros2_ws/install/example36_pkg/lib/python3.10/site-packages:/home/pochsathya/ros2_ws/install/custom_interfaces/local/lib/python3.10/dist-packages:/opt/ros/humble/lib/python3.10/site-packages:/opt/ros/humble/local/lib/python3.10/dist-packages'), ('COLCON', '1'), ('CMAKE_PREFIX_PATH', '/home/pochsathya/ros2_ws/install/custom_interfaces:/home/pochsathya/ros2_ws/install/subscriber_pkg:/home/pochsathya/ros2_ws/install/publisher_pkg:/home/pochsathya/ros2_ws/install/odometry_pkg:/home/pochsathya/ros2_ws/install/my_first_pkg:/home/pochsathya/ros2_ws/install/house_navigation_pkg:/home/pochsathya/ros2_ws/install/example36_pkg:/opt/ros/humble')]), 'shell': False}
[0.099865] (-) TimerEvent: {}
[0.200398] (-) TimerEvent: {}
[0.300921] (-) TimerEvent: {}
[0.401319] (-) TimerEvent: {}
[0.501733] (-) TimerEvent: {}
[0.602385] (-) TimerEvent: {}
[0.702975] (-) TimerEvent: {}
[0.803461] (-) TimerEvent: {}
[0.904032] (-) TimerEvent: {}
[1.004663] (-) TimerEvent: {}
[1.105250] (-) TimerEvent: {}
[1.205888] (-) TimerEvent: {}
[1.306365] (-) TimerEvent: {}
[1.406777] (-) TimerEvent: {}
[1.437151] (custom_interfaces) StdoutLine: {'line': b'[  3%] Built target custom_interfaces__cpp\n'}
[1.437310] (custom_interfaces) StdoutLine: {'line': b'[ 12%] Built target custom_interfaces__rosidl_generator_c\n'}
[1.438041] (custom_interfaces) StdoutLine: {'line': b'[ 12%] Built target ament_cmake_python_copy_custom_interfaces\n'}
[1.438542] (custom_interfaces) StdoutLine: {'line': b'[ 32%] Built target custom_interfaces__rosidl_typesupport_cpp\n'}
[1.438651] (custom_interfaces) StdoutLine: {'line': b'[ 29%] Built target custom_interfaces__rosidl_typesupport_introspection_cpp\n'}
[1.439065] (custom_interfaces) StdoutLine: {'line': b'[ 41%] Built target custom_interfaces__rosidl_typesupport_fastrtps_cpp\n'}
[1.439150] (custom_interfaces) StdoutLine: {'line': b'[ 51%] Built target custom_interfaces__rosidl_typesupport_fastrtps_c\n'}
[1.439225] (custom_interfaces) StdoutLine: {'line': b'[ 61%] Built target custom_interfaces__rosidl_typesupport_introspection_c\n'}
[1.439393] (custom_interfaces) StdoutLine: {'line': b'[ 70%] Built target custom_interfaces__rosidl_typesupport_c\n'}
[1.439433] (custom_interfaces) StdoutLine: {'line': b'[ 70%] Built target custom_interfaces\n'}
[1.439464] (custom_interfaces) StdoutLine: {'line': b'[ 74%] Built target custom_interfaces__py\n'}
[1.439495] (custom_interfaces) StdoutLine: {'line': b'[ 80%] Built target custom_interfaces__rosidl_generator_py\n'}
[1.439524] (custom_interfaces) StdoutLine: {'line': b'[ 87%] Built target custom_interfaces__rosidl_typesupport_c__pyext\n'}
[1.439553] (custom_interfaces) StdoutLine: {'line': b'[ 93%] Built target custom_interfaces__rosidl_typesupport_introspection_c__pyext\n'}
[1.439581] (custom_interfaces) StdoutLine: {'line': b'[100%] Built target custom_interfaces__rosidl_typesupport_fastrtps_c__pyext\n'}
[1.439610] (custom_interfaces) StdoutLine: {'line': b'running egg_info\n'}
[1.439645] (custom_interfaces) StdoutLine: {'line': b'writing custom_interfaces.egg-info/PKG-INFO\n'}
[1.439675] (custom_interfaces) StdoutLine: {'line': b'writing dependency_links to custom_interfaces.egg-info/dependency_links.txt\n'}
[1.439702] (custom_interfaces) StdoutLine: {'line': b'writing top-level names to custom_interfaces.egg-info/top_level.txt\n'}
[1.439730] (custom_interfaces) StdoutLine: {'line': b"reading manifest file 'custom_interfaces.egg-info/SOURCES.txt'\n"}
[1.439756] (custom_interfaces) StdoutLine: {'line': b"writing manifest file 'custom_interfaces.egg-info/SOURCES.txt'\n"}
[1.439782] (custom_interfaces) StdoutLine: {'line': b'[100%] Built target ament_cmake_python_build_custom_interfaces_egg\n'}
[1.507027] (-) TimerEvent: {}
[1.607497] (-) TimerEvent: {}
[1.655157] (custom_interfaces) CommandEnded: {'returncode': 0}
[1.655846] (custom_interfaces) JobProgress: {'identifier': 'custom_interfaces', 'progress': 'install'}
[1.663025] (custom_interfaces) Command: {'cmd': ['/usr/bin/cmake', '--install', '/home/pochsathya/ros2_ws/build/custom_interfaces'], 'cwd': '/home/pochsathya/ros2_ws/build/custom_interfaces', 'env': OrderedDict([('GJS_DEBUG_TOPICS', 'JS ERROR;JS LOG'), ('PYTHON_BASIC_REPL', '1'), ('LESSOPEN', '| /usr/bin/lesspipe %s'), ('USER', 'pochsathya'), ('FONTCONFIG_PATH', '/etc/fonts'), ('GIO_MODULE_DIR', '/home/pochsathya/snap/code/common/.cache/gio-modules'), ('XDG_SESSION_TYPE', 'wayland'), ('GIT_ASKPASS', '/snap/code/230/usr/share/code/resources/app/extensions/git/dist/askpass.sh'), ('GTK_EXE_PREFIX_VSCODE_SNAP_ORIG', ''), ('GDK_BACKEND_VSCODE_SNAP_ORIG', ''), ('SHLVL', '1'), ('LD_LIBRARY_PATH', '/home/pochsathya/ros2_ws/install/custom_interfaces/lib:/usr/lib/x86_64-linux-gnu/gazebo-11/plugins:/opt/ros/humble/opt/rviz_ogre_vendor/lib:/opt/ros/humble/lib/x86_64-linux-gnu:/opt/ros/humble/lib'), ('HOME', '/home/pochsathya'), ('CHROME_DESKTOP', 'code.desktop'), ('LOCPATH_VSCODE_SNAP_ORIG', ''), ('TERM_PROGRAM_VERSION', '1.112.0'), ('DESKTOP_SESSION', 'ubuntu'), ('GTK_PATH', '/snap/code/230/usr/lib/x86_64-linux-gnu/gtk-3.0'), ('NVM_BIN', '/home/pochsathya/.nvm/versions/node/v24.14.0/bin'), ('NVM_INC', '/home/pochsathya/.nvm/versions/node/v24.14.0/include/node'), ('XDG_DATA_HOME_VSCODE_SNAP_ORIG', ''), ('GTK_IM_MODULE_FILE', '/home/pochsathya/snap/code/common/.cache/immodules/immodules.cache'), ('GIO_LAUNCHED_DESKTOP_FILE', '/var/lib/snapd/desktop/applications/code_code.desktop'), ('ROS_PYTHON_VERSION', '3'), ('GNOME_SHELL_SESSION_MODE', 'ubuntu'), ('GTK_MODULES', 'gail:atk-bridge'), ('GSETTINGS_SCHEMA_DIR_VSCODE_SNAP_ORIG', ''), ('VSCODE_GIT_ASKPASS_MAIN', '/snap/code/230/usr/share/code/resources/app/extensions/git/dist/askpass-main.js'), ('VSCODE_GIT_ASKPASS_NODE', '/snap/code/230/usr/share/code/code'), ('MANAGERPID', '1939'), ('PYDEVD_DISABLE_FILE_VALIDATION', '1'), ('SYSTEMD_EXEC_PID', '2110'), ('BUNDLED_DEBUGPY_PATH', '/home/pochsathya/.vscode/extensions/ms-python.debugpy-2025.18.0-linux-x64/bundled/libs/debugpy'), ('IM_CONFIG_CHECK_ENV', '1'), ('VSCODE_PYTHON_AUTOACTIVATE_GUARD', '1'), ('DBUS_SESSION_BUS_ADDRESS', 'unix:path=/run/user/1000/bus'), ('COLORTERM', 'truecolor'), ('GIO_LAUNCHED_DESKTOP_FILE_PID', '41595'), ('NVM_DIR', '/home/pochsathya/.nvm'), ('IM_CONFIG_PHASE', '1'), ('WAYLAND_DISPLAY', 'wayland-0'), ('COLCON_PREFIX_PATH', '/home/pochsathya/ros2_ws/install:/home/pochsathya/ros2_ws/src/house_navigation_pkg/house_navigation_pkg/install'), ('ROS_DISTRO', 'humble'), ('LOGNAME', 'pochsathya'), ('JOURNAL_STREAM', '8:5723'), ('_', '/usr/bin/colcon'), ('ROS_VERSION', '2'), ('XDG_CONFIG_DIRS_VSCODE_SNAP_ORIG', '/etc/xdg/xdg-ubuntu:/etc/xdg'), ('XDG_SESSION_CLASS', 'user'), ('XDG_DATA_DIRS_VSCODE_SNAP_ORIG', '/usr/share/ubuntu:/usr/local/share/:/usr/share/:/var/lib/snapd/desktop'), ('USERNAME', 'pochsathya'), ('TERM', 'xterm-256color'), ('GNOME_DESKTOP_SESSION_ID', 'this-is-deprecated'), ('FC_FONTATIONS', '1'), ('ROS_LOCALHOST_ONLY', '0'), ('PATH', '/home/pochsathya/.config/Code/User/globalStorage/github.copilot-chat/debugCommand:/home/pochsathya/.config/Code/User/globalStorage/github.copilot-chat/copilotCli:/home/pochsathya/.local/bin:/home/pochsathya/.nvm/versions/node/v24.14.0/bin:/opt/ros/humble/bin:/home/pochsathya/.local/bin:/usr/local/sbin:/usr/local/bin:/usr/sbin:/usr/bin:/sbin:/bin:/usr/games:/usr/local/games:/snap/bin:/snap/bin:/home/pochsathya/.vscode/extensions/ms-python.debugpy-2025.18.0-linux-x64/bundled/scripts/noConfigScripts'), ('SESSION_MANAGER', 'local/pochsathya-Legion-Pro-5-16IRX8:@/tmp/.ICE-unix/2081,unix/pochsathya-Legion-Pro-5-16IRX8:/tmp/.ICE-unix/2081'), ('GTK_EXE_PREFIX', '/snap/code/230/usr'), ('INVOCATION_ID', 'bec8f1b216d34278993222b7f454f91b'), ('XDG_MENU_PREFIX', 'gnome-'), ('GNOME_SETUP_DISPLAY', ':1'), ('XDG_RUNTIME_DIR', '/run/user/1000'), ('GDK_BACKEND', 'x11'), ('DISPLAY', ':0'), ('LOCPATH', '/snap/code/230/usr/lib/locale'), ('VSCODE_DEBUGPY_ADAPTER_ENDPOINTS', '/home/pochsathya/.vscode/extensions/ms-python.debugpy-2025.18.0-linux-x64/.noConfigDebugAdapterEndpoints/endpoint-2afe878aa90fcd67.txt'), ('LANG', 'en_US.UTF-8'), ('XDG_CURRENT_DESKTOP', 'ubuntu:GNOME'), ('PYTHONSTARTUP', '/home/pochsathya/.config/Code/User/workspaceStorage/f271fc560773b7ce7087c0335d36366c/ms-python.python/pythonrc.py'), ('GIO_MODULE_DIR_VSCODE_SNAP_ORIG', ''), ('XDG_DATA_HOME', '/home/pochsathya/snap/code/230/.local/share'), ('XMODIFIERS', '@im=ibus'), ('XDG_SESSION_DESKTOP', 'ubuntu'), ('XAUTHORITY', '/run/user/1000/.mutter-Xwaylandauth.YFTWM3'), ('LS_COLORS', 'rs=0:di=01;34:ln=01;36:mh=00:pi=40;33:so=01;35:do=01;35:bd=40;33;01:cd=40;33;01:or=40;31;01:mi=00:su=37;41:sg=30;43:ca=30;41:tw=30;42:ow=34;42:st=37;44:ex=01;32:*.tar=01;31:*.tgz=01;31:*.arc=01;31:*.arj=01;31:*.taz=01;31:*.lha=01;31:*.lz4=01;31:*.lzh=01;31:*.lzma=01;31:*.tlz=01;31:*.txz=01;31:*.tzo=01;31:*.t7z=01;31:*.zip=01;31:*.z=01;31:*.dz=01;31:*.gz=01;31:*.lrz=01;31:*.lz=01;31:*.lzo=01;31:*.xz=01;31:*.zst=01;31:*.tzst=01;31:*.bz2=01;31:*.bz=01;31:*.tbz=01;31:*.tbz2=01;31:*.tz=01;31:*.deb=01;31:*.rpm=01;31:*.jar=01;31:*.war=01;31:*.ear=01;31:*.sar=01;31:*.rar=01;31:*.alz=01;31:*.ace=01;31:*.zoo=01;31:*.cpio=01;31:*.7z=01;31:*.rz=01;31:*.cab=01;31:*.wim=01;31:*.swm=01;31:*.dwm=01;31:*.esd=01;31:*.jpg=01;35:*.jpeg=01;35:*.mjpg=01;35:*.mjpeg=01;35:*.gif=01;35:*.bmp=01;35:*.pbm=01;35:*.pgm=01;35:*.ppm=01;35:*.tga=01;35:*.xbm=01;35:*.xpm=01;35:*.tif=01;35:*.tiff=01;35:*.png=01;35:*.svg=01;35:*.svgz=01;35:*.mng=01;35:*.pcx=01;35:*.mov=01;35:*.mpg=01;35:*.mpeg=01;35:*.m2v=01;35:*.mkv=01;35:*.webm=01;35:*.webp=01;35:*.ogm=01;35:*.mp4=01;35:*.m4v=01;35:*.mp4v=01;35:*.vob=01;35:*.qt=01;35:*.nuv=01;35:*.wmv=01;35:*.asf=01;35:*.rm=01;35:*.rmvb=01;35:*.flc=01;35:*.avi=01;35:*.fli=01;35:*.flv=01;35:*.gl=01;35:*.dl=01;35:*.xcf=01;35:*.xwd=01;35:*.yuv=01;35:*.cgm=01;35:*.emf=01;35:*.ogv=01;35:*.ogx=01;35:*.aac=00;36:*.au=00;36:*.flac=00;36:*.m4a=00;36:*.mid=00;36:*.midi=00;36:*.mka=00;36:*.mp3=00;36:*.mpc=00;36:*.ogg=00;36:*.ra=00;36:*.wav=00;36:*.oga=00;36:*.opus=00;36:*.spx=00;36:*.xspf=00;36:'), ('VSCODE_GIT_IPC_HANDLE', '/run/user/1000/vscode-git-8e822459fc.sock'), ('TERM_PROGRAM', 'vscode'), ('SSH_AGENT_LAUNCHER', 'gnome-keyring'), ('SSH_AUTH_SOCK', '/run/user/1000/keyring/ssh'), ('GSETTINGS_SCHEMA_DIR', '/home/pochsathya/snap/code/230/.local/share/glib-2.0/schemas'), ('AMENT_PREFIX_PATH', '/home/pochsathya/ros2_ws/install/subscriber_pkg:/home/pochsathya/ros2_ws/install/publisher_pkg:/home/pochsathya/ros2_ws/install/odometry_pkg:/home/pochsathya/ros2_ws/install/my_first_pkg:/home/pochsathya/ros2_ws/install/house_navigation_pkg:/home/pochsathya/ros2_ws/install/example36_pkg:/home/pochsathya/ros2_ws/install/custom_interfaces:/opt/ros/humble'), ('SHELL', '/bin/bash'), ('QT_ACCESSIBILITY', '1'), ('GDMSESSION', 'ubuntu'), ('LESSCLOSE', '/usr/bin/lesspipe %s %s'), ('GTK_PATH_VSCODE_SNAP_ORIG', ''), ('FONTCONFIG_FILE', '/etc/fonts/fonts.conf'), ('GTK_IM_MODULE_FILE_VSCODE_SNAP_ORIG', ''), ('GJS_DEBUG_OUTPUT', 'stderr'), ('VSCODE_GIT_ASKPASS_EXTRA_ARGS', ''), ('QT_IM_MODULE', 'ibus'), ('PWD', '/home/pochsathya/ros2_ws/build/custom_interfaces'), ('TURTLEBOT3_MODEL', 'burger'), ('LC_ALL', 'en_US.UTF-8'), ('XDG_CONFIG_DIRS', '/etc/xdg/xdg-ubuntu:/etc/xdg'), ('NVM_CD_FLAGS', ''), ('XDG_DATA_DIRS', '/home/pochsathya/snap/code/230/.local/share:/home/pochsathya/snap/code/230:/snap/code/230/usr/share:/usr/share/ubuntu:/usr/local/share/:/usr/share/:/var/lib/snapd/desktop'), ('PYTHONPATH', '/home/pochsathya/ros2_ws/install/subscriber_pkg/lib/python3.10/site-packages:/home/pochsathya/ros2_ws/install/publisher_pkg/lib/python3.10/site-packages:/home/pochsathya/ros2_ws/install/odometry_pkg/lib/python3.10/site-packages:/home/pochsathya/ros2_ws/install/my_first_pkg/lib/python3.10/site-packages:/home/pochsathya/ros2_ws/install/house_navigation_pkg/lib/python3.10/site-packages:/home/pochsathya/ros2_ws/install/example36_pkg/lib/python3.10/site-packages:/home/pochsathya/ros2_ws/install/custom_interfaces/local/lib/python3.10/dist-packages:/opt/ros/humble/lib/python3.10/site-packages:/opt/ros/humble/local/lib/python3.10/dist-packages'), ('COLCON', '1'), ('CMAKE_PREFIX_PATH', '/home/pochsathya/ros2_ws/install/custom_interfaces:/home/pochsathya/ros2_ws/install/subscriber_pkg:/home/pochsathya/ros2_ws/install/publisher_pkg:/home/pochsathya/ros2_ws/install/odometry_pkg:/home/pochsathya/ros2_ws/install/my_first_pkg:/home/pochsathya/ros2_ws/install/house_navigation_pkg:/home/pochsathya/ros2_ws/install/example36_pkg:/opt/ros/humble')]), 'shell': False}
[1.674951] (custom_interfaces) StdoutLine: {'line': b'-- Install configuration: ""\n'}
[1.675867] (custom_interfaces) StdoutLine: {'line': b'-- Up-to-date: /home/pochsathya/ros2_ws/install/custom_interfaces/share/ament_index/resource_index/rosidl_interfaces/custom_interfaces\n'}
[1.676199] (custom_interfaces) StdoutLine: {'line': b'-- Up-to-date: /home/pochsathya/ros2_ws/install/custom_interfaces/include/custom_interfaces/custom_interfaces\n'}
[1.677005] (custom_interfaces) StdoutLine: {'line': b'-- Up-to-date: /home/pochsathya/ros2_ws/install/custom_interfaces/include/custom_interfaces/custom_interfaces/msg\n'}
[1.678274] (custom_interfaces) StdoutLine: {'line': b'-- Up-to-date: /home/pochsathya/ros2_ws/install/custom_interfaces/include/custom_interfaces/custom_interfaces/msg/age.h\n'}
[1.678568] (custom_interfaces) StdoutLine: {'line': b'-- Up-to-date: /home/pochsathya/ros2_ws/install/custom_interfaces/include/custom_interfaces/custom_interfaces/msg/rosidl_generator_c__visibility_control.h\n'}
[1.679123] (custom_interfaces) StdoutLine: {'line': b'-- Up-to-date: /home/pochsathya/ros2_ws/install/custom_interfaces/include/custom_interfaces/custom_interfaces/msg/detail\n'}
[1.679277] (custom_interfaces) StdoutLine: {'line': b'-- Up-to-date: /home/pochsathya/ros2_ws/install/custom_interfaces/include/custom_interfaces/custom_interfaces/msg/detail/age__struct.h\n'}
[1.679410] (custom_interfaces) StdoutLine: {'line': b'-- Up-to-date: /home/pochsathya/ros2_ws/install/custom_interfaces/include/custom_interfaces/custom_interfaces/msg/detail/age__functions.h\n'}
[1.679556] (custom_interfaces) StdoutLine: {'line': b'-- Up-to-date: /home/pochsathya/ros2_ws/install/custom_interfaces/include/custom_interfaces/custom_interfaces/msg/detail/age__type_support.h\n'}
[1.679684] (custom_interfaces) StdoutLine: {'line': b'-- Up-to-date: /home/pochsathya/ros2_ws/install/custom_interfaces/include/custom_interfaces/custom_interfaces/msg/detail/age__functions.c\n'}
[1.679809] (custom_interfaces) StdoutLine: {'line': b'-- Up-to-date: /home/pochsathya/ros2_ws/install/custom_interfaces/share/custom_interfaces/environment/library_path.sh\n'}
[1.679934] (custom_interfaces) StdoutLine: {'line': b'-- Up-to-date: /home/pochsathya/ros2_ws/install/custom_interfaces/share/custom_interfaces/environment/library_path.dsv\n'}
[1.680058] (custom_interfaces) StdoutLine: {'line': b'-- Up-to-date: /home/pochsathya/ros2_ws/install/custom_interfaces/lib/libcustom_interfaces__rosidl_generator_c.so\n'}
[1.680193] (custom_interfaces) StdoutLine: {'line': b'-- Up-to-date: /home/pochsathya/ros2_ws/install/custom_interfaces/include/custom_interfaces/custom_interfaces\n'}
[1.680324] (custom_interfaces) StdoutLine: {'line': b'-- Up-to-date: /home/pochsathya/ros2_ws/install/custom_interfaces/include/custom_interfaces/custom_interfaces/msg\n'}
[1.680462] (custom_interfaces) StdoutLine: {'line': b'-- Up-to-date: /home/pochsathya/ros2_ws/install/custom_interfaces/include/custom_interfaces/custom_interfaces/msg/rosidl_typesupport_fastrtps_c__visibility_control.h\n'}
[1.680590] (custom_interfaces) StdoutLine: {'line': b'-- Up-to-date: /home/pochsathya/ros2_ws/install/custom_interfaces/include/custom_interfaces/custom_interfaces/msg/detail\n'}
[1.680715] (custom_interfaces) StdoutLine: {'line': b'-- Up-to-date: /home/pochsathya/ros2_ws/install/custom_interfaces/include/custom_interfaces/custom_interfaces/msg/detail/age__rosidl_typesupport_fastrtps_c.h\n'}
[1.680842] (custom_interfaces) StdoutLine: {'line': b'-- Up-to-date: /home/pochsathya/ros2_ws/install/custom_interfaces/lib/libcustom_interfaces__rosidl_typesupport_fastrtps_c.so\n'}
[1.680969] (custom_interfaces) StdoutLine: {'line': b'-- Up-to-date: /home/pochsathya/ros2_ws/install/custom_interfaces/include/custom_interfaces/custom_interfaces\n'}
[1.681095] (custom_interfaces) StdoutLine: {'line': b'-- Up-to-date: /home/pochsathya/ros2_ws/install/custom_interfaces/include/custom_interfaces/custom_interfaces/msg\n'}
[1.681248] (custom_interfaces) StdoutLine: {'line': b'-- Up-to-date: /home/pochsathya/ros2_ws/install/custom_interfaces/include/custom_interfaces/custom_interfaces/msg/age.hpp\n'}
[1.681441] (custom_interfaces) StdoutLine: {'line': b'-- Up-to-date: /home/pochsathya/ros2_ws/install/custom_interfaces/include/custom_interfaces/custom_interfaces/msg/rosidl_generator_cpp__visibility_control.hpp\n'}
[1.681562] (custom_interfaces) StdoutLine: {'line': b'-- Up-to-date: /home/pochsathya/ros2_ws/install/custom_interfaces/include/custom_interfaces/custom_interfaces/msg/detail\n'}
[1.681682] (custom_interfaces) StdoutLine: {'line': b'-- Up-to-date: /home/pochsathya/ros2_ws/install/custom_interfaces/include/custom_interfaces/custom_interfaces/msg/detail/age__traits.hpp\n'}
[1.681803] (custom_interfaces) StdoutLine: {'line': b'-- Up-to-date: /home/pochsathya/ros2_ws/install/custom_interfaces/include/custom_interfaces/custom_interfaces/msg/detail/age__type_support.hpp\n'}
[1.681923] (custom_interfaces) StdoutLine: {'line': b'-- Up-to-date: /home/pochsathya/ros2_ws/install/custom_interfaces/include/custom_interfaces/custom_interfaces/msg/detail/age__struct.hpp\n'}
[1.682042] (custom_interfaces) StdoutLine: {'line': b'-- Up-to-date: /home/pochsathya/ros2_ws/install/custom_interfaces/include/custom_interfaces/custom_interfaces/msg/detail/age__builder.hpp\n'}
[1.682178] (custom_interfaces) StdoutLine: {'line': b'-- Up-to-date: /home/pochsathya/ros2_ws/install/custom_interfaces/include/custom_interfaces/custom_interfaces\n'}
[1.682307] (custom_interfaces) StdoutLine: {'line': b'-- Up-to-date: /home/pochsathya/ros2_ws/install/custom_interfaces/include/custom_interfaces/custom_interfaces/msg\n'}
[1.682428] (custom_interfaces) StdoutLine: {'line': b'-- Up-to-date: /home/pochsathya/ros2_ws/install/custom_interfaces/include/custom_interfaces/custom_interfaces/msg/rosidl_typesupport_fastrtps_cpp__visibility_control.h\n'}
[1.682549] (custom_interfaces) StdoutLine: {'line': b'-- Up-to-date: /home/pochsathya/ros2_ws/install/custom_interfaces/include/custom_interfaces/custom_interfaces/msg/detail\n'}
[1.682668] (custom_interfaces) StdoutLine: {'line': b'-- Up-to-date: /home/pochsathya/ros2_ws/install/custom_interfaces/include/custom_interfaces/custom_interfaces/msg/detail/dds_fastrtps\n'}
[1.682787] (custom_interfaces) StdoutLine: {'line': b'-- Up-to-date: /home/pochsathya/ros2_ws/install/custom_interfaces/include/custom_interfaces/custom_interfaces/msg/detail/age__rosidl_typesupport_fastrtps_cpp.hpp\n'}
[1.682907] (custom_interfaces) StdoutLine: {'line': b'-- Up-to-date: /home/pochsathya/ros2_ws/install/custom_interfaces/lib/libcustom_interfaces__rosidl_typesupport_fastrtps_cpp.so\n'}
[1.683027] (custom_interfaces) StdoutLine: {'line': b'-- Up-to-date: /home/pochsathya/ros2_ws/install/custom_interfaces/include/custom_interfaces/custom_interfaces\n'}
[1.683162] (custom_interfaces) StdoutLine: {'line': b'-- Up-to-date: /home/pochsathya/ros2_ws/install/custom_interfaces/include/custom_interfaces/custom_interfaces/msg\n'}
[1.683299] (custom_interfaces) StdoutLine: {'line': b'-- Up-to-date: /home/pochsathya/ros2_ws/install/custom_interfaces/include/custom_interfaces/custom_interfaces/msg/detail\n'}
[1.683419] (custom_interfaces) StdoutLine: {'line': b'-- Up-to-date: /home/pochsathya/ros2_ws/install/custom_interfaces/include/custom_interfaces/custom_interfaces/msg/detail/age__rosidl_typesupport_introspection_c.h\n'}
[1.683539] (custom_interfaces) StdoutLine: {'line': b'-- Up-to-date: /home/pochsathya/ros2_ws/install/custom_interfaces/include/custom_interfaces/custom_interfaces/msg/detail/age__type_support.c\n'}
[1.683659] (custom_interfaces) StdoutLine: {'line': b'-- Up-to-date: /home/pochsathya/ros2_ws/install/custom_interfaces/include/custom_interfaces/custom_interfaces/msg/rosidl_typesupport_introspection_c__visibility_control.h\n'}
[1.683780] (custom_interfaces) StdoutLine: {'line': b'-- Up-to-date: /home/pochsathya/ros2_ws/install/custom_interfaces/lib/libcustom_interfaces__rosidl_typesupport_introspection_c.so\n'}
[1.683901] (custom_interfaces) StdoutLine: {'line': b'-- Up-to-date: /home/pochsathya/ros2_ws/install/custom_interfaces/lib/libcustom_interfaces__rosidl_typesupport_c.so\n'}
[1.684021] (custom_interfaces) StdoutLine: {'line': b'-- Up-to-date: /home/pochsathya/ros2_ws/install/custom_interfaces/include/custom_interfaces/custom_interfaces\n'}
[1.684153] (custom_interfaces) StdoutLine: {'line': b'-- Up-to-date: /home/pochsathya/ros2_ws/install/custom_interfaces/include/custom_interfaces/custom_interfaces/msg\n'}
[1.684290] (custom_interfaces) StdoutLine: {'line': b'-- Up-to-date: /home/pochsathya/ros2_ws/install/custom_interfaces/include/custom_interfaces/custom_interfaces/msg/detail\n'}
[1.684414] (custom_interfaces) StdoutLine: {'line': b'-- Up-to-date: /home/pochsathya/ros2_ws/install/custom_interfaces/include/custom_interfaces/custom_interfaces/msg/detail/age__type_support.cpp\n'}
[1.684536] (custom_interfaces) StdoutLine: {'line': b'-- Up-to-date: /home/pochsathya/ros2_ws/install/custom_interfaces/include/custom_interfaces/custom_interfaces/msg/detail/age__rosidl_typesupport_introspection_cpp.hpp\n'}
[1.684711] (custom_interfaces) StdoutLine: {'line': b'-- Up-to-date: /home/pochsathya/ros2_ws/install/custom_interfaces/lib/libcustom_interfaces__rosidl_typesupport_introspection_cpp.so\n'}
[1.684839] (custom_interfaces) StdoutLine: {'line': b'-- Up-to-date: /home/pochsathya/ros2_ws/install/custom_interfaces/lib/libcustom_interfaces__rosidl_typesupport_cpp.so\n'}
[1.684960] (custom_interfaces) StdoutLine: {'line': b'-- Up-to-date: /home/pochsathya/ros2_ws/install/custom_interfaces/share/custom_interfaces/environment/pythonpath.sh\n'}
[1.685084] (custom_interfaces) StdoutLine: {'line': b'-- Up-to-date: /home/pochsathya/ros2_ws/install/custom_interfaces/share/custom_interfaces/environment/pythonpath.dsv\n'}
[1.685223] (custom_interfaces) StdoutLine: {'line': b'-- Up-to-date: /home/pochsathya/ros2_ws/install/custom_interfaces/local/lib/python3.10/dist-packages/custom_interfaces-0.0.0-py3.10.egg-info\n'}
[1.685363] (custom_interfaces) StdoutLine: {'line': b'-- Installing: /home/pochsathya/ros2_ws/install/custom_interfaces/local/lib/python3.10/dist-packages/custom_interfaces-0.0.0-py3.10.egg-info/PKG-INFO\n'}
[1.685487] (custom_interfaces) StdoutLine: {'line': b'-- Installing: /home/pochsathya/ros2_ws/install/custom_interfaces/local/lib/python3.10/dist-packages/custom_interfaces-0.0.0-py3.10.egg-info/dependency_links.txt\n'}
[1.685609] (custom_interfaces) StdoutLine: {'line': b'-- Installing: /home/pochsathya/ros2_ws/install/custom_interfaces/local/lib/python3.10/dist-packages/custom_interfaces-0.0.0-py3.10.egg-info/top_level.txt\n'}
[1.685729] (custom_interfaces) StdoutLine: {'line': b'-- Installing: /home/pochsathya/ros2_ws/install/custom_interfaces/local/lib/python3.10/dist-packages/custom_interfaces-0.0.0-py3.10.egg-info/SOURCES.txt\n'}
[1.685849] (custom_interfaces) StdoutLine: {'line': b'-- Up-to-date: /home/pochsathya/ros2_ws/install/custom_interfaces/local/lib/python3.10/dist-packages/custom_interfaces\n'}
[1.685978] (custom_interfaces) StdoutLine: {'line': b'-- Up-to-date: /home/pochsathya/ros2_ws/install/custom_interfaces/local/lib/python3.10/dist-packages/custom_interfaces/libcustom_interfaces__rosidl_generator_py.so\n'}
[1.686100] (custom_interfaces) StdoutLine: {'line': b'-- Up-to-date: /home/pochsathya/ros2_ws/install/custom_interfaces/local/lib/python3.10/dist-packages/custom_interfaces/custom_interfaces_s__rosidl_typesupport_introspection_c.cpython-310-x86_64-linux-gnu.so\n'}
[1.686241] (custom_interfaces) StdoutLine: {'line': b'-- Up-to-date: /home/pochsathya/ros2_ws/install/custom_interfaces/local/lib/python3.10/dist-packages/custom_interfaces/_custom_interfaces_s.ep.rosidl_typesupport_fastrtps_c.c\n'}
[1.686365] (custom_interfaces) StdoutLine: {'line': b'-- Up-to-date: /home/pochsathya/ros2_ws/install/custom_interfaces/local/lib/python3.10/dist-packages/custom_interfaces/__init__.py\n'}
[1.686486] (custom_interfaces) StdoutLine: {'line': b'-- Up-to-date: /home/pochsathya/ros2_ws/install/custom_interfaces/local/lib/python3.10/dist-packages/custom_interfaces/_custom_interfaces_s.ep.rosidl_typesupport_c.c\n'}
[1.686607] (custom_interfaces) StdoutLine: {'line': b'-- Up-to-date: /home/pochsathya/ros2_ws/install/custom_interfaces/local/lib/python3.10/dist-packages/custom_interfaces/_custom_interfaces_s.ep.rosidl_typesupport_introspection_c.c\n'}
[1.686733] (custom_interfaces) StdoutLine: {'line': b'-- Up-to-date: /home/pochsathya/ros2_ws/install/custom_interfaces/local/lib/python3.10/dist-packages/custom_interfaces/custom_interfaces_s__rosidl_typesupport_fastrtps_c.cpython-310-x86_64-linux-gnu.so\n'}
[1.686855] (custom_interfaces) StdoutLine: {'line': b'-- Up-to-date: /home/pochsathya/ros2_ws/install/custom_interfaces/local/lib/python3.10/dist-packages/custom_interfaces/msg\n'}
[1.686974] (custom_interfaces) StdoutLine: {'line': b'-- Up-to-date: /home/pochsathya/ros2_ws/install/custom_interfaces/local/lib/python3.10/dist-packages/custom_interfaces/msg/_age.py\n'}
[1.687094] (custom_interfaces) StdoutLine: {'line': b'-- Up-to-date: /home/pochsathya/ros2_ws/install/custom_interfaces/local/lib/python3.10/dist-packages/custom_interfaces/msg/__init__.py\n'}
[1.687231] (custom_interfaces) StdoutLine: {'line': b'-- Up-to-date: /home/pochsathya/ros2_ws/install/custom_interfaces/local/lib/python3.10/dist-packages/custom_interfaces/msg/_age_s.c\n'}
[1.687354] (custom_interfaces) StdoutLine: {'line': b'-- Up-to-date: /home/pochsathya/ros2_ws/install/custom_interfaces/local/lib/python3.10/dist-packages/custom_interfaces/custom_interfaces_s__rosidl_typesupport_c.cpython-310-x86_64-linux-gnu.so\n'}
[1.707664] (-) TimerEvent: {}
[1.736546] (custom_interfaces) StdoutLine: {'line': b"Listing '/home/pochsathya/ros2_ws/install/custom_interfaces/local/lib/python3.10/dist-packages/custom_interfaces'...\n"}
[1.736897] (custom_interfaces) StdoutLine: {'line': b"Listing '/home/pochsathya/ros2_ws/install/custom_interfaces/local/lib/python3.10/dist-packages/custom_interfaces/msg'...\n"}
[1.744113] (custom_interfaces) StdoutLine: {'line': b'-- Up-to-date: /home/pochsathya/ros2_ws/install/custom_interfaces/local/lib/python3.10/dist-packages/custom_interfaces/custom_interfaces_s__rosidl_typesupport_fastrtps_c.cpython-310-x86_64-linux-gnu.so\n'}
[1.744870] (custom_interfaces) StdoutLine: {'line': b'-- Up-to-date: /home/pochsathya/ros2_ws/install/custom_interfaces/local/lib/python3.10/dist-packages/custom_interfaces/custom_interfaces_s__rosidl_typesupport_introspection_c.cpython-310-x86_64-linux-gnu.so\n'}
[1.745190] (custom_interfaces) StdoutLine: {'line': b'-- Up-to-date: /home/pochsathya/ros2_ws/install/custom_interfaces/local/lib/python3.10/dist-packages/custom_interfaces/custom_interfaces_s__rosidl_typesupport_c.cpython-310-x86_64-linux-gnu.so\n'}
[1.745798] (custom_interfaces) StdoutLine: {'line': b'-- Up-to-date: /home/pochsathya/ros2_ws/install/custom_interfaces/lib/libcustom_interfaces__rosidl_generator_py.so\n'}
[1.746262] (custom_interfaces) StdoutLine: {'line': b'-- Up-to-date: /home/pochsathya/ros2_ws/install/custom_interfaces/share/custom_interfaces/msg/Age.idl\n'}
[1.746641] (custom_interfaces) StdoutLine: {'line': b'-- Up-to-date: /home/pochsathya/ros2_ws/install/custom_interfaces/share/custom_interfaces/msg/Age.msg\n'}
[1.746793] (custom_interfaces) StdoutLine: {'line': b'-- Up-to-date: /home/pochsathya/ros2_ws/install/custom_interfaces/share/ament_index/resource_index/package_run_dependencies/custom_interfaces\n'}
[1.746898] (custom_interfaces) StdoutLine: {'line': b'-- Up-to-date: /home/pochsathya/ros2_ws/install/custom_interfaces/share/ament_index/resource_index/parent_prefix_path/custom_interfaces\n'}
[1.747140] (custom_interfaces) StdoutLine: {'line': b'-- Up-to-date: /home/pochsathya/ros2_ws/install/custom_interfaces/share/custom_interfaces/environment/ament_prefix_path.sh\n'}
[1.747286] (custom_interfaces) StdoutLine: {'line': b'-- Up-to-date: /home/pochsathya/ros2_ws/install/custom_interfaces/share/custom_interfaces/environment/ament_prefix_path.dsv\n'}
[1.747371] (custom_interfaces) StdoutLine: {'line': b'-- Up-to-date: /home/pochsathya/ros2_ws/install/custom_interfaces/share/custom_interfaces/environment/path.sh\n'}
[1.747462] (custom_interfaces) StdoutLine: {'line': b'-- Up-to-date: /home/pochsathya/ros2_ws/install/custom_interfaces/share/custom_interfaces/environment/path.dsv\n'}
[1.747546] (custom_interfaces) StdoutLine: {'line': b'-- Up-to-date: /home/pochsathya/ros2_ws/install/custom_interfaces/share/custom_interfaces/local_setup.bash\n'}
[1.747630] (custom_interfaces) StdoutLine: {'line': b'-- Up-to-date: /home/pochsathya/ros2_ws/install/custom_interfaces/share/custom_interfaces/local_setup.sh\n'}
[1.747713] (custom_interfaces) StdoutLine: {'line': b'-- Up-to-date: /home/pochsathya/ros2_ws/install/custom_interfaces/share/custom_interfaces/local_setup.zsh\n'}
[1.747983] (custom_interfaces) StdoutLine: {'line': b'-- Up-to-date: /home/pochsathya/ros2_ws/install/custom_interfaces/share/custom_interfaces/local_setup.dsv\n'}
[1.748382] (custom_interfaces) StdoutLine: {'line': b'-- Installing: /home/pochsathya/ros2_ws/install/custom_interfaces/share/custom_interfaces/package.dsv\n'}
[1.748527] (custom_interfaces) StdoutLine: {'line': b'-- Up-to-date: /home/pochsathya/ros2_ws/install/custom_interfaces/share/ament_index/resource_index/packages/custom_interfaces\n'}
[1.748623] (custom_interfaces) StdoutLine: {'line': b'-- Up-to-date: /home/pochsathya/ros2_ws/install/custom_interfaces/share/custom_interfaces/cmake/export_custom_interfaces__rosidl_generator_cExport.cmake\n'}
[1.748714] (custom_interfaces) StdoutLine: {'line': b'-- Up-to-date: /home/pochsathya/ros2_ws/install/custom_interfaces/share/custom_interfaces/cmake/export_custom_interfaces__rosidl_generator_cExport-noconfig.cmake\n'}
[1.748868] (custom_interfaces) StdoutLine: {'line': b'-- Up-to-date: /home/pochsathya/ros2_ws/install/custom_interfaces/share/custom_interfaces/cmake/export_custom_interfaces__rosidl_typesupport_fastrtps_cExport.cmake\n'}
[1.748950] (custom_interfaces) StdoutLine: {'line': b'-- Up-to-date: /home/pochsathya/ros2_ws/install/custom_interfaces/share/custom_interfaces/cmake/export_custom_interfaces__rosidl_typesupport_fastrtps_cExport-noconfig.cmake\n'}
[1.749031] (custom_interfaces) StdoutLine: {'line': b'-- Up-to-date: /home/pochsathya/ros2_ws/install/custom_interfaces/share/custom_interfaces/cmake/export_custom_interfaces__rosidl_generator_cppExport.cmake\n'}
[1.749206] (custom_interfaces) StdoutLine: {'line': b'-- Up-to-date: /home/pochsathya/ros2_ws/install/custom_interfaces/share/custom_interfaces/cmake/export_custom_interfaces__rosidl_typesupport_fastrtps_cppExport.cmake\n'}
[1.749299] (custom_interfaces) StdoutLine: {'line': b'-- Up-to-date: /home/pochsathya/ros2_ws/install/custom_interfaces/share/custom_interfaces/cmake/export_custom_interfaces__rosidl_typesupport_fastrtps_cppExport-noconfig.cmake\n'}
[1.749429] (custom_interfaces) StdoutLine: {'line': b'-- Up-to-date: /home/pochsathya/ros2_ws/install/custom_interfaces/share/custom_interfaces/cmake/custom_interfaces__rosidl_typesupport_introspection_cExport.cmake\n'}
[1.749572] (custom_interfaces) StdoutLine: {'line': b'-- Up-to-date: /home/pochsathya/ros2_ws/install/custom_interfaces/share/custom_interfaces/cmake/custom_interfaces__rosidl_typesupport_introspection_cExport-noconfig.cmake\n'}
[1.749736] (custom_interfaces) StdoutLine: {'line': b'-- Up-to-date: /home/pochsathya/ros2_ws/install/custom_interfaces/share/custom_interfaces/cmake/custom_interfaces__rosidl_typesupport_cExport.cmake\n'}
[1.749872] (custom_interfaces) StdoutLine: {'line': b'-- Up-to-date: /home/pochsathya/ros2_ws/install/custom_interfaces/share/custom_interfaces/cmake/custom_interfaces__rosidl_typesupport_cExport-noconfig.cmake\n'}
[1.750060] (custom_interfaces) StdoutLine: {'line': b'-- Up-to-date: /home/pochsathya/ros2_ws/install/custom_interfaces/share/custom_interfaces/cmake/custom_interfaces__rosidl_typesupport_introspection_cppExport.cmake\n'}
[1.750224] (custom_interfaces) StdoutLine: {'line': b'-- Up-to-date: /home/pochsathya/ros2_ws/install/custom_interfaces/share/custom_interfaces/cmake/custom_interfaces__rosidl_typesupport_introspection_cppExport-noconfig.cmake\n'}
[1.750464] (custom_interfaces) StdoutLine: {'line': b'-- Up-to-date: /home/pochsathya/ros2_ws/install/custom_interfaces/share/custom_interfaces/cmake/custom_interfaces__rosidl_typesupport_cppExport.cmake\n'}
[1.750580] (custom_interfaces) StdoutLine: {'line': b'-- Up-to-date: /home/pochsathya/ros2_ws/install/custom_interfaces/share/custom_interfaces/cmake/custom_interfaces__rosidl_typesupport_cppExport-noconfig.cmake\n'}
[1.750794] (custom_interfaces) StdoutLine: {'line': b'-- Up-to-date: /home/pochsathya/ros2_ws/install/custom_interfaces/share/custom_interfaces/cmake/export_custom_interfaces__rosidl_generator_pyExport.cmake\n'}
[1.750925] (custom_interfaces) StdoutLine: {'line': b'-- Up-to-date: /home/pochsathya/ros2_ws/install/custom_interfaces/share/custom_interfaces/cmake/export_custom_interfaces__rosidl_generator_pyExport-noconfig.cmake\n'}
[1.751058] (custom_interfaces) StdoutLine: {'line': b'-- Up-to-date: /home/pochsathya/ros2_ws/install/custom_interfaces/share/custom_interfaces/cmake/rosidl_cmake-extras.cmake\n'}
[1.751193] (custom_interfaces) StdoutLine: {'line': b'-- Up-to-date: /home/pochsathya/ros2_ws/install/custom_interfaces/share/custom_interfaces/cmake/ament_cmake_export_include_directories-extras.cmake\n'}
[1.751337] (custom_interfaces) StdoutLine: {'line': b'-- Up-to-date: /home/pochsathya/ros2_ws/install/custom_interfaces/share/custom_interfaces/cmake/ament_cmake_export_libraries-extras.cmake\n'}
[1.751493] (custom_interfaces) StdoutLine: {'line': b'-- Up-to-date: /home/pochsathya/ros2_ws/install/custom_interfaces/share/custom_interfaces/cmake/ament_cmake_export_targets-extras.cmake\n'}
[1.751577] (custom_interfaces) StdoutLine: {'line': b'-- Up-to-date: /home/pochsathya/ros2_ws/install/custom_interfaces/share/custom_interfaces/cmake/rosidl_cmake_export_typesupport_targets-extras.cmake\n'}
[1.751723] (custom_interfaces) StdoutLine: {'line': b'-- Up-to-date: /home/pochsathya/ros2_ws/install/custom_interfaces/share/custom_interfaces/cmake/ament_cmake_export_dependencies-extras.cmake\n'}
[1.751835] (custom_interfaces) StdoutLine: {'line': b'-- Up-to-date: /home/pochsathya/ros2_ws/install/custom_interfaces/share/custom_interfaces/cmake/rosidl_cmake_export_typesupport_libraries-extras.cmake\n'}
[1.751968] (custom_interfaces) StdoutLine: {'line': b'-- Up-to-date: /home/pochsathya/ros2_ws/install/custom_interfaces/share/custom_interfaces/cmake/custom_interfacesConfig.cmake\n'}
[1.752055] (custom_interfaces) StdoutLine: {'line': b'-- Up-to-date: /home/pochsathya/ros2_ws/install/custom_interfaces/share/custom_interfaces/cmake/custom_interfacesConfig-version.cmake\n'}
[1.752204] (custom_interfaces) StdoutLine: {'line': b'-- Up-to-date: /home/pochsathya/ros2_ws/install/custom_interfaces/share/custom_interfaces/package.xml\n'}
[1.755773] (custom_interfaces) CommandEnded: {'returncode': 0}
[1.783651] (custom_interfaces) JobEnded: {'identifier': 'custom_interfaces', 'rc': 0}
[1.785302] (example36_pkg) JobStarted: {'identifier': 'example36_pkg'}
[1.807831] (-) TimerEvent: {}
[1.908104] (-) TimerEvent: {}
[1.995981] (house_navigation_pkg) Command: {'cmd': ['/usr/bin/python3', '-W', 'ignore:setup.py install is deprecated', '-W', 'ignore:easy_install command is deprecated', 'setup.py', 'egg_info', '--egg-base', '../../build/house_navigation_pkg', 'build', '--build-base', '/home/pochsathya/ros2_ws/build/house_navigation_pkg/build', 'install', '--record', '/home/pochsathya/ros2_ws/build/house_navigation_pkg/install.log', '--single-version-externally-managed', 'install_data'], 'cwd': '/home/pochsathya/ros2_ws/src/house_navigation_pkg', 'env': {'GJS_DEBUG_TOPICS': 'JS ERROR;JS LOG', 'PYTHON_BASIC_REPL': '1', 'LESSOPEN': '| /usr/bin/lesspipe %s', 'USER': 'pochsathya', 'FONTCONFIG_PATH': '/etc/fonts', 'GIO_MODULE_DIR': '/home/pochsathya/snap/code/common/.cache/gio-modules', 'XDG_SESSION_TYPE': 'wayland', 'GIT_ASKPASS': '/snap/code/230/usr/share/code/resources/app/extensions/git/dist/askpass.sh', 'GTK_EXE_PREFIX_VSCODE_SNAP_ORIG': '', 'GDK_BACKEND_VSCODE_SNAP_ORIG': '', 'SHLVL': '1', 'LD_LIBRARY_PATH': '/home/pochsathya/ros2_ws/install/custom_interfaces/lib:/usr/lib/x86_64-linux-gnu/gazebo-11/plugins:/opt/ros/humble/opt/rviz_ogre_vendor/lib:/opt/ros/humble/lib/x86_64-linux-gnu:/opt/ros/humble/lib', 'HOME': '/home/pochsathya', 'CHROME_DESKTOP': 'code.desktop', 'LOCPATH_VSCODE_SNAP_ORIG': '', 'TERM_PROGRAM_VERSION': '1.112.0', 'DESKTOP_SESSION': 'ubuntu', 'GTK_PATH': '/snap/code/230/usr/lib/x86_64-linux-gnu/gtk-3.0', 'NVM_BIN': '/home/pochsathya/.nvm/versions/node/v24.14.0/bin', 'NVM_INC': '/home/pochsathya/.nvm/versions/node/v24.14.0/include/node', 'XDG_DATA_HOME_VSCODE_SNAP_ORIG': '', 'GTK_IM_MODULE_FILE': '/home/pochsathya/snap/code/common/.cache/immodules/immodules.cache', 'GIO_LAUNCHED_DESKTOP_FILE': '/var/lib/snapd/desktop/applications/code_code.desktop', 'ROS_PYTHON_VERSION': '3', 'GNOME_SHELL_SESSION_MODE': 'ubuntu', 'GTK_MODULES': 'gail:atk-bridge', 'GSETTINGS_SCHEMA_DIR_VSCODE_SNAP_ORIG': '', 'VSCODE_GIT_ASKPASS_MAIN': '/snap/code/230/usr/share/code/resources/app/extensions/git/dist/askpass-main.js', 'VSCODE_GIT_ASKPASS_NODE': '/snap/code/230/usr/share/code/code', 'MANAGERPID': '1939', 'PYDEVD_DISABLE_FILE_VALIDATION': '1', 'SYSTEMD_EXEC_PID': '2110', 'BUNDLED_DEBUGPY_PATH': '/home/pochsathya/.vscode/extensions/ms-python.debugpy-2025.18.0-linux-x64/bundled/libs/debugpy', 'IM_CONFIG_CHECK_ENV': '1', 'VSCODE_PYTHON_AUTOACTIVATE_GUARD': '1', 'DBUS_SESSION_BUS_ADDRESS': 'unix:path=/run/user/1000/bus', 'COLORTERM': 'truecolor', 'GIO_LAUNCHED_DESKTOP_FILE_PID': '41595', 'NVM_DIR': '/home/pochsathya/.nvm', 'IM_CONFIG_PHASE': '1', 'WAYLAND_DISPLAY': 'wayland-0', 'COLCON_PREFIX_PATH': '/home/pochsathya/ros2_ws/install:/home/pochsathya/ros2_ws/src/house_navigation_pkg/house_navigation_pkg/install', 'ROS_DISTRO': 'humble', 'LOGNAME': 'pochsathya', 'JOURNAL_STREAM': '8:5723', '_': '/usr/bin/colcon', 'ROS_VERSION': '2', 'XDG_CONFIG_DIRS_VSCODE_SNAP_ORIG': '/etc/xdg/xdg-ubuntu:/etc/xdg', 'XDG_SESSION_CLASS': 'user', 'XDG_DATA_DIRS_VSCODE_SNAP_ORIG': '/usr/share/ubuntu:/usr/local/share/:/usr/share/:/var/lib/snapd/desktop', 'USERNAME': 'pochsathya', 'TERM': 'xterm-256color', 'GNOME_DESKTOP_SESSION_ID': 'this-is-deprecated', 'FC_FONTATIONS': '1', 'ROS_LOCALHOST_ONLY': '0', 'PATH': '/home/pochsathya/.config/Code/User/globalStorage/github.copilot-chat/debugCommand:/home/pochsathya/.config/Code/User/globalStorage/github.copilot-chat/copilotCli:/home/pochsathya/.local/bin:/home/pochsathya/.nvm/versions/node/v24.14.0/bin:/opt/ros/humble/bin:/home/pochsathya/.local/bin:/usr/local/sbin:/usr/local/bin:/usr/sbin:/usr/bin:/sbin:/bin:/usr/games:/usr/local/games:/snap/bin:/snap/bin:/home/pochsathya/.vscode/extensions/ms-python.debugpy-2025.18.0-linux-x64/bundled/scripts/noConfigScripts', 'SESSION_MANAGER': 'local/pochsathya-Legion-Pro-5-16IRX8:@/tmp/.ICE-unix/2081,unix/pochsathya-Legion-Pro-5-16IRX8:/tmp/.ICE-unix/2081', 'GTK_EXE_PREFIX': '/snap/code/230/usr', 'INVOCATION_ID': 'bec8f1b216d34278993222b7f454f91b', 'XDG_MENU_PREFIX': 'gnome-', 'GNOME_SETUP_DISPLAY': ':1', 'XDG_RUNTIME_DIR': '/run/user/1000', 'GDK_BACKEND': 'x11', 'DISPLAY': ':0', 'LOCPATH': '/snap/code/230/usr/lib/locale', 'VSCODE_DEBUGPY_ADAPTER_ENDPOINTS': '/home/pochsathya/.vscode/extensions/ms-python.debugpy-2025.18.0-linux-x64/.noConfigDebugAdapterEndpoints/endpoint-2afe878aa90fcd67.txt', 'LANG': 'en_US.UTF-8', 'XDG_CURRENT_DESKTOP': 'ubuntu:GNOME', 'PYTHONSTARTUP': '/home/pochsathya/.config/Code/User/workspaceStorage/f271fc560773b7ce7087c0335d36366c/ms-python.python/pythonrc.py', 'GIO_MODULE_DIR_VSCODE_SNAP_ORIG': '', 'XDG_DATA_HOME': '/home/pochsathya/snap/code/230/.local/share', 'XMODIFIERS': '@im=ibus', 'XDG_SESSION_DESKTOP': 'ubuntu', 'XAUTHORITY': '/run/user/1000/.mutter-Xwaylandauth.YFTWM3', 'LS_COLORS': 'rs=0:di=01;34:ln=01;36:mh=00:pi=40;33:so=01;35:do=01;35:bd=40;33;01:cd=40;33;01:or=40;31;01:mi=00:su=37;41:sg=30;43:ca=30;41:tw=30;42:ow=34;42:st=37;44:ex=01;32:*.tar=01;31:*.tgz=01;31:*.arc=01;31:*.arj=01;31:*.taz=01;31:*.lha=01;31:*.lz4=01;31:*.lzh=01;31:*.lzma=01;31:*.tlz=01;31:*.txz=01;31:*.tzo=01;31:*.t7z=01;31:*.zip=01;31:*.z=01;31:*.dz=01;31:*.gz=01;31:*.lrz=01;31:*.lz=01;31:*.lzo=01;31:*.xz=01;31:*.zst=01;31:*.tzst=01;31:*.bz2=01;31:*.bz=01;31:*.tbz=01;31:*.tbz2=01;31:*.tz=01;31:*.deb=01;31:*.rpm=01;31:*.jar=01;31:*.war=01;31:*.ear=01;31:*.sar=01;31:*.rar=01;31:*.alz=01;31:*.ace=01;31:*.zoo=01;31:*.cpio=01;31:*.7z=01;31:*.rz=01;31:*.cab=01;31:*.wim=01;31:*.swm=01;31:*.dwm=01;31:*.esd=01;31:*.jpg=01;35:*.jpeg=01;35:*.mjpg=01;35:*.mjpeg=01;35:*.gif=01;35:*.bmp=01;35:*.pbm=01;35:*.pgm=01;35:*.ppm=01;35:*.tga=01;35:*.xbm=01;35:*.xpm=01;35:*.tif=01;35:*.tiff=01;35:*.png=01;35:*.svg=01;35:*.svgz=01;35:*.mng=01;35:*.pcx=01;35:*.mov=01;35:*.mpg=01;35:*.mpeg=01;35:*.m2v=01;35:*.mkv=01;35:*.webm=01;35:*.webp=01;35:*.ogm=01;35:*.mp4=01;35:*.m4v=01;35:*.mp4v=01;35:*.vob=01;35:*.qt=01;35:*.nuv=01;35:*.wmv=01;35:*.asf=01;35:*.rm=01;35:*.rmvb=01;35:*.flc=01;35:*.avi=01;35:*.fli=01;35:*.flv=01;35:*.gl=01;35:*.dl=01;35:*.xcf=01;35:*.xwd=01;35:*.yuv=01;35:*.cgm=01;35:*.emf=01;35:*.ogv=01;35:*.ogx=01;35:*.aac=00;36:*.au=00;36:*.flac=00;36:*.m4a=00;36:*.mid=00;36:*.midi=00;36:*.mka=00;36:*.mp3=00;36:*.mpc=00;36:*.ogg=00;36:*.ra=00;36:*.wav=00;36:*.oga=00;36:*.opus=00;36:*.spx=00;36:*.xspf=00;36:', 'VSCODE_GIT_IPC_HANDLE': '/run/user/1000/vscode-git-8e822459fc.sock', 'TERM_PROGRAM': 'vscode', 'SSH_AGENT_LAUNCHER': 'gnome-keyring', 'SSH_AUTH_SOCK': '/run/user/1000/keyring/ssh', 'GSETTINGS_SCHEMA_DIR': '/home/pochsathya/snap/code/230/.local/share/glib-2.0/schemas', 'AMENT_PREFIX_PATH': '/home/pochsathya/ros2_ws/install/subscriber_pkg:/home/pochsathya/ros2_ws/install/publisher_pkg:/home/pochsathya/ros2_ws/install/odometry_pkg:/home/pochsathya/ros2_ws/install/my_first_pkg:/home/pochsathya/ros2_ws/install/house_navigation_pkg:/home/pochsathya/ros2_ws/install/example36_pkg:/home/pochsathya/ros2_ws/install/custom_interfaces:/opt/ros/humble', 'SHELL': '/bin/bash', 'QT_ACCESSIBILITY': '1', 'GDMSESSION': 'ubuntu', 'LESSCLOSE': '/usr/bin/lesspipe %s %s', 'GTK_PATH_VSCODE_SNAP_ORIG': '', 'FONTCONFIG_FILE': '/etc/fonts/fonts.conf', 'GTK_IM_MODULE_FILE_VSCODE_SNAP_ORIG': '', 'GJS_DEBUG_OUTPUT': 'stderr', 'VSCODE_GIT_ASKPASS_EXTRA_ARGS': '', 'QT_IM_MODULE': 'ibus', 'PWD': '/home/pochsathya/ros2_ws/build/house_navigation_pkg', 'TURTLEBOT3_MODEL': 'burger', 'LC_ALL': 'en_US.UTF-8', 'XDG_CONFIG_DIRS': '/etc/xdg/xdg-ubuntu:/etc/xdg', 'NVM_CD_FLAGS': '', 'XDG_DATA_DIRS': '/home/pochsathya/snap/code/230/.local/share:/home/pochsathya/snap/code/230:/snap/code/230/usr/share:/usr/share/ubuntu:/usr/local/share/:/usr/share/:/var/lib/snapd/desktop', 'PYTHONPATH': '/home/pochsathya/ros2_ws/build/house_navigation_pkg/prefix_override:/usr/lib/python3/dist-packages/colcon_core/task/python/colcon_distutils_commands:/home/pochsathya/ros2_ws/install/house_navigation_pkg/lib/python3.10/site-packages:/home/pochsathya/ros2_ws/install/subscriber_pkg/lib/python3.10/site-packages:/home/pochsathya/ros2_ws/install/publisher_pkg/lib/python3.10/site-packages:/home/pochsathya/ros2_ws/install/odometry_pkg/lib/python3.10/site-packages:/home/pochsathya/ros2_ws/install/my_first_pkg/lib/python3.10/site-packages:/home/pochsathya/ros2_ws/install/house_navigation_pkg/lib/python3.10/site-packages:/home/pochsathya/ros2_ws/install/example36_pkg/lib/python3.10/site-packages:/home/pochsathya/ros2_ws/install/custom_interfaces/local/lib/python3.10/dist-packages:/opt/ros/humble/lib/python3.10/site-packages:/opt/ros/humble/local/lib/python3.10/dist-packages', 'COLCON': '1', 'CMAKE_PREFIX_PATH': '/home/pochsathya/ros2_ws/install/custom_interfaces'}, 'shell': False}
[1.999168] (my_first_pkg) Command: {'cmd': ['/usr/bin/python3', '-W', 'ignore:setup.py install is deprecated', '-W', 'ignore:easy_install command is deprecated', 'setup.py', 'egg_info', '--egg-base', '../../build/my_first_pkg', 'build', '--build-base', '/home/pochsathya/ros2_ws/build/my_first_pkg/build', 'install', '--record', '/home/pochsathya/ros2_ws/build/my_first_pkg/install.log', '--single-version-externally-managed', 'install_data'], 'cwd': '/home/pochsathya/ros2_ws/src/my_first_pkg', 'env': {'GJS_DEBUG_TOPICS': 'JS ERROR;JS LOG', 'PYTHON_BASIC_REPL': '1', 'LESSOPEN': '| /usr/bin/lesspipe %s', 'USER': 'pochsathya', 'FONTCONFIG_PATH': '/etc/fonts', 'GIO_MODULE_DIR': '/home/pochsathya/snap/code/common/.cache/gio-modules', 'XDG_SESSION_TYPE': 'wayland', 'GIT_ASKPASS': '/snap/code/230/usr/share/code/resources/app/extensions/git/dist/askpass.sh', 'GTK_EXE_PREFIX_VSCODE_SNAP_ORIG': '', 'GDK_BACKEND_VSCODE_SNAP_ORIG': '', 'SHLVL': '1', 'LD_LIBRARY_PATH': '/home/pochsathya/ros2_ws/install/custom_interfaces/lib:/usr/lib/x86_64-linux-gnu/gazebo-11/plugins:/opt/ros/humble/opt/rviz_ogre_vendor/lib:/opt/ros/humble/lib/x86_64-linux-gnu:/opt/ros/humble/lib', 'HOME': '/home/pochsathya', 'CHROME_DESKTOP': 'code.desktop', 'LOCPATH_VSCODE_SNAP_ORIG': '', 'TERM_PROGRAM_VERSION': '1.112.0', 'DESKTOP_SESSION': 'ubuntu', 'GTK_PATH': '/snap/code/230/usr/lib/x86_64-linux-gnu/gtk-3.0', 'NVM_BIN': '/home/pochsathya/.nvm/versions/node/v24.14.0/bin', 'NVM_INC': '/home/pochsathya/.nvm/versions/node/v24.14.0/include/node', 'XDG_DATA_HOME_VSCODE_SNAP_ORIG': '', 'GTK_IM_MODULE_FILE': '/home/pochsathya/snap/code/common/.cache/immodules/immodules.cache', 'GIO_LAUNCHED_DESKTOP_FILE': '/var/lib/snapd/desktop/applications/code_code.desktop', 'ROS_PYTHON_VERSION': '3', 'GNOME_SHELL_SESSION_MODE': 'ubuntu', 'GTK_MODULES': 'gail:atk-bridge', 'GSETTINGS_SCHEMA_DIR_VSCODE_SNAP_ORIG': '', 'VSCODE_GIT_ASKPASS_MAIN': '/snap/code/230/usr/share/code/resources/app/extensions/git/dist/askpass-main.js', 'VSCODE_GIT_ASKPASS_NODE': '/snap/code/230/usr/share/code/code', 'MANAGERPID': '1939', 'PYDEVD_DISABLE_FILE_VALIDATION': '1', 'SYSTEMD_EXEC_PID': '2110', 'BUNDLED_DEBUGPY_PATH': '/home/pochsathya/.vscode/extensions/ms-python.debugpy-2025.18.0-linux-x64/bundled/libs/debugpy', 'IM_CONFIG_CHECK_ENV': '1', 'VSCODE_PYTHON_AUTOACTIVATE_GUARD': '1', 'DBUS_SESSION_BUS_ADDRESS': 'unix:path=/run/user/1000/bus', 'COLORTERM': 'truecolor', 'GIO_LAUNCHED_DESKTOP_FILE_PID': '41595', 'NVM_DIR': '/home/pochsathya/.nvm', 'IM_CONFIG_PHASE': '1', 'WAYLAND_DISPLAY': 'wayland-0', 'COLCON_PREFIX_PATH': '/home/pochsathya/ros2_ws/install:/home/pochsathya/ros2_ws/src/house_navigation_pkg/house_navigation_pkg/install', 'ROS_DISTRO': 'humble', 'LOGNAME': 'pochsathya', 'JOURNAL_STREAM': '8:5723', '_': '/usr/bin/colcon', 'ROS_VERSION': '2', 'XDG_CONFIG_DIRS_VSCODE_SNAP_ORIG': '/etc/xdg/xdg-ubuntu:/etc/xdg', 'XDG_SESSION_CLASS': 'user', 'XDG_DATA_DIRS_VSCODE_SNAP_ORIG': '/usr/share/ubuntu:/usr/local/share/:/usr/share/:/var/lib/snapd/desktop', 'USERNAME': 'pochsathya', 'TERM': 'xterm-256color', 'GNOME_DESKTOP_SESSION_ID': 'this-is-deprecated', 'FC_FONTATIONS': '1', 'ROS_LOCALHOST_ONLY': '0', 'PATH': '/home/pochsathya/.config/Code/User/globalStorage/github.copilot-chat/debugCommand:/home/pochsathya/.config/Code/User/globalStorage/github.copilot-chat/copilotCli:/home/pochsathya/.local/bin:/home/pochsathya/.nvm/versions/node/v24.14.0/bin:/opt/ros/humble/bin:/home/pochsathya/.local/bin:/usr/local/sbin:/usr/local/bin:/usr/sbin:/usr/bin:/sbin:/bin:/usr/games:/usr/local/games:/snap/bin:/snap/bin:/home/pochsathya/.vscode/extensions/ms-python.debugpy-2025.18.0-linux-x64/bundled/scripts/noConfigScripts', 'SESSION_MANAGER': 'local/pochsathya-Legion-Pro-5-16IRX8:@/tmp/.ICE-unix/2081,unix/pochsathya-Legion-Pro-5-16IRX8:/tmp/.ICE-unix/2081', 'GTK_EXE_PREFIX': '/snap/code/230/usr', 'INVOCATION_ID': 'bec8f1b216d34278993222b7f454f91b', 'XDG_MENU_PREFIX': 'gnome-', 'GNOME_SETUP_DISPLAY': ':1', 'XDG_RUNTIME_DIR': '/run/user/1000', 'GDK_BACKEND': 'x11', 'DISPLAY': ':0', 'LOCPATH': '/snap/code/230/usr/lib/locale', 'VSCODE_DEBUGPY_ADAPTER_ENDPOINTS': '/home/pochsathya/.vscode/extensions/ms-python.debugpy-2025.18.0-linux-x64/.noConfigDebugAdapterEndpoints/endpoint-2afe878aa90fcd67.txt', 'LANG': 'en_US.UTF-8', 'XDG_CURRENT_DESKTOP': 'ubuntu:GNOME', 'PYTHONSTARTUP': '/home/pochsathya/.config/Code/User/workspaceStorage/f271fc560773b7ce7087c0335d36366c/ms-python.python/pythonrc.py', 'GIO_MODULE_DIR_VSCODE_SNAP_ORIG': '', 'XDG_DATA_HOME': '/home/pochsathya/snap/code/230/.local/share', 'XMODIFIERS': '@im=ibus', 'XDG_SESSION_DESKTOP': 'ubuntu', 'XAUTHORITY': '/run/user/1000/.mutter-Xwaylandauth.YFTWM3', 'LS_COLORS': 'rs=0:di=01;34:ln=01;36:mh=00:pi=40;33:so=01;35:do=01;35:bd=40;33;01:cd=40;33;01:or=40;31;01:mi=00:su=37;41:sg=30;43:ca=30;41:tw=30;42:ow=34;42:st=37;44:ex=01;32:*.tar=01;31:*.tgz=01;31:*.arc=01;31:*.arj=01;31:*.taz=01;31:*.lha=01;31:*.lz4=01;31:*.lzh=01;31:*.lzma=01;31:*.tlz=01;31:*.txz=01;31:*.tzo=01;31:*.t7z=01;31:*.zip=01;31:*.z=01;31:*.dz=01;31:*.gz=01;31:*.lrz=01;31:*.lz=01;31:*.lzo=01;31:*.xz=01;31:*.zst=01;31:*.tzst=01;31:*.bz2=01;31:*.bz=01;31:*.tbz=01;31:*.tbz2=01;31:*.tz=01;31:*.deb=01;31:*.rpm=01;31:*.jar=01;31:*.war=01;31:*.ear=01;31:*.sar=01;31:*.rar=01;31:*.alz=01;31:*.ace=01;31:*.zoo=01;31:*.cpio=01;31:*.7z=01;31:*.rz=01;31:*.cab=01;31:*.wim=01;31:*.swm=01;31:*.dwm=01;31:*.esd=01;31:*.jpg=01;35:*.jpeg=01;35:*.mjpg=01;35:*.mjpeg=01;35:*.gif=01;35:*.bmp=01;35:*.pbm=01;35:*.pgm=01;35:*.ppm=01;35:*.tga=01;35:*.xbm=01;35:*.xpm=01;35:*.tif=01;35:*.tiff=01;35:*.png=01;35:*.svg=01;35:*.svgz=01;35:*.mng=01;35:*.pcx=01;35:*.mov=01;35:*.mpg=01;35:*.mpeg=01;35:*.m2v=01;35:*.mkv=01;35:*.webm=01;35:*.webp=01;35:*.ogm=01;35:*.mp4=01;35:*.m4v=01;35:*.mp4v=01;35:*.vob=01;35:*.qt=01;35:*.nuv=01;35:*.wmv=01;35:*.asf=01;35:*.rm=01;35:*.rmvb=01;35:*.flc=01;35:*.avi=01;35:*.fli=01;35:*.flv=01;35:*.gl=01;35:*.dl=01;35:*.xcf=01;35:*.xwd=01;35:*.yuv=01;35:*.cgm=01;35:*.emf=01;35:*.ogv=01;35:*.ogx=01;35:*.aac=00;36:*.au=00;36:*.flac=00;36:*.m4a=00;36:*.mid=00;36:*.midi=00;36:*.mka=00;36:*.mp3=00;36:*.mpc=00;36:*.ogg=00;36:*.ra=00;36:*.wav=00;36:*.oga=00;36:*.opus=00;36:*.spx=00;36:*.xspf=00;36:', 'VSCODE_GIT_IPC_HANDLE': '/run/user/1000/vscode-git-8e822459fc.sock', 'TERM_PROGRAM': 'vscode', 'SSH_AGENT_LAUNCHER': 'gnome-keyring', 'SSH_AUTH_SOCK': '/run/user/1000/keyring/ssh', 'GSETTINGS_SCHEMA_DIR': '/home/pochsathya/snap/code/230/.local/share/glib-2.0/schemas', 'AMENT_PREFIX_PATH': '/home/pochsathya/ros2_ws/install/subscriber_pkg:/home/pochsathya/ros2_ws/install/publisher_pkg:/home/pochsathya/ros2_ws/install/odometry_pkg:/home/pochsathya/ros2_ws/install/my_first_pkg:/home/pochsathya/ros2_ws/install/house_navigation_pkg:/home/pochsathya/ros2_ws/install/example36_pkg:/home/pochsathya/ros2_ws/install/custom_interfaces:/opt/ros/humble', 'SHELL': '/bin/bash', 'QT_ACCESSIBILITY': '1', 'GDMSESSION': 'ubuntu', 'LESSCLOSE': '/usr/bin/lesspipe %s %s', 'GTK_PATH_VSCODE_SNAP_ORIG': '', 'FONTCONFIG_FILE': '/etc/fonts/fonts.conf', 'GTK_IM_MODULE_FILE_VSCODE_SNAP_ORIG': '', 'GJS_DEBUG_OUTPUT': 'stderr', 'VSCODE_GIT_ASKPASS_EXTRA_ARGS': '', 'QT_IM_MODULE': 'ibus', 'PWD': '/home/pochsathya/ros2_ws/build/my_first_pkg', 'TURTLEBOT3_MODEL': 'burger', 'LC_ALL': 'en_US.UTF-8', 'XDG_CONFIG_DIRS': '/etc/xdg/xdg-ubuntu:/etc/xdg', 'NVM_CD_FLAGS': '', 'XDG_DATA_DIRS': '/home/pochsathya/snap/code/230/.local/share:/home/pochsathya/snap/code/230:/snap/code/230/usr/share:/usr/share/ubuntu:/usr/local/share/:/usr/share/:/var/lib/snapd/desktop', 'PYTHONPATH': '/home/pochsathya/ros2_ws/build/my_first_pkg/prefix_override:/usr/lib/python3/dist-packages/colcon_core/task/python/colcon_distutils_commands:/home/pochsathya/ros2_ws/install/my_first_pkg/lib/python3.10/site-packages:/home/pochsathya/ros2_ws/install/subscriber_pkg/lib/python3.10/site-packages:/home/pochsathya/ros2_ws/install/publisher_pkg/lib/python3.10/site-packages:/home/pochsathya/ros2_ws/install/odometry_pkg/lib/python3.10/site-packages:/home/pochsathya/ros2_ws/install/my_first_pkg/lib/python3.10/site-packages:/home/pochsathya/ros2_ws/install/house_navigation_pkg/lib/python3.10/site-packages:/home/pochsathya/ros2_ws/install/example36_pkg/lib/python3.10/site-packages:/home/pochsathya/ros2_ws/install/custom_interfaces/local/lib/python3.10/dist-packages:/opt/ros/humble/lib/python3.10/site-packages:/opt/ros/humble/local/lib/python3.10/dist-packages', 'COLCON': '1', 'CMAKE_PREFIX_PATH': '/home/pochsathya/ros2_ws/install/custom_interfaces'}, 'shell': False}
[2.004728] (publisher_pkg) Command: {'cmd': ['/usr/bin/python3', '-W', 'ignore:setup.py install is deprecated', '-W', 'ignore:easy_install command is deprecated', 'setup.py', 'egg_info', '--egg-base', '../../build/publisher_pkg', 'build', '--build-base', '/home/pochsathya/ros2_ws/build/publisher_pkg/build', 'install', '--record', '/home/pochsathya/ros2_ws/build/publisher_pkg/install.log', '--single-version-externally-managed', 'install_data'], 'cwd': '/home/pochsathya/ros2_ws/src/publisher_pkg', 'env': {'GJS_DEBUG_TOPICS': 'JS ERROR;JS LOG', 'PYTHON_BASIC_REPL': '1', 'LESSOPEN': '| /usr/bin/lesspipe %s', 'USER': 'pochsathya', 'FONTCONFIG_PATH': '/etc/fonts', 'GIO_MODULE_DIR': '/home/pochsathya/snap/code/common/.cache/gio-modules', 'XDG_SESSION_TYPE': 'wayland', 'GIT_ASKPASS': '/snap/code/230/usr/share/code/resources/app/extensions/git/dist/askpass.sh', 'GTK_EXE_PREFIX_VSCODE_SNAP_ORIG': '', 'GDK_BACKEND_VSCODE_SNAP_ORIG': '', 'SHLVL': '1', 'LD_LIBRARY_PATH': '/home/pochsathya/ros2_ws/install/custom_interfaces/lib:/usr/lib/x86_64-linux-gnu/gazebo-11/plugins:/opt/ros/humble/opt/rviz_ogre_vendor/lib:/opt/ros/humble/lib/x86_64-linux-gnu:/opt/ros/humble/lib', 'HOME': '/home/pochsathya', 'CHROME_DESKTOP': 'code.desktop', 'LOCPATH_VSCODE_SNAP_ORIG': '', 'TERM_PROGRAM_VERSION': '1.112.0', 'DESKTOP_SESSION': 'ubuntu', 'GTK_PATH': '/snap/code/230/usr/lib/x86_64-linux-gnu/gtk-3.0', 'NVM_BIN': '/home/pochsathya/.nvm/versions/node/v24.14.0/bin', 'NVM_INC': '/home/pochsathya/.nvm/versions/node/v24.14.0/include/node', 'XDG_DATA_HOME_VSCODE_SNAP_ORIG': '', 'GTK_IM_MODULE_FILE': '/home/pochsathya/snap/code/common/.cache/immodules/immodules.cache', 'GIO_LAUNCHED_DESKTOP_FILE': '/var/lib/snapd/desktop/applications/code_code.desktop', 'ROS_PYTHON_VERSION': '3', 'GNOME_SHELL_SESSION_MODE': 'ubuntu', 'GTK_MODULES': 'gail:atk-bridge', 'GSETTINGS_SCHEMA_DIR_VSCODE_SNAP_ORIG': '', 'VSCODE_GIT_ASKPASS_MAIN': '/snap/code/230/usr/share/code/resources/app/extensions/git/dist/askpass-main.js', 'VSCODE_GIT_ASKPASS_NODE': '/snap/code/230/usr/share/code/code', 'MANAGERPID': '1939', 'PYDEVD_DISABLE_FILE_VALIDATION': '1', 'SYSTEMD_EXEC_PID': '2110', 'BUNDLED_DEBUGPY_PATH': '/home/pochsathya/.vscode/extensions/ms-python.debugpy-2025.18.0-linux-x64/bundled/libs/debugpy', 'IM_CONFIG_CHECK_ENV': '1', 'VSCODE_PYTHON_AUTOACTIVATE_GUARD': '1', 'DBUS_SESSION_BUS_ADDRESS': 'unix:path=/run/user/1000/bus', 'COLORTERM': 'truecolor', 'GIO_LAUNCHED_DESKTOP_FILE_PID': '41595', 'NVM_DIR': '/home/pochsathya/.nvm', 'IM_CONFIG_PHASE': '1', 'WAYLAND_DISPLAY': 'wayland-0', 'COLCON_PREFIX_PATH': '/home/pochsathya/ros2_ws/install:/home/pochsathya/ros2_ws/src/house_navigation_pkg/house_navigation_pkg/install', 'ROS_DISTRO': 'humble', 'LOGNAME': 'pochsathya', 'JOURNAL_STREAM': '8:5723', '_': '/usr/bin/colcon', 'ROS_VERSION': '2', 'XDG_CONFIG_DIRS_VSCODE_SNAP_ORIG': '/etc/xdg/xdg-ubuntu:/etc/xdg', 'XDG_SESSION_CLASS': 'user', 'XDG_DATA_DIRS_VSCODE_SNAP_ORIG': '/usr/share/ubuntu:/usr/local/share/:/usr/share/:/var/lib/snapd/desktop', 'USERNAME': 'pochsathya', 'TERM': 'xterm-256color', 'GNOME_DESKTOP_SESSION_ID': 'this-is-deprecated', 'FC_FONTATIONS': '1', 'ROS_LOCALHOST_ONLY': '0', 'PATH': '/home/pochsathya/.config/Code/User/globalStorage/github.copilot-chat/debugCommand:/home/pochsathya/.config/Code/User/globalStorage/github.copilot-chat/copilotCli:/home/pochsathya/.local/bin:/home/pochsathya/.nvm/versions/node/v24.14.0/bin:/opt/ros/humble/bin:/home/pochsathya/.local/bin:/usr/local/sbin:/usr/local/bin:/usr/sbin:/usr/bin:/sbin:/bin:/usr/games:/usr/local/games:/snap/bin:/snap/bin:/home/pochsathya/.vscode/extensions/ms-python.debugpy-2025.18.0-linux-x64/bundled/scripts/noConfigScripts', 'SESSION_MANAGER': 'local/pochsathya-Legion-Pro-5-16IRX8:@/tmp/.ICE-unix/2081,unix/pochsathya-Legion-Pro-5-16IRX8:/tmp/.ICE-unix/2081', 'GTK_EXE_PREFIX': '/snap/code/230/usr', 'INVOCATION_ID': 'bec8f1b216d34278993222b7f454f91b', 'XDG_MENU_PREFIX': 'gnome-', 'GNOME_SETUP_DISPLAY': ':1', 'XDG_RUNTIME_DIR': '/run/user/1000', 'GDK_BACKEND': 'x11', 'DISPLAY': ':0', 'LOCPATH': '/snap/code/230/usr/lib/locale', 'VSCODE_DEBUGPY_ADAPTER_ENDPOINTS': '/home/pochsathya/.vscode/extensions/ms-python.debugpy-2025.18.0-linux-x64/.noConfigDebugAdapterEndpoints/endpoint-2afe878aa90fcd67.txt', 'LANG': 'en_US.UTF-8', 'XDG_CURRENT_DESKTOP': 'ubuntu:GNOME', 'PYTHONSTARTUP': '/home/pochsathya/.config/Code/User/workspaceStorage/f271fc560773b7ce7087c0335d36366c/ms-python.python/pythonrc.py', 'GIO_MODULE_DIR_VSCODE_SNAP_ORIG': '', 'XDG_DATA_HOME': '/home/pochsathya/snap/code/230/.local/share', 'XMODIFIERS': '@im=ibus', 'XDG_SESSION_DESKTOP': 'ubuntu', 'XAUTHORITY': '/run/user/1000/.mutter-Xwaylandauth.YFTWM3', 'LS_COLORS': 'rs=0:di=01;34:ln=01;36:mh=00:pi=40;33:so=01;35:do=01;35:bd=40;33;01:cd=40;33;01:or=40;31;01:mi=00:su=37;41:sg=30;43:ca=30;41:tw=30;42:ow=34;42:st=37;44:ex=01;32:*.tar=01;31:*.tgz=01;31:*.arc=01;31:*.arj=01;31:*.taz=01;31:*.lha=01;31:*.lz4=01;31:*.lzh=01;31:*.lzma=01;31:*.tlz=01;31:*.txz=01;31:*.tzo=01;31:*.t7z=01;31:*.zip=01;31:*.z=01;31:*.dz=01;31:*.gz=01;31:*.lrz=01;31:*.lz=01;31:*.lzo=01;31:*.xz=01;31:*.zst=01;31:*.tzst=01;31:*.bz2=01;31:*.bz=01;31:*.tbz=01;31:*.tbz2=01;31:*.tz=01;31:*.deb=01;31:*.rpm=01;31:*.jar=01;31:*.war=01;31:*.ear=01;31:*.sar=01;31:*.rar=01;31:*.alz=01;31:*.ace=01;31:*.zoo=01;31:*.cpio=01;31:*.7z=01;31:*.rz=01;31:*.cab=01;31:*.wim=01;31:*.swm=01;31:*.dwm=01;31:*.esd=01;31:*.jpg=01;35:*.jpeg=01;35:*.mjpg=01;35:*.mjpeg=01;35:*.gif=01;35:*.bmp=01;35:*.pbm=01;35:*.pgm=01;35:*.ppm=01;35:*.tga=01;35:*.xbm=01;35:*.xpm=01;35:*.tif=01;35:*.tiff=01;35:*.png=01;35:*.svg=01;35:*.svgz=01;35:*.mng=01;35:*.pcx=01;35:*.mov=01;35:*.mpg=01;35:*.mpeg=01;35:*.m2v=01;35:*.mkv=01;35:*.webm=01;35:*.webp=01;35:*.ogm=01;35:*.mp4=01;35:*.m4v=01;35:*.mp4v=01;35:*.vob=01;35:*.qt=01;35:*.nuv=01;35:*.wmv=01;35:*.asf=01;35:*.rm=01;35:*.rmvb=01;35:*.flc=01;35:*.avi=01;35:*.fli=01;35:*.flv=01;35:*.gl=01;35:*.dl=01;35:*.xcf=01;35:*.xwd=01;35:*.yuv=01;35:*.cgm=01;35:*.emf=01;35:*.ogv=01;35:*.ogx=01;35:*.aac=00;36:*.au=00;36:*.flac=00;36:*.m4a=00;36:*.mid=00;36:*.midi=00;36:*.mka=00;36:*.mp3=00;36:*.mpc=00;36:*.ogg=00;36:*.ra=00;36:*.wav=00;36:*.oga=00;36:*.opus=00;36:*.spx=00;36:*.xspf=00;36:', 'VSCODE_GIT_IPC_HANDLE': '/run/user/1000/vscode-git-8e822459fc.sock', 'TERM_PROGRAM': 'vscode', 'SSH_AGENT_LAUNCHER': 'gnome-keyring', 'SSH_AUTH_SOCK': '/run/user/1000/keyring/ssh', 'GSETTINGS_SCHEMA_DIR': '/home/pochsathya/snap/code/230/.local/share/glib-2.0/schemas', 'AMENT_PREFIX_PATH': '/home/pochsathya/ros2_ws/install/subscriber_pkg:/home/pochsathya/ros2_ws/install/publisher_pkg:/home/pochsathya/ros2_ws/install/odometry_pkg:/home/pochsathya/ros2_ws/install/my_first_pkg:/home/pochsathya/ros2_ws/install/house_navigation_pkg:/home/pochsathya/ros2_ws/install/example36_pkg:/home/pochsathya/ros2_ws/install/custom_interfaces:/opt/ros/humble', 'SHELL': '/bin/bash', 'QT_ACCESSIBILITY': '1', 'GDMSESSION': 'ubuntu', 'LESSCLOSE': '/usr/bin/lesspipe %s %s', 'GTK_PATH_VSCODE_SNAP_ORIG': '', 'FONTCONFIG_FILE': '/etc/fonts/fonts.conf', 'GTK_IM_MODULE_FILE_VSCODE_SNAP_ORIG': '', 'GJS_DEBUG_OUTPUT': 'stderr', 'VSCODE_GIT_ASKPASS_EXTRA_ARGS': '', 'QT_IM_MODULE': 'ibus', 'PWD': '/home/pochsathya/ros2_ws/build/publisher_pkg', 'TURTLEBOT3_MODEL': 'burger', 'LC_ALL': 'en_US.UTF-8', 'XDG_CONFIG_DIRS': '/etc/xdg/xdg-ubuntu:/etc/xdg', 'NVM_CD_FLAGS': '', 'XDG_DATA_DIRS': '/home/pochsathya/snap/code/230/.local/share:/home/pochsathya/snap/code/230:/snap/code/230/usr/share:/usr/share/ubuntu:/usr/local/share/:/usr/share/:/var/lib/snapd/desktop', 'PYTHONPATH': '/home/pochsathya/ros2_ws/build/publisher_pkg/prefix_override:/usr/lib/python3/dist-packages/colcon_core/task/python/colcon_distutils_commands:/home/pochsathya/ros2_ws/install/publisher_pkg/lib/python3.10/site-packages:/home/pochsathya/ros2_ws/install/subscriber_pkg/lib/python3.10/site-packages:/home/pochsathya/ros2_ws/install/publisher_pkg/lib/python3.10/site-packages:/home/pochsathya/ros2_ws/install/odometry_pkg/lib/python3.10/site-packages:/home/pochsathya/ros2_ws/install/my_first_pkg/lib/python3.10/site-packages:/home/pochsathya/ros2_ws/install/house_navigation_pkg/lib/python3.10/site-packages:/home/pochsathya/ros2_ws/install/example36_pkg/lib/python3.10/site-packages:/home/pochsathya/ros2_ws/install/custom_interfaces/local/lib/python3.10/dist-packages:/opt/ros/humble/lib/python3.10/site-packages:/opt/ros/humble/local/lib/python3.10/dist-packages', 'COLCON': '1', 'CMAKE_PREFIX_PATH': '/home/pochsathya/ros2_ws/install/custom_interfaces'}, 'shell': False}
[2.007578] (subscriber_pkg) Command: {'cmd': ['/usr/bin/python3', '-W', 'ignore:setup.py install is deprecated', '-W', 'ignore:easy_install command is deprecated', 'setup.py', 'egg_info', '--egg-base', '../../build/subscriber_pkg', 'build', '--build-base', '/home/pochsathya/ros2_ws/build/subscriber_pkg/build', 'install', '--record', '/home/pochsathya/ros2_ws/build/subscriber_pkg/install.log', '--single-version-externally-managed', 'install_data'], 'cwd': '/home/pochsathya/ros2_ws/src/subscriber_pkg', 'env': {'GJS_DEBUG_TOPICS': 'JS ERROR;JS LOG', 'PYTHON_BASIC_REPL': '1', 'LESSOPEN': '| /usr/bin/lesspipe %s', 'USER': 'pochsathya', 'FONTCONFIG_PATH': '/etc/fonts', 'GIO_MODULE_DIR': '/home/pochsathya/snap/code/common/.cache/gio-modules', 'XDG_SESSION_TYPE': 'wayland', 'GIT_ASKPASS': '/snap/code/230/usr/share/code/resources/app/extensions/git/dist/askpass.sh', 'GTK_EXE_PREFIX_VSCODE_SNAP_ORIG': '', 'GDK_BACKEND_VSCODE_SNAP_ORIG': '', 'SHLVL': '1', 'LD_LIBRARY_PATH': '/home/pochsathya/ros2_ws/install/custom_interfaces/lib:/usr/lib/x86_64-linux-gnu/gazebo-11/plugins:/opt/ros/humble/opt/rviz_ogre_vendor/lib:/opt/ros/humble/lib/x86_64-linux-gnu:/opt/ros/humble/lib', 'HOME': '/home/pochsathya', 'CHROME_DESKTOP': 'code.desktop', 'LOCPATH_VSCODE_SNAP_ORIG': '', 'TERM_PROGRAM_VERSION': '1.112.0', 'DESKTOP_SESSION': 'ubuntu', 'GTK_PATH': '/snap/code/230/usr/lib/x86_64-linux-gnu/gtk-3.0', 'NVM_BIN': '/home/pochsathya/.nvm/versions/node/v24.14.0/bin', 'NVM_INC': '/home/pochsathya/.nvm/versions/node/v24.14.0/include/node', 'XDG_DATA_HOME_VSCODE_SNAP_ORIG': '', 'GTK_IM_MODULE_FILE': '/home/pochsathya/snap/code/common/.cache/immodules/immodules.cache', 'GIO_LAUNCHED_DESKTOP_FILE': '/var/lib/snapd/desktop/applications/code_code.desktop', 'ROS_PYTHON_VERSION': '3', 'GNOME_SHELL_SESSION_MODE': 'ubuntu', 'GTK_MODULES': 'gail:atk-bridge', 'GSETTINGS_SCHEMA_DIR_VSCODE_SNAP_ORIG': '', 'VSCODE_GIT_ASKPASS_MAIN': '/snap/code/230/usr/share/code/resources/app/extensions/git/dist/askpass-main.js', 'VSCODE_GIT_ASKPASS_NODE': '/snap/code/230/usr/share/code/code', 'MANAGERPID': '1939', 'PYDEVD_DISABLE_FILE_VALIDATION': '1', 'SYSTEMD_EXEC_PID': '2110', 'BUNDLED_DEBUGPY_PATH': '/home/pochsathya/.vscode/extensions/ms-python.debugpy-2025.18.0-linux-x64/bundled/libs/debugpy', 'IM_CONFIG_CHECK_ENV': '1', 'VSCODE_PYTHON_AUTOACTIVATE_GUARD': '1', 'DBUS_SESSION_BUS_ADDRESS': 'unix:path=/run/user/1000/bus', 'COLORTERM': 'truecolor', 'GIO_LAUNCHED_DESKTOP_FILE_PID': '41595', 'NVM_DIR': '/home/pochsathya/.nvm', 'IM_CONFIG_PHASE': '1', 'WAYLAND_DISPLAY': 'wayland-0', 'COLCON_PREFIX_PATH': '/home/pochsathya/ros2_ws/install:/home/pochsathya/ros2_ws/src/house_navigation_pkg/house_navigation_pkg/install', 'ROS_DISTRO': 'humble', 'LOGNAME': 'pochsathya', 'JOURNAL_STREAM': '8:5723', '_': '/usr/bin/colcon', 'ROS_VERSION': '2', 'XDG_CONFIG_DIRS_VSCODE_SNAP_ORIG': '/etc/xdg/xdg-ubuntu:/etc/xdg', 'XDG_SESSION_CLASS': 'user', 'XDG_DATA_DIRS_VSCODE_SNAP_ORIG': '/usr/share/ubuntu:/usr/local/share/:/usr/share/:/var/lib/snapd/desktop', 'USERNAME': 'pochsathya', 'TERM': 'xterm-256color', 'GNOME_DESKTOP_SESSION_ID': 'this-is-deprecated', 'FC_FONTATIONS': '1', 'ROS_LOCALHOST_ONLY': '0', 'PATH': '/home/pochsathya/.config/Code/User/globalStorage/github.copilot-chat/debugCommand:/home/pochsathya/.config/Code/User/globalStorage/github.copilot-chat/copilotCli:/home/pochsathya/.local/bin:/home/pochsathya/.nvm/versions/node/v24.14.0/bin:/opt/ros/humble/bin:/home/pochsathya/.local/bin:/usr/local/sbin:/usr/local/bin:/usr/sbin:/usr/bin:/sbin:/bin:/usr/games:/usr/local/games:/snap/bin:/snap/bin:/home/pochsathya/.vscode/extensions/ms-python.debugpy-2025.18.0-linux-x64/bundled/scripts/noConfigScripts', 'SESSION_MANAGER': 'local/pochsathya-Legion-Pro-5-16IRX8:@/tmp/.ICE-unix/2081,unix/pochsathya-Legion-Pro-5-16IRX8:/tmp/.ICE-unix/2081', 'GTK_EXE_PREFIX': '/snap/code/230/usr', 'INVOCATION_ID': 'bec8f1b216d34278993222b7f454f91b', 'XDG_MENU_PREFIX': 'gnome-', 'GNOME_SETUP_DISPLAY': ':1', 'XDG_RUNTIME_DIR': '/run/user/1000', 'GDK_BACKEND': 'x11', 'DISPLAY': ':0', 'LOCPATH': '/snap/code/230/usr/lib/locale', 'VSCODE_DEBUGPY_ADAPTER_ENDPOINTS': '/home/pochsathya/.vscode/extensions/ms-python.debugpy-2025.18.0-linux-x64/.noConfigDebugAdapterEndpoints/endpoint-2afe878aa90fcd67.txt', 'LANG': 'en_US.UTF-8', 'XDG_CURRENT_DESKTOP': 'ubuntu:GNOME', 'PYTHONSTARTUP': '/home/pochsathya/.config/Code/User/workspaceStorage/f271fc560773b7ce7087c0335d36366c/ms-python.python/pythonrc.py', 'GIO_MODULE_DIR_VSCODE_SNAP_ORIG': '', 'XDG_DATA_HOME': '/home/pochsathya/snap/code/230/.local/share', 'XMODIFIERS': '@im=ibus', 'XDG_SESSION_DESKTOP': 'ubuntu', 'XAUTHORITY': '/run/user/1000/.mutter-Xwaylandauth.YFTWM3', 'LS_COLORS': 'rs=0:di=01;34:ln=01;36:mh=00:pi=40;33:so=01;35:do=01;35:bd=40;33;01:cd=40;33;01:or=40;31;01:mi=00:su=37;41:sg=30;43:ca=30;41:tw=30;42:ow=34;42:st=37;44:ex=01;32:*.tar=01;31:*.tgz=01;31:*.arc=01;31:*.arj=01;31:*.taz=01;31:*.lha=01;31:*.lz4=01;31:*.lzh=01;31:*.lzma=01;31:*.tlz=01;31:*.txz=01;31:*.tzo=01;31:*.t7z=01;31:*.zip=01;31:*.z=01;31:*.dz=01;31:*.gz=01;31:*.lrz=01;31:*.lz=01;31:*.lzo=01;31:*.xz=01;31:*.zst=01;31:*.tzst=01;31:*.bz2=01;31:*.bz=01;31:*.tbz=01;31:*.tbz2=01;31:*.tz=01;31:*.deb=01;31:*.rpm=01;31:*.jar=01;31:*.war=01;31:*.ear=01;31:*.sar=01;31:*.rar=01;31:*.alz=01;31:*.ace=01;31:*.zoo=01;31:*.cpio=01;31:*.7z=01;31:*.rz=01;31:*.cab=01;31:*.wim=01;31:*.swm=01;31:*.dwm=01;31:*.esd=01;31:*.jpg=01;35:*.jpeg=01;35:*.mjpg=01;35:*.mjpeg=01;35:*.gif=01;35:*.bmp=01;35:*.pbm=01;35:*.pgm=01;35:*.ppm=01;35:*.tga=01;35:*.xbm=01;35:*.xpm=01;35:*.tif=01;35:*.tiff=01;35:*.png=01;35:*.svg=01;35:*.svgz=01;35:*.mng=01;35:*.pcx=01;35:*.mov=01;35:*.mpg=01;35:*.mpeg=01;35:*.m2v=01;35:*.mkv=01;35:*.webm=01;35:*.webp=01;35:*.ogm=01;35:*.mp4=01;35:*.m4v=01;35:*.mp4v=01;35:*.vob=01;35:*.qt=01;35:*.nuv=01;35:*.wmv=01;35:*.asf=01;35:*.rm=01;35:*.rmvb=01;35:*.flc=01;35:*.avi=01;35:*.fli=01;35:*.flv=01;35:*.gl=01;35:*.dl=01;35:*.xcf=01;35:*.xwd=01;35:*.yuv=01;35:*.cgm=01;35:*.emf=01;35:*.ogv=01;35:*.ogx=01;35:*.aac=00;36:*.au=00;36:*.flac=00;36:*.m4a=00;36:*.mid=00;36:*.midi=00;36:*.mka=00;36:*.mp3=00;36:*.mpc=00;36:*.ogg=00;36:*.ra=00;36:*.wav=00;36:*.oga=00;36:*.opus=00;36:*.spx=00;36:*.xspf=00;36:', 'VSCODE_GIT_IPC_HANDLE': '/run/user/1000/vscode-git-8e822459fc.sock', 'TERM_PROGRAM': 'vscode', 'SSH_AGENT_LAUNCHER': 'gnome-keyring', 'SSH_AUTH_SOCK': '/run/user/1000/keyring/ssh', 'GSETTINGS_SCHEMA_DIR': '/home/pochsathya/snap/code/230/.local/share/glib-2.0/schemas', 'AMENT_PREFIX_PATH': '/home/pochsathya/ros2_ws/install/subscriber_pkg:/home/pochsathya/ros2_ws/install/publisher_pkg:/home/pochsathya/ros2_ws/install/odometry_pkg:/home/pochsathya/ros2_ws/install/my_first_pkg:/home/pochsathya/ros2_ws/install/house_navigation_pkg:/home/pochsathya/ros2_ws/install/example36_pkg:/home/pochsathya/ros2_ws/install/custom_interfaces:/opt/ros/humble', 'SHELL': '/bin/bash', 'QT_ACCESSIBILITY': '1', 'GDMSESSION': 'ubuntu', 'LESSCLOSE': '/usr/bin/lesspipe %s %s', 'GTK_PATH_VSCODE_SNAP_ORIG': '', 'FONTCONFIG_FILE': '/etc/fonts/fonts.conf', 'GTK_IM_MODULE_FILE_VSCODE_SNAP_ORIG': '', 'GJS_DEBUG_OUTPUT': 'stderr', 'VSCODE_GIT_ASKPASS_EXTRA_ARGS': '', 'QT_IM_MODULE': 'ibus', 'PWD': '/home/pochsathya/ros2_ws/build/subscriber_pkg', 'TURTLEBOT3_MODEL': 'burger', 'LC_ALL': 'en_US.UTF-8', 'XDG_CONFIG_DIRS': '/etc/xdg/xdg-ubuntu:/etc/xdg', 'NVM_CD_FLAGS': '', 'XDG_DATA_DIRS': '/home/pochsathya/snap/code/230/.local/share:/home/pochsathya/snap/code/230:/snap/code/230/usr/share:/usr/share/ubuntu:/usr/local/share/:/usr/share/:/var/lib/snapd/desktop', 'PYTHONPATH': '/home/pochsathya/ros2_ws/build/subscriber_pkg/prefix_override:/usr/lib/python3/dist-packages/colcon_core/task/python/colcon_distutils_commands:/home/pochsathya/ros2_ws/install/subscriber_pkg/lib/python3.10/site-packages:/home/pochsathya/ros2_ws/install/subscriber_pkg/lib/python3.10/site-packages:/home/pochsathya/ros2_ws/install/publisher_pkg/lib/python3.10/site-packages:/home/pochsathya/ros2_ws/install/odometry_pkg/lib/python3.10/site-packages:/home/pochsathya/ros2_ws/install/my_first_pkg/lib/python3.10/site-packages:/home/pochsathya/ros2_ws/install/house_navigation_pkg/lib/python3.10/site-packages:/home/pochsathya/ros2_ws/install/example36_pkg/lib/python3.10/site-packages:/home/pochsathya/ros2_ws/install/custom_interfaces/local/lib/python3.10/dist-packages:/opt/ros/humble/lib/python3.10/site-packages:/opt/ros/humble/local/lib/python3.10/dist-packages', 'COLCON': '1', 'CMAKE_PREFIX_PATH': '/home/pochsathya/ros2_ws/install/custom_interfaces'}, 'shell': False}
[2.010092] (-) TimerEvent: {}
[2.044344] (odometry_pkg) Command: {'cmd': ['/usr/bin/python3', '-W', 'ignore:setup.py install is deprecated', '-W', 'ignore:easy_install command is deprecated', 'setup.py', 'egg_info', '--egg-base', '../../build/odometry_pkg', 'build', '--build-base', '/home/pochsathya/ros2_ws/build/odometry_pkg/build', 'install', '--record', '/home/pochsathya/ros2_ws/build/odometry_pkg/install.log', '--single-version-externally-managed', 'install_data'], 'cwd': '/home/pochsathya/ros2_ws/src/odometry_pkg', 'env': {'GJS_DEBUG_TOPICS': 'JS ERROR;JS LOG', 'PYTHON_BASIC_REPL': '1', 'LESSOPEN': '| /usr/bin/lesspipe %s', 'USER': 'pochsathya', 'FONTCONFIG_PATH': '/etc/fonts', 'GIO_MODULE_DIR': '/home/pochsathya/snap/code/common/.cache/gio-modules', 'XDG_SESSION_TYPE': 'wayland', 'GIT_ASKPASS': '/snap/code/230/usr/share/code/resources/app/extensions/git/dist/askpass.sh', 'GTK_EXE_PREFIX_VSCODE_SNAP_ORIG': '', 'GDK_BACKEND_VSCODE_SNAP_ORIG': '', 'SHLVL': '1', 'LD_LIBRARY_PATH': '/home/pochsathya/ros2_ws/install/custom_interfaces/lib:/usr/lib/x86_64-linux-gnu/gazebo-11/plugins:/opt/ros/humble/opt/rviz_ogre_vendor/lib:/opt/ros/humble/lib/x86_64-linux-gnu:/opt/ros/humble/lib', 'HOME': '/home/pochsathya', 'CHROME_DESKTOP': 'code.desktop', 'LOCPATH_VSCODE_SNAP_ORIG': '', 'TERM_PROGRAM_VERSION': '1.112.0', 'DESKTOP_SESSION': 'ubuntu', 'GTK_PATH': '/snap/code/230/usr/lib/x86_64-linux-gnu/gtk-3.0', 'NVM_BIN': '/home/pochsathya/.nvm/versions/node/v24.14.0/bin', 'NVM_INC': '/home/pochsathya/.nvm/versions/node/v24.14.0/include/node', 'XDG_DATA_HOME_VSCODE_SNAP_ORIG': '', 'GTK_IM_MODULE_FILE': '/home/pochsathya/snap/code/common/.cache/immodules/immodules.cache', 'GIO_LAUNCHED_DESKTOP_FILE': '/var/lib/snapd/desktop/applications/code_code.desktop', 'ROS_PYTHON_VERSION': '3', 'GNOME_SHELL_SESSION_MODE': 'ubuntu', 'GTK_MODULES': 'gail:atk-bridge', 'GSETTINGS_SCHEMA_DIR_VSCODE_SNAP_ORIG': '', 'VSCODE_GIT_ASKPASS_MAIN': '/snap/code/230/usr/share/code/resources/app/extensions/git/dist/askpass-main.js', 'VSCODE_GIT_ASKPASS_NODE': '/snap/code/230/usr/share/code/code', 'MANAGERPID': '1939', 'PYDEVD_DISABLE_FILE_VALIDATION': '1', 'SYSTEMD_EXEC_PID': '2110', 'BUNDLED_DEBUGPY_PATH': '/home/pochsathya/.vscode/extensions/ms-python.debugpy-2025.18.0-linux-x64/bundled/libs/debugpy', 'IM_CONFIG_CHECK_ENV': '1', 'VSCODE_PYTHON_AUTOACTIVATE_GUARD': '1', 'DBUS_SESSION_BUS_ADDRESS': 'unix:path=/run/user/1000/bus', 'COLORTERM': 'truecolor', 'GIO_LAUNCHED_DESKTOP_FILE_PID': '41595', 'NVM_DIR': '/home/pochsathya/.nvm', 'IM_CONFIG_PHASE': '1', 'WAYLAND_DISPLAY': 'wayland-0', 'COLCON_PREFIX_PATH': '/home/pochsathya/ros2_ws/install:/home/pochsathya/ros2_ws/src/house_navigation_pkg/house_navigation_pkg/install', 'ROS_DISTRO': 'humble', 'LOGNAME': 'pochsathya', 'JOURNAL_STREAM': '8:5723', '_': '/usr/bin/colcon', 'ROS_VERSION': '2', 'XDG_CONFIG_DIRS_VSCODE_SNAP_ORIG': '/etc/xdg/xdg-ubuntu:/etc/xdg', 'XDG_SESSION_CLASS': 'user', 'XDG_DATA_DIRS_VSCODE_SNAP_ORIG': '/usr/share/ubuntu:/usr/local/share/:/usr/share/:/var/lib/snapd/desktop', 'USERNAME': 'pochsathya', 'TERM': 'xterm-256color', 'GNOME_DESKTOP_SESSION_ID': 'this-is-deprecated', 'FC_FONTATIONS': '1', 'ROS_LOCALHOST_ONLY': '0', 'PATH': '/home/pochsathya/.config/Code/User/globalStorage/github.copilot-chat/debugCommand:/home/pochsathya/.config/Code/User/globalStorage/github.copilot-chat/copilotCli:/home/pochsathya/.local/bin:/home/pochsathya/.nvm/versions/node/v24.14.0/bin:/opt/ros/humble/bin:/home/pochsathya/.local/bin:/usr/local/sbin:/usr/local/bin:/usr/sbin:/usr/bin:/sbin:/bin:/usr/games:/usr/local/games:/snap/bin:/snap/bin:/home/pochsathya/.vscode/extensions/ms-python.debugpy-2025.18.0-linux-x64/bundled/scripts/noConfigScripts', 'SESSION_MANAGER': 'local/pochsathya-Legion-Pro-5-16IRX8:@/tmp/.ICE-unix/2081,unix/pochsathya-Legion-Pro-5-16IRX8:/tmp/.ICE-unix/2081', 'GTK_EXE_PREFIX': '/snap/code/230/usr', 'INVOCATION_ID': 'bec8f1b216d34278993222b7f454f91b', 'XDG_MENU_PREFIX': 'gnome-', 'GNOME_SETUP_DISPLAY': ':1', 'XDG_RUNTIME_DIR': '/run/user/1000', 'GDK_BACKEND': 'x11', 'DISPLAY': ':0', 'LOCPATH': '/snap/code/230/usr/lib/locale', 'VSCODE_DEBUGPY_ADAPTER_ENDPOINTS': '/home/pochsathya/.vscode/extensions/ms-python.debugpy-2025.18.0-linux-x64/.noConfigDebugAdapterEndpoints/endpoint-2afe878aa90fcd67.txt', 'LANG': 'en_US.UTF-8', 'XDG_CURRENT_DESKTOP': 'ubuntu:GNOME', 'PYTHONSTARTUP': '/home/pochsathya/.config/Code/User/workspaceStorage/f271fc560773b7ce7087c0335d36366c/ms-python.python/pythonrc.py', 'GIO_MODULE_DIR_VSCODE_SNAP_ORIG': '', 'XDG_DATA_HOME': '/home/pochsathya/snap/code/230/.local/share', 'XMODIFIERS': '@im=ibus', 'XDG_SESSION_DESKTOP': 'ubuntu', 'XAUTHORITY': '/run/user/1000/.mutter-Xwaylandauth.YFTWM3', 'LS_COLORS': 'rs=0:di=01;34:ln=01;36:mh=00:pi=40;33:so=01;35:do=01;35:bd=40;33;01:cd=40;33;01:or=40;31;01:mi=00:su=37;41:sg=30;43:ca=30;41:tw=30;42:ow=34;42:st=37;44:ex=01;32:*.tar=01;31:*.tgz=01;31:*.arc=01;31:*.arj=01;31:*.taz=01;31:*.lha=01;31:*.lz4=01;31:*.lzh=01;31:*.lzma=01;31:*.tlz=01;31:*.txz=01;31:*.tzo=01;31:*.t7z=01;31:*.zip=01;31:*.z=01;31:*.dz=01;31:*.gz=01;31:*.lrz=01;31:*.lz=01;31:*.lzo=01;31:*.xz=01;31:*.zst=01;31:*.tzst=01;31:*.bz2=01;31:*.bz=01;31:*.tbz=01;31:*.tbz2=01;31:*.tz=01;31:*.deb=01;31:*.rpm=01;31:*.jar=01;31:*.war=01;31:*.ear=01;31:*.sar=01;31:*.rar=01;31:*.alz=01;31:*.ace=01;31:*.zoo=01;31:*.cpio=01;31:*.7z=01;31:*.rz=01;31:*.cab=01;31:*.wim=01;31:*.swm=01;31:*.dwm=01;31:*.esd=01;31:*.jpg=01;35:*.jpeg=01;35:*.mjpg=01;35:*.mjpeg=01;35:*.gif=01;35:*.bmp=01;35:*.pbm=01;35:*.pgm=01;35:*.ppm=01;35:*.tga=01;35:*.xbm=01;35:*.xpm=01;35:*.tif=01;35:*.tiff=01;35:*.png=01;35:*.svg=01;35:*.svgz=01;35:*.mng=01;35:*.pcx=01;35:*.mov=01;35:*.mpg=01;35:*.mpeg=01;35:*.m2v=01;35:*.mkv=01;35:*.webm=01;35:*.webp=01;35:*.ogm=01;35:*.mp4=01;35:*.m4v=01;35:*.mp4v=01;35:*.vob=01;35:*.qt=01;35:*.nuv=01;35:*.wmv=01;35:*.asf=01;35:*.rm=01;35:*.rmvb=01;35:*.flc=01;35:*.avi=01;35:*.fli=01;35:*.flv=01;35:*.gl=01;35:*.dl=01;35:*.xcf=01;35:*.xwd=01;35:*.yuv=01;35:*.cgm=01;35:*.emf=01;35:*.ogv=01;35:*.ogx=01;35:*.aac=00;36:*.au=00;36:*.flac=00;36:*.m4a=00;36:*.mid=00;36:*.midi=00;36:*.mka=00;36:*.mp3=00;36:*.mpc=00;36:*.ogg=00;36:*.ra=00;36:*.wav=00;36:*.oga=00;36:*.opus=00;36:*.spx=00;36:*.xspf=00;36:', 'VSCODE_GIT_IPC_HANDLE': '/run/user/1000/vscode-git-8e822459fc.sock', 'TERM_PROGRAM': 'vscode', 'SSH_AGENT_LAUNCHER': 'gnome-keyring', 'SSH_AUTH_SOCK': '/run/user/1000/keyring/ssh', 'GSETTINGS_SCHEMA_DIR': '/home/pochsathya/snap/code/230/.local/share/glib-2.0/schemas', 'AMENT_PREFIX_PATH': '/home/pochsathya/ros2_ws/install/subscriber_pkg:/home/pochsathya/ros2_ws/install/publisher_pkg:/home/pochsathya/ros2_ws/install/odometry_pkg:/home/pochsathya/ros2_ws/install/my_first_pkg:/home/pochsathya/ros2_ws/install/house_navigation_pkg:/home/pochsathya/ros2_ws/install/example36_pkg:/home/pochsathya/ros2_ws/install/custom_interfaces:/opt/ros/humble', 'SHELL': '/bin/bash', 'QT_ACCESSIBILITY': '1', 'GDMSESSION': 'ubuntu', 'LESSCLOSE': '/usr/bin/lesspipe %s %s', 'GTK_PATH_VSCODE_SNAP_ORIG': '', 'FONTCONFIG_FILE': '/etc/fonts/fonts.conf', 'GTK_IM_MODULE_FILE_VSCODE_SNAP_ORIG': '', 'GJS_DEBUG_OUTPUT': 'stderr', 'VSCODE_GIT_ASKPASS_EXTRA_ARGS': '', 'QT_IM_MODULE': 'ibus', 'PWD': '/home/pochsathya/ros2_ws/build/odometry_pkg', 'TURTLEBOT3_MODEL': 'burger', 'LC_ALL': 'en_US.UTF-8', 'XDG_CONFIG_DIRS': '/etc/xdg/xdg-ubuntu:/etc/xdg', 'NVM_CD_FLAGS': '', 'XDG_DATA_DIRS': '/home/pochsathya/snap/code/230/.local/share:/home/pochsathya/snap/code/230:/snap/code/230/usr/share:/usr/share/ubuntu:/usr/local/share/:/usr/share/:/var/lib/snapd/desktop', 'PYTHONPATH': '/home/pochsathya/ros2_ws/build/odometry_pkg/prefix_override:/usr/lib/python3/dist-packages/colcon_core/task/python/colcon_distutils_commands:/home/pochsathya/ros2_ws/install/odometry_pkg/lib/python3.10/site-packages:/home/pochsathya/ros2_ws/install/subscriber_pkg/lib/python3.10/site-packages:/home/pochsathya/ros2_ws/install/publisher_pkg/lib/python3.10/site-packages:/home/pochsathya/ros2_ws/install/odometry_pkg/lib/python3.10/site-packages:/home/pochsathya/ros2_ws/install/my_first_pkg/lib/python3.10/site-packages:/home/pochsathya/ros2_ws/install/house_navigation_pkg/lib/python3.10/site-packages:/home/pochsathya/ros2_ws/install/example36_pkg/lib/python3.10/site-packages:/home/pochsathya/ros2_ws/install/custom_interfaces/local/lib/python3.10/dist-packages:/opt/ros/humble/lib/python3.10/site-packages:/opt/ros/humble/local/lib/python3.10/dist-packages', 'COLCON': '1', 'CMAKE_PREFIX_PATH': '/home/pochsathya/ros2_ws/install/custom_interfaces'}, 'shell': False}
[2.110319] (-) TimerEvent: {}
[2.200343] (my_first_pkg) StdoutLine: {'line': b'running egg_info\n'}
[2.200553] (publisher_pkg) StdoutLine: {'line': b'running egg_info\n'}
[2.200901] (publisher_pkg) StdoutLine: {'line': b'writing ../../build/publisher_pkg/publisher_pkg.egg-info/PKG-INFO\n'}
[2.200980] (my_first_pkg) StdoutLine: {'line': b'writing ../../build/my_first_pkg/my_first_pkg.egg-info/PKG-INFO\n'}
[2.201046] (my_first_pkg) StdoutLine: {'line': b'writing dependency_links to ../../build/my_first_pkg/my_first_pkg.egg-info/dependency_links.txt\n'}
[2.201110] (publisher_pkg) StdoutLine: {'line': b'writing dependency_links to ../../build/publisher_pkg/publisher_pkg.egg-info/dependency_links.txt\n'}
[2.201185] (publisher_pkg) StdoutLine: {'line': b'writing entry points to ../../build/publisher_pkg/publisher_pkg.egg-info/entry_points.txt\n'}
[2.201248] (my_first_pkg) StdoutLine: {'line': b'writing entry points to ../../build/my_first_pkg/my_first_pkg.egg-info/entry_points.txt\n'}
[2.201384] (my_first_pkg) StdoutLine: {'line': b'writing requirements to ../../build/my_first_pkg/my_first_pkg.egg-info/requires.txt\n'}
[2.201447] (my_first_pkg) StdoutLine: {'line': b'writing top-level names to ../../build/my_first_pkg/my_first_pkg.egg-info/top_level.txt\n'}
[2.201480] (publisher_pkg) StdoutLine: {'line': b'writing requirements to ../../build/publisher_pkg/publisher_pkg.egg-info/requires.txt\n'}
[2.201512] (publisher_pkg) StdoutLine: {'line': b'writing top-level names to ../../build/publisher_pkg/publisher_pkg.egg-info/top_level.txt\n'}
[2.202457] (my_first_pkg) StdoutLine: {'line': b"reading manifest file '../../build/my_first_pkg/my_first_pkg.egg-info/SOURCES.txt'\n"}
[2.202564] (publisher_pkg) StdoutLine: {'line': b"reading manifest file '../../build/publisher_pkg/publisher_pkg.egg-info/SOURCES.txt'\n"}
[2.202879] (my_first_pkg) StdoutLine: {'line': b"writing manifest file '../../build/my_first_pkg/my_first_pkg.egg-info/SOURCES.txt'\n"}
[2.202934] (my_first_pkg) StdoutLine: {'line': b'running build\n'}
[2.203015] (my_first_pkg) StdoutLine: {'line': b'running build_py\n'}
[2.203050] (publisher_pkg) StdoutLine: {'line': b"writing manifest file '../../build/publisher_pkg/publisher_pkg.egg-info/SOURCES.txt'\n"}
[2.203080] (publisher_pkg) StdoutLine: {'line': b'running build\n'}
[2.203107] (publisher_pkg) StdoutLine: {'line': b'running build_py\n'}
[2.203326] (my_first_pkg) StdoutLine: {'line': b'running install\n'}
[2.203449] (publisher_pkg) StdoutLine: {'line': b'running install\n'}
[2.203521] (publisher_pkg) StdoutLine: {'line': b'running install_lib\n'}
[2.203583] (my_first_pkg) StdoutLine: {'line': b'running install_lib\n'}
[2.204145] (publisher_pkg) StdoutLine: {'line': b'running install_data\n'}
[2.204264] (publisher_pkg) StdoutLine: {'line': b'running install_egg_info\n'}
[2.204335] (my_first_pkg) StdoutLine: {'line': b'running install_data\n'}
[2.204403] (my_first_pkg) StdoutLine: {'line': b'running install_egg_info\n'}
[2.204929] (subscriber_pkg) StdoutLine: {'line': b'running egg_info\n'}
[2.205318] (publisher_pkg) StdoutLine: {'line': b"removing '/home/pochsathya/ros2_ws/install/publisher_pkg/lib/python3.10/site-packages/publisher_pkg-0.0.0-py3.10.egg-info' (and everything under it)\n"}
[2.205876] (subscriber_pkg) StdoutLine: {'line': b'writing ../../build/subscriber_pkg/subscriber_pkg.egg-info/PKG-INFO\n'}
[2.205983] (my_first_pkg) StdoutLine: {'line': b"removing '/home/pochsathya/ros2_ws/install/my_first_pkg/lib/python3.10/site-packages/my_first_pkg-0.0.0-py3.10.egg-info' (and everything under it)\n"}
[2.206057] (my_first_pkg) StdoutLine: {'line': b'Copying ../../build/my_first_pkg/my_first_pkg.egg-info to /home/pochsathya/ros2_ws/install/my_first_pkg/lib/python3.10/site-packages/my_first_pkg-0.0.0-py3.10.egg-info\n'}
[2.206121] (subscriber_pkg) StdoutLine: {'line': b'writing dependency_links to ../../build/subscriber_pkg/subscriber_pkg.egg-info/dependency_links.txt\n'}
[2.206191] (publisher_pkg) StdoutLine: {'line': b'Copying ../../build/publisher_pkg/publisher_pkg.egg-info to /home/pochsathya/ros2_ws/install/publisher_pkg/lib/python3.10/site-packages/publisher_pkg-0.0.0-py3.10.egg-info\n'}
[2.206258] (subscriber_pkg) StdoutLine: {'line': b'writing entry points to ../../build/subscriber_pkg/subscriber_pkg.egg-info/entry_points.txt\n'}
[2.206320] (subscriber_pkg) StdoutLine: {'line': b'writing requirements to ../../build/subscriber_pkg/subscriber_pkg.egg-info/requires.txt\n'}
[2.206381] (subscriber_pkg) StdoutLine: {'line': b'writing top-level names to ../../build/subscriber_pkg/subscriber_pkg.egg-info/top_level.txt\n'}
[2.206440] (publisher_pkg) StdoutLine: {'line': b'running install_scripts\n'}
[2.206501] (my_first_pkg) StdoutLine: {'line': b'running install_scripts\n'}
[2.207470] (subscriber_pkg) StdoutLine: {'line': b"reading manifest file '../../build/subscriber_pkg/subscriber_pkg.egg-info/SOURCES.txt'\n"}
[2.207917] (subscriber_pkg) StdoutLine: {'line': b"writing manifest file '../../build/subscriber_pkg/subscriber_pkg.egg-info/SOURCES.txt'\n"}
[2.208016] (subscriber_pkg) StdoutLine: {'line': b'running build\n'}
[2.208104] (subscriber_pkg) StdoutLine: {'line': b'running build_py\n'}
[2.208183] (subscriber_pkg) StdoutLine: {'line': b'running install\n'}
[2.208405] (subscriber_pkg) StdoutLine: {'line': b'running install_lib\n'}
[2.209242] (subscriber_pkg) StdoutLine: {'line': b'running install_data\n'}
[2.209349] (subscriber_pkg) StdoutLine: {'line': b'running install_egg_info\n'}
[2.210415] (subscriber_pkg) StdoutLine: {'line': b"removing '/home/pochsathya/ros2_ws/install/subscriber_pkg/lib/python3.10/site-packages/subscriber_pkg-0.0.0-py3.10.egg-info' (and everything under it)\n"}
[2.210522] (-) TimerEvent: {}
[2.210716] (subscriber_pkg) StdoutLine: {'line': b'Copying ../../build/subscriber_pkg/subscriber_pkg.egg-info to /home/pochsathya/ros2_ws/install/subscriber_pkg/lib/python3.10/site-packages/subscriber_pkg-0.0.0-py3.10.egg-info\n'}
[2.211094] (subscriber_pkg) StdoutLine: {'line': b'running install_scripts\n'}
[2.213847] (house_navigation_pkg) StdoutLine: {'line': b'running egg_info\n'}
[2.214215] (house_navigation_pkg) StdoutLine: {'line': b'writing ../../build/house_navigation_pkg/house_navigation_pkg.egg-info/PKG-INFO\n'}
[2.214700] (house_navigation_pkg) StdoutLine: {'line': b'writing dependency_links to ../../build/house_navigation_pkg/house_navigation_pkg.egg-info/dependency_links.txt\n'}
[2.214769] (house_navigation_pkg) StdoutLine: {'line': b'writing entry points to ../../build/house_navigation_pkg/house_navigation_pkg.egg-info/entry_points.txt\n'}
[2.214831] (house_navigation_pkg) StdoutLine: {'line': b'writing requirements to ../../build/house_navigation_pkg/house_navigation_pkg.egg-info/requires.txt\n'}
[2.214893] (house_navigation_pkg) StdoutLine: {'line': b'writing top-level names to ../../build/house_navigation_pkg/house_navigation_pkg.egg-info/top_level.txt\n'}
[2.216314] (house_navigation_pkg) StdoutLine: {'line': b"reading manifest file '../../build/house_navigation_pkg/house_navigation_pkg.egg-info/SOURCES.txt'\n"}
[2.216760] (house_navigation_pkg) StdoutLine: {'line': b"writing manifest file '../../build/house_navigation_pkg/house_navigation_pkg.egg-info/SOURCES.txt'\n"}
[2.216826] (house_navigation_pkg) StdoutLine: {'line': b'running build\n'}
[2.216887] (house_navigation_pkg) StdoutLine: {'line': b'running build_py\n'}
[2.216981] (house_navigation_pkg) StdoutLine: {'line': b'copying house_navigation_pkg/house_navigation.py -> /home/pochsathya/ros2_ws/build/house_navigation_pkg/build/lib/house_navigation_pkg\n'}
[2.217073] (house_navigation_pkg) StdoutLine: {'line': b'running install\n'}
[2.217162] (house_navigation_pkg) StdoutLine: {'line': b'running install_lib\n'}
[2.217618] (house_navigation_pkg) StdoutLine: {'line': b'copying /home/pochsathya/ros2_ws/build/house_navigation_pkg/build/lib/house_navigation_pkg/house_navigation.py -> /home/pochsathya/ros2_ws/install/house_navigation_pkg/lib/python3.10/site-packages/house_navigation_pkg\n'}
[2.217958] (house_navigation_pkg) StdoutLine: {'line': b'byte-compiling /home/pochsathya/ros2_ws/install/house_navigation_pkg/lib/python3.10/site-packages/house_navigation_pkg/house_navigation.py to house_navigation.cpython-310.pyc\n'}
[2.218843] (house_navigation_pkg) StdoutLine: {'line': b'running install_data\n'}
[2.218996] (house_navigation_pkg) StdoutLine: {'line': b'running install_egg_info\n'}
[2.219449] (publisher_pkg) StdoutLine: {'line': b"writing list of installed files to '/home/pochsathya/ros2_ws/build/publisher_pkg/install.log'\n"}
[2.219725] (my_first_pkg) StdoutLine: {'line': b'Installing Sathya_node script to /home/pochsathya/ros2_ws/install/my_first_pkg/lib/my_first_pkg\n'}
[2.219850] (my_first_pkg) StdoutLine: {'line': b'Installing subscriber_node script to /home/pochsathya/ros2_ws/install/my_first_pkg/lib/my_first_pkg\n'}
[2.220023] (my_first_pkg) StdoutLine: {'line': b"writing list of installed files to '/home/pochsathya/ros2_ws/build/my_first_pkg/install.log'\n"}
[2.220562] (house_navigation_pkg) StdoutLine: {'line': b"removing '/home/pochsathya/ros2_ws/install/house_navigation_pkg/lib/python3.10/site-packages/house_navigation_pkg-0.0.0-py3.10.egg-info' (and everything under it)\n"}
[2.220832] (house_navigation_pkg) StdoutLine: {'line': b'Copying ../../build/house_navigation_pkg/house_navigation_pkg.egg-info to /home/pochsathya/ros2_ws/install/house_navigation_pkg/lib/python3.10/site-packages/house_navigation_pkg-0.0.0-py3.10.egg-info\n'}
[2.221366] (house_navigation_pkg) StdoutLine: {'line': b'running install_scripts\n'}
[2.224959] (subscriber_pkg) StdoutLine: {'line': b"writing list of installed files to '/home/pochsathya/ros2_ws/build/subscriber_pkg/install.log'\n"}
[2.234043] (odometry_pkg) StdoutLine: {'line': b'running egg_info\n'}
[2.234482] (odometry_pkg) StdoutLine: {'line': b'writing ../../build/odometry_pkg/odometry_pkg.egg-info/PKG-INFO\n'}
[2.234598] (odometry_pkg) StdoutLine: {'line': b'writing dependency_links to ../../build/odometry_pkg/odometry_pkg.egg-info/dependency_links.txt\n'}
[2.234754] (odometry_pkg) StdoutLine: {'line': b'writing entry points to ../../build/odometry_pkg/odometry_pkg.egg-info/entry_points.txt\n'}
[2.234824] (odometry_pkg) StdoutLine: {'line': b'writing requirements to ../../build/odometry_pkg/odometry_pkg.egg-info/requires.txt\n'}
[2.234931] (odometry_pkg) StdoutLine: {'line': b'writing top-level names to ../../build/odometry_pkg/odometry_pkg.egg-info/top_level.txt\n'}
[2.236975] (publisher_pkg) CommandEnded: {'returncode': 0}
[2.237631] (odometry_pkg) StdoutLine: {'line': b"reading manifest file '../../build/odometry_pkg/odometry_pkg.egg-info/SOURCES.txt'\n"}
[2.237916] (house_navigation_pkg) StdoutLine: {'line': b'Installing house_navigation script to /home/pochsathya/ros2_ws/install/house_navigation_pkg/lib/house_navigation_pkg\n'}
[2.238099] (odometry_pkg) StdoutLine: {'line': b"writing manifest file '../../build/odometry_pkg/odometry_pkg.egg-info/SOURCES.txt'\n"}
[2.238175] (house_navigation_pkg) StdoutLine: {'line': b"writing list of installed files to '/home/pochsathya/ros2_ws/build/house_navigation_pkg/install.log'\n"}
[2.238235] (odometry_pkg) StdoutLine: {'line': b'running build\n'}
[2.238294] (odometry_pkg) StdoutLine: {'line': b'running build_py\n'}
[2.238349] (odometry_pkg) StdoutLine: {'line': b'running install\n'}
[2.238408] (odometry_pkg) StdoutLine: {'line': b'running install_lib\n'}
[2.238831] (odometry_pkg) StdoutLine: {'line': b'running install_data\n'}
[2.238951] (odometry_pkg) StdoutLine: {'line': b'running install_egg_info\n'}
[2.240290] (odometry_pkg) StdoutLine: {'line': b"removing '/home/pochsathya/ros2_ws/install/odometry_pkg/lib/python3.10/site-packages/odometry_pkg-0.0.0-py3.10.egg-info' (and everything under it)\n"}
[2.240532] (odometry_pkg) StdoutLine: {'line': b'Copying ../../build/odometry_pkg/odometry_pkg.egg-info to /home/pochsathya/ros2_ws/install/odometry_pkg/lib/python3.10/site-packages/odometry_pkg-0.0.0-py3.10.egg-info\n'}
[2.241457] (odometry_pkg) StdoutLine: {'line': b'running install_scripts\n'}
[2.243065] (publisher_pkg) JobEnded: {'identifier': 'publisher_pkg', 'rc': 0}
[2.244327] (subscriber_pkg) CommandEnded: {'returncode': 0}
[2.250595] (subscriber_pkg) JobEnded: {'identifier': 'subscriber_pkg', 'rc': 0}
[2.250996] (my_first_pkg) CommandEnded: {'returncode': 0}
[2.255630] (odometry_pkg) StdoutLine: {'line': b'Installing odometry_subscriber script to /home/pochsathya/ros2_ws/install/odometry_pkg/lib/odometry_pkg\n'}
[2.255761] (odometry_pkg) StdoutLine: {'line': b"writing list of installed files to '/home/pochsathya/ros2_ws/build/odometry_pkg/install.log'\n"}
[2.256679] (my_first_pkg) JobEnded: {'identifier': 'my_first_pkg', 'rc': 0}
[2.257759] (house_navigation_pkg) CommandEnded: {'returncode': 0}
[2.264208] (house_navigation_pkg) JobEnded: {'identifier': 'house_navigation_pkg', 'rc': 0}
[2.274936] (odometry_pkg) CommandEnded: {'returncode': 0}
[2.279251] (odometry_pkg) JobEnded: {'identifier': 'odometry_pkg', 'rc': 0}
[2.281109] (example36_pkg) Command: {'cmd': ['/usr/bin/python3', '-W', 'ignore:setup.py install is deprecated', '-W', 'ignore:easy_install command is deprecated', 'setup.py', 'egg_info', '--egg-base', '../build/example36_pkg', 'build', '--build-base', '/home/pochsathya/ros2_ws/build/example36_pkg/build', 'install', '--record', '/home/pochsathya/ros2_ws/build/example36_pkg/install.log', '--single-version-externally-managed', 'install_data'], 'cwd': '/home/pochsathya/ros2_ws/example36_pkg', 'env': {'GJS_DEBUG_TOPICS': 'JS ERROR;JS LOG', 'PYTHON_BASIC_REPL': '1', 'LESSOPEN': '| /usr/bin/lesspipe %s', 'USER': 'pochsathya', 'FONTCONFIG_PATH': '/etc/fonts', 'GIO_MODULE_DIR': '/home/pochsathya/snap/code/common/.cache/gio-modules', 'XDG_SESSION_TYPE': 'wayland', 'GIT_ASKPASS': '/snap/code/230/usr/share/code/resources/app/extensions/git/dist/askpass.sh', 'GTK_EXE_PREFIX_VSCODE_SNAP_ORIG': '', 'GDK_BACKEND_VSCODE_SNAP_ORIG': '', 'SHLVL': '1', 'LD_LIBRARY_PATH': '/home/pochsathya/ros2_ws/install/custom_interfaces/lib:/usr/lib/x86_64-linux-gnu/gazebo-11/plugins:/opt/ros/humble/opt/rviz_ogre_vendor/lib:/opt/ros/humble/lib/x86_64-linux-gnu:/opt/ros/humble/lib', 'HOME': '/home/pochsathya', 'CHROME_DESKTOP': 'code.desktop', 'LOCPATH_VSCODE_SNAP_ORIG': '', 'TERM_PROGRAM_VERSION': '1.112.0', 'DESKTOP_SESSION': 'ubuntu', 'GTK_PATH': '/snap/code/230/usr/lib/x86_64-linux-gnu/gtk-3.0', 'NVM_BIN': '/home/pochsathya/.nvm/versions/node/v24.14.0/bin', 'NVM_INC': '/home/pochsathya/.nvm/versions/node/v24.14.0/include/node', 'XDG_DATA_HOME_VSCODE_SNAP_ORIG': '', 'GTK_IM_MODULE_FILE': '/home/pochsathya/snap/code/common/.cache/immodules/immodules.cache', 'GIO_LAUNCHED_DESKTOP_FILE': '/var/lib/snapd/desktop/applications/code_code.desktop', 'ROS_PYTHON_VERSION': '3', 'GNOME_SHELL_SESSION_MODE': 'ubuntu', 'GTK_MODULES': 'gail:atk-bridge', 'GSETTINGS_SCHEMA_DIR_VSCODE_SNAP_ORIG': '', 'VSCODE_GIT_ASKPASS_MAIN': '/snap/code/230/usr/share/code/resources/app/extensions/git/dist/askpass-main.js', 'VSCODE_GIT_ASKPASS_NODE': '/snap/code/230/usr/share/code/code', 'MANAGERPID': '1939', 'PYDEVD_DISABLE_FILE_VALIDATION': '1', 'SYSTEMD_EXEC_PID': '2110', 'BUNDLED_DEBUGPY_PATH': '/home/pochsathya/.vscode/extensions/ms-python.debugpy-2025.18.0-linux-x64/bundled/libs/debugpy', 'IM_CONFIG_CHECK_ENV': '1', 'VSCODE_PYTHON_AUTOACTIVATE_GUARD': '1', 'DBUS_SESSION_BUS_ADDRESS': 'unix:path=/run/user/1000/bus', 'COLORTERM': 'truecolor', 'GIO_LAUNCHED_DESKTOP_FILE_PID': '41595', 'NVM_DIR': '/home/pochsathya/.nvm', 'IM_CONFIG_PHASE': '1', 'WAYLAND_DISPLAY': 'wayland-0', 'COLCON_PREFIX_PATH': '/home/pochsathya/ros2_ws/install:/home/pochsathya/ros2_ws/src/house_navigation_pkg/house_navigation_pkg/install', 'ROS_DISTRO': 'humble', 'LOGNAME': 'pochsathya', 'JOURNAL_STREAM': '8:5723', '_': '/usr/bin/colcon', 'ROS_VERSION': '2', 'XDG_CONFIG_DIRS_VSCODE_SNAP_ORIG': '/etc/xdg/xdg-ubuntu:/etc/xdg', 'XDG_SESSION_CLASS': 'user', 'XDG_DATA_DIRS_VSCODE_SNAP_ORIG': '/usr/share/ubuntu:/usr/local/share/:/usr/share/:/var/lib/snapd/desktop', 'USERNAME': 'pochsathya', 'TERM': 'xterm-256color', 'GNOME_DESKTOP_SESSION_ID': 'this-is-deprecated', 'FC_FONTATIONS': '1', 'ROS_LOCALHOST_ONLY': '0', 'PATH': '/home/pochsathya/.config/Code/User/globalStorage/github.copilot-chat/debugCommand:/home/pochsathya/.config/Code/User/globalStorage/github.copilot-chat/copilotCli:/home/pochsathya/.local/bin:/home/pochsathya/.nvm/versions/node/v24.14.0/bin:/opt/ros/humble/bin:/home/pochsathya/.local/bin:/usr/local/sbin:/usr/local/bin:/usr/sbin:/usr/bin:/sbin:/bin:/usr/games:/usr/local/games:/snap/bin:/snap/bin:/home/pochsathya/.vscode/extensions/ms-python.debugpy-2025.18.0-linux-x64/bundled/scripts/noConfigScripts', 'SESSION_MANAGER': 'local/pochsathya-Legion-Pro-5-16IRX8:@/tmp/.ICE-unix/2081,unix/pochsathya-Legion-Pro-5-16IRX8:/tmp/.ICE-unix/2081', 'GTK_EXE_PREFIX': '/snap/code/230/usr', 'INVOCATION_ID': 'bec8f1b216d34278993222b7f454f91b', 'XDG_MENU_PREFIX': 'gnome-', 'GNOME_SETUP_DISPLAY': ':1', 'XDG_RUNTIME_DIR': '/run/user/1000', 'GDK_BACKEND': 'x11', 'DISPLAY': ':0', 'LOCPATH': '/snap/code/230/usr/lib/locale', 'VSCODE_DEBUGPY_ADAPTER_ENDPOINTS': '/home/pochsathya/.vscode/extensions/ms-python.debugpy-2025.18.0-linux-x64/.noConfigDebugAdapterEndpoints/endpoint-2afe878aa90fcd67.txt', 'LANG': 'en_US.UTF-8', 'XDG_CURRENT_DESKTOP': 'ubuntu:GNOME', 'PYTHONSTARTUP': '/home/pochsathya/.config/Code/User/workspaceStorage/f271fc560773b7ce7087c0335d36366c/ms-python.python/pythonrc.py', 'GIO_MODULE_DIR_VSCODE_SNAP_ORIG': '', 'XDG_DATA_HOME': '/home/pochsathya/snap/code/230/.local/share', 'XMODIFIERS': '@im=ibus', 'XDG_SESSION_DESKTOP': 'ubuntu', 'XAUTHORITY': '/run/user/1000/.mutter-Xwaylandauth.YFTWM3', 'LS_COLORS': 'rs=0:di=01;34:ln=01;36:mh=00:pi=40;33:so=01;35:do=01;35:bd=40;33;01:cd=40;33;01:or=40;31;01:mi=00:su=37;41:sg=30;43:ca=30;41:tw=30;42:ow=34;42:st=37;44:ex=01;32:*.tar=01;31:*.tgz=01;31:*.arc=01;31:*.arj=01;31:*.taz=01;31:*.lha=01;31:*.lz4=01;31:*.lzh=01;31:*.lzma=01;31:*.tlz=01;31:*.txz=01;31:*.tzo=01;31:*.t7z=01;31:*.zip=01;31:*.z=01;31:*.dz=01;31:*.gz=01;31:*.lrz=01;31:*.lz=01;31:*.lzo=01;31:*.xz=01;31:*.zst=01;31:*.tzst=01;31:*.bz2=01;31:*.bz=01;31:*.tbz=01;31:*.tbz2=01;31:*.tz=01;31:*.deb=01;31:*.rpm=01;31:*.jar=01;31:*.war=01;31:*.ear=01;31:*.sar=01;31:*.rar=01;31:*.alz=01;31:*.ace=01;31:*.zoo=01;31:*.cpio=01;31:*.7z=01;31:*.rz=01;31:*.cab=01;31:*.wim=01;31:*.swm=01;31:*.dwm=01;31:*.esd=01;31:*.jpg=01;35:*.jpeg=01;35:*.mjpg=01;35:*.mjpeg=01;35:*.gif=01;35:*.bmp=01;35:*.pbm=01;35:*.pgm=01;35:*.ppm=01;35:*.tga=01;35:*.xbm=01;35:*.xpm=01;35:*.tif=01;35:*.tiff=01;35:*.png=01;35:*.svg=01;35:*.svgz=01;35:*.mng=01;35:*.pcx=01;35:*.mov=01;35:*.mpg=01;35:*.mpeg=01;35:*.m2v=01;35:*.mkv=01;35:*.webm=01;35:*.webp=01;35:*.ogm=01;35:*.mp4=01;35:*.m4v=01;35:*.mp4v=01;35:*.vob=01;35:*.qt=01;35:*.nuv=01;35:*.wmv=01;35:*.asf=01;35:*.rm=01;35:*.rmvb=01;35:*.flc=01;35:*.avi=01;35:*.fli=01;35:*.flv=01;35:*.gl=01;35:*.dl=01;35:*.xcf=01;35:*.xwd=01;35:*.yuv=01;35:*.cgm=01;35:*.emf=01;35:*.ogv=01;35:*.ogx=01;35:*.aac=00;36:*.au=00;36:*.flac=00;36:*.m4a=00;36:*.mid=00;36:*.midi=00;36:*.mka=00;36:*.mp3=00;36:*.mpc=00;36:*.ogg=00;36:*.ra=00;36:*.wav=00;36:*.oga=00;36:*.opus=00;36:*.spx=00;36:*.xspf=00;36:', 'VSCODE_GIT_IPC_HANDLE': '/run/user/1000/vscode-git-8e822459fc.sock', 'TERM_PROGRAM': 'vscode', 'SSH_AGENT_LAUNCHER': 'gnome-keyring', 'SSH_AUTH_SOCK': '/run/user/1000/keyring/ssh', 'GSETTINGS_SCHEMA_DIR': '/home/pochsathya/snap/code/230/.local/share/glib-2.0/schemas', 'AMENT_PREFIX_PATH': '/home/pochsathya/ros2_ws/install/subscriber_pkg:/home/pochsathya/ros2_ws/install/publisher_pkg:/home/pochsathya/ros2_ws/install/odometry_pkg:/home/pochsathya/ros2_ws/install/my_first_pkg:/home/pochsathya/ros2_ws/install/house_navigation_pkg:/home/pochsathya/ros2_ws/install/example36_pkg:/home/pochsathya/ros2_ws/install/custom_interfaces:/opt/ros/humble', 'SHELL': '/bin/bash', 'QT_ACCESSIBILITY': '1', 'GDMSESSION': 'ubuntu', 'LESSCLOSE': '/usr/bin/lesspipe %s %s', 'GTK_PATH_VSCODE_SNAP_ORIG': '', 'FONTCONFIG_FILE': '/etc/fonts/fonts.conf', 'GTK_IM_MODULE_FILE_VSCODE_SNAP_ORIG': '', 'GJS_DEBUG_OUTPUT': 'stderr', 'VSCODE_GIT_ASKPASS_EXTRA_ARGS': '', 'QT_IM_MODULE': 'ibus', 'PWD': '/home/pochsathya/ros2_ws/build/example36_pkg', 'TURTLEBOT3_MODEL': 'burger', 'LC_ALL': 'en_US.UTF-8', 'XDG_CONFIG_DIRS': '/etc/xdg/xdg-ubuntu:/etc/xdg', 'NVM_CD_FLAGS': '', 'XDG_DATA_DIRS': '/home/pochsathya/snap/code/230/.local/share:/home/pochsathya/snap/code/230:/snap/code/230/usr/share:/usr/share/ubuntu:/usr/local/share/:/usr/share/:/var/lib/snapd/desktop', 'PYTHONPATH': '/home/pochsathya/ros2_ws/build/example36_pkg/prefix_override:/usr/lib/python3/dist-packages/colcon_core/task/python/colcon_distutils_commands:/home/pochsathya/ros2_ws/install/example36_pkg/lib/python3.10/site-packages:/home/pochsathya/ros2_ws/install/subscriber_pkg/lib/python3.10/site-packages:/home/pochsathya/ros2_ws/install/publisher_pkg/lib/python3.10/site-packages:/home/pochsathya/ros2_ws/install/odometry_pkg/lib/python3.10/site-packages:/home/pochsathya/ros2_ws/install/my_first_pkg/lib/python3.10/site-packages:/home/pochsathya/ros2_ws/install/house_navigation_pkg/lib/python3.10/site-packages:/home/pochsathya/ros2_ws/install/example36_pkg/lib/python3.10/site-packages:/home/pochsathya/ros2_ws/install/custom_interfaces/local/lib/python3.10/dist-packages:/opt/ros/humble/lib/python3.10/site-packages:/opt/ros/humble/local/lib/python3.10/dist-packages', 'COLCON': '1', 'CMAKE_PREFIX_PATH': '/home/pochsathya/ros2_ws/install/custom_interfaces'}, 'shell': False}
[2.310656] (-) TimerEvent: {}
[2.410975] (-) TimerEvent: {}
[2.478926] (example36_pkg) StdoutLine: {'line': b'running egg_info\n'}
[2.479346] (example36_pkg) StdoutLine: {'line': b'writing ../build/example36_pkg/example36_pkg.egg-info/PKG-INFO\n'}
[2.479509] (example36_pkg) StdoutLine: {'line': b'writing dependency_links to ../build/example36_pkg/example36_pkg.egg-info/dependency_links.txt\n'}
[2.479653] (example36_pkg) StdoutLine: {'line': b'writing entry points to ../build/example36_pkg/example36_pkg.egg-info/entry_points.txt\n'}
[2.479744] (example36_pkg) StdoutLine: {'line': b'writing requirements to ../build/example36_pkg/example36_pkg.egg-info/requires.txt\n'}
[2.479801] (example36_pkg) StdoutLine: {'line': b'writing top-level names to ../build/example36_pkg/example36_pkg.egg-info/top_level.txt\n'}
[2.481688] (example36_pkg) StdoutLine: {'line': b"reading manifest file '../build/example36_pkg/example36_pkg.egg-info/SOURCES.txt'\n"}
[2.482275] (example36_pkg) StdoutLine: {'line': b"writing manifest file '../build/example36_pkg/example36_pkg.egg-info/SOURCES.txt'\n"}
[2.482363] (example36_pkg) StdoutLine: {'line': b'running build\n'}
[2.482417] (example36_pkg) StdoutLine: {'line': b'running build_py\n'}
[2.482493] (example36_pkg) StdoutLine: {'line': b'running install\n'}
[2.482660] (example36_pkg) StdoutLine: {'line': b'running install_lib\n'}
[2.483382] (example36_pkg) StdoutLine: {'line': b'running install_data\n'}
[2.483505] (example36_pkg) StdoutLine: {'line': b'running install_egg_info\n'}
[2.484682] (example36_pkg) StdoutLine: {'line': b"removing '/home/pochsathya/ros2_ws/install/example36_pkg/lib/python3.10/site-packages/example36_pkg-0.0.0-py3.10.egg-info' (and everything under it)\n"}
[2.484853] (example36_pkg) StdoutLine: {'line': b'Copying ../build/example36_pkg/example36_pkg.egg-info to /home/pochsathya/ros2_ws/install/example36_pkg/lib/python3.10/site-packages/example36_pkg-0.0.0-py3.10.egg-info\n'}
[2.485169] (example36_pkg) StdoutLine: {'line': b'running install_scripts\n'}
[2.497281] (example36_pkg) StdoutLine: {'line': b'Installing example36 script to /home/pochsathya/ros2_ws/install/example36_pkg/lib/example36_pkg\n'}
[2.497529] (example36_pkg) StdoutLine: {'line': b"writing list of installed files to '/home/pochsathya/ros2_ws/build/example36_pkg/install.log'\n"}
[2.509047] (example36_pkg) CommandEnded: {'returncode': 0}
[2.511142] (-) TimerEvent: {}
[2.514282] (example36_pkg) JobEnded: {'identifier': 'example36_pkg', 'rc': 0}
[2.515032] (-) EventReactorShutdown: {}
