[0.000000] (-) TimerEvent: {}
[0.000683] (custom_interfaces) JobQueued: {'identifier': 'custom_interfaces', 'dependencies': OrderedDict()}
[0.000735] (house_navigation_pkg) JobQueued: {'identifier': 'house_navigation_pkg', 'dependencies': OrderedDict()}
[0.000771] (my_first_pkg) JobQueued: {'identifier': 'my_first_pkg', 'dependencies': OrderedDict()}
[0.000825] (odometry_pkg) JobQueued: {'identifier': 'odometry_pkg', 'dependencies': OrderedDict()}
[0.000841] (publisher_pkg) JobQueued: {'identifier': 'publisher_pkg', 'dependencies': OrderedDict()}
[0.000862] (subscriber_pkg) JobQueued: {'identifier': 'subscriber_pkg', 'dependencies': OrderedDict()}
[0.000889] (example36_pkg) JobQueued: {'identifier': 'example36_pkg', 'dependencies': OrderedDict([('custom_interfaces', '/home/pochsathya/ros2_ws/install/custom_interfaces')])}
[0.000941] (custom_interfaces) JobStarted: {'identifier': 'custom_interfaces'}
[0.004557] (house_navigation_pkg) JobStarted: {'identifier': 'house_navigation_pkg'}
[0.007025] (my_first_pkg) JobStarted: {'identifier': 'my_first_pkg'}
[0.009607] (odometry_pkg) JobStarted: {'identifier': 'odometry_pkg'}
[0.012555] (publisher_pkg) JobStarted: {'identifier': 'publisher_pkg'}
[0.014829] (subscriber_pkg) JobStarted: {'identifier': 'subscriber_pkg'}
[0.018648] (custom_interfaces) JobProgress: {'identifier': 'custom_interfaces', 'progress': 'cmake'}
[0.018969] (custom_interfaces) JobProgress: {'identifier': 'custom_interfaces', 'progress': 'build'}
[0.019584] (custom_interfaces) Command: {'cmd': ['/usr/bin/cmake', '--build', '/home/pochsathya/ros2_ws/build/custom_interfaces', '--', '-j32', '-l32'], 'cwd': '/home/pochsathya/ros2_ws/build/custom_interfaces', 'env': OrderedDict([('GJS_DEBUG_TOPICS', 'JS ERROR;JS LOG'), ('PYTHON_BASIC_REPL', '1'), ('LESSOPEN', '| /usr/bin/lesspipe %s'), ('USER', 'pochsathya'), ('FONTCONFIG_PATH', '/etc/fonts'), ('GIO_MODULE_DIR', '/home/pochsathya/snap/code/common/.cache/gio-modules'), ('XDG_SESSION_TYPE', 'wayland'), ('GIT_ASKPASS', '/snap/code/230/usr/share/code/resources/app/extensions/git/dist/askpass.sh'), ('GTK_EXE_PREFIX_VSCODE_SNAP_ORIG', ''), ('GDK_BACKEND_VSCODE_SNAP_ORIG', ''), ('SHLVL', '1'), ('LD_LIBRARY_PATH', '/home/pochsathya/ros2_ws/install/custom_interfaces/lib:/usr/lib/x86_64-linux-gnu/gazebo-11/plugins:/opt/ros/humble/opt/rviz_ogre_vendor/lib:/opt/ros/humble/lib/x86_64-linux-gnu:/opt/ros/humble/lib'), ('HOME', '/home/pochsathya'), ('CHROME_DESKTOP', 'code.desktop'), ('LOCPATH_VSCODE_SNAP_ORIG', ''), ('TERM_PROGRAM_VERSION', '1.112.0'), ('DESKTOP_SESSION', 'ubuntu'), ('GTK_PATH', '/snap/code/230/usr/lib/x86_64-linux-gnu/gtk-3.0'), ('NVM_BIN', '/home/pochsathya/.nvm/versions/node/v24.14.0/bin'), ('NVM_INC', '/home/pochsathya/.nvm/versions/node/v24.14.0/include/node'), ('XDG_DATA_HOME_VSCODE_SNAP_ORIG', ''), ('GTK_IM_MODULE_FILE', '/home/pochsathya/snap/code/common/.cache/immodules/immodules.cache'), ('GIO_LAUNCHED_DESKTOP_FILE', '/var/lib/snapd/desktop/applications/code_code.desktop'), ('ROS_PYTHON_VERSION', '3'), ('GNOME_SHELL_SESSION_MODE', 'ubuntu'), ('GTK_MODULES', 'gail:atk-bridge'), ('GSETTINGS_SCHEMA_DIR_VSCODE_SNAP_ORIG', ''), ('VSCODE_GIT_ASKPASS_MAIN', '/snap/code/230/usr/share/code/resources/app/extensions/git/dist/askpass-main.js'), ('VSCODE_GIT_ASKPASS_NODE', '/snap/code/230/usr/share/code/code'), ('MANAGERPID', '1939'), ('PYDEVD_DISABLE_FILE_VALIDATION', '1'), ('SYSTEMD_EXEC_PID', '2110'), ('BUNDLED_DEBUGPY_PATH', '/home/pochsathya/.vscode/extensions/ms-python.debugpy-2025.18.0-linux-x64/bundled/libs/debugpy'), ('IM_CONFIG_CHECK_ENV', '1'), ('VSCODE_PYTHON_AUTOACTIVATE_GUARD', '1'), ('DBUS_SESSION_BUS_ADDRESS', 'unix:path=/run/user/1000/bus'), ('COLORTERM', 'truecolor'), ('GIO_LAUNCHED_DESKTOP_FILE_PID', '41595'), ('NVM_DIR', '/home/pochsathya/.nvm'), ('IM_CONFIG_PHASE', '1'), ('WAYLAND_DISPLAY', 'wayland-0'), ('COLCON_PREFIX_PATH', '/home/pochsathya/ros2_ws/install:/home/pochsathya/ros2_ws/src/house_navigation_pkg/house_navigation_pkg/install'), ('ROS_DISTRO', 'humble'), ('LOGNAME', 'pochsathya'), ('JOURNAL_STREAM', '8:5723'), ('_', '/usr/bin/colcon'), ('ROS_VERSION', '2'), ('XDG_CONFIG_DIRS_VSCODE_SNAP_ORIG', '/etc/xdg/xdg-ubuntu:/etc/xdg'), ('XDG_SESSION_CLASS', 'user'), ('XDG_DATA_DIRS_VSCODE_SNAP_ORIG', '/usr/share/ubuntu:/usr/local/share/:/usr/share/:/var/lib/snapd/desktop'), ('USERNAME', 'pochsathya'), ('TERM', 'xterm-256color'), ('GNOME_DESKTOP_SESSION_ID', 'this-is-deprecated'), ('FC_FONTATIONS', '1'), ('ROS_LOCALHOST_ONLY', '0'), ('PATH', '/home/pochsathya/.config/Code/User/globalStorage/github.copilot-chat/debugCommand:/home/pochsathya/.config/Code/User/globalStorage/github.copilot-chat/copilotCli:/home/pochsathya/.local/bin:/home/pochsathya/.nvm/versions/node/v24.14.0/bin:/opt/ros/humble/bin:/home/pochsathya/.local/bin:/usr/local/sbin:/usr/local/bin:/usr/sbin:/usr/bin:/sbin:/bin:/usr/games:/usr/local/games:/snap/bin:/snap/bin:/home/pochsathya/.vscode/extensions/ms-python.debugpy-2025.18.0-linux-x64/bundled/scripts/noConfigScripts'), ('SESSION_MANAGER', 'local/pochsathya-Legion-Pro-5-16IRX8:@/tmp/.ICE-unix/2081,unix/pochsathya-Legion-Pro-5-16IRX8:/tmp/.ICE-unix/2081'), ('GTK_EXE_PREFIX', '/snap/code/230/usr'), ('INVOCATION_ID', 'bec8f1b216d34278993222b7f454f91b'), ('XDG_MENU_PREFIX', 'gnome-'), ('GNOME_SETUP_DISPLAY', ':1'), ('XDG_RUNTIME_DIR', '/run/user/1000'), ('GDK_BACKEND', 'x11'), ('DISPLAY', ':0'), ('LOCPATH', '/snap/code/230/usr/lib/locale'), ('VSCODE_DEBUGPY_ADAPTER_ENDPOINTS', '/home/pochsathya/.vscode/extensions/ms-python.debugpy-2025.18.0-linux-x64/.noConfigDebugAdapterEndpoints/endpoint-2afe878aa90fcd67.txt'), ('LANG', 'en_US.UTF-8'), ('XDG_CURRENT_DESKTOP', 'ubuntu:GNOME'), ('PYTHONSTARTUP', '/home/pochsathya/.config/Code/User/workspaceStorage/f271fc560773b7ce7087c0335d36366c/ms-python.python/pythonrc.py'), ('GIO_MODULE_DIR_VSCODE_SNAP_ORIG', ''), ('XDG_DATA_HOME', '/home/pochsathya/snap/code/230/.local/share'), ('XMODIFIERS', '@im=ibus'), ('XDG_SESSION_DESKTOP', 'ubuntu'), ('XAUTHORITY', '/run/user/1000/.mutter-Xwaylandauth.YFTWM3'), ('LS_COLORS', 'rs=0:di=01;34:ln=01;36:mh=00:pi=40;33:so=01;35:do=01;35:bd=40;33;01:cd=40;33;01:or=40;31;01:mi=00:su=37;41:sg=30;43:ca=30;41:tw=30;42:ow=34;42:st=37;44:ex=01;32:*.tar=01;31:*.tgz=01;31:*.arc=01;31:*.arj=01;31:*.taz=01;31:*.lha=01;31:*.lz4=01;31:*.lzh=01;31:*.lzma=01;31:*.tlz=01;31:*.txz=01;31:*.tzo=01;31:*.t7z=01;31:*.zip=01;31:*.z=01;31:*.dz=01;31:*.gz=01;31:*.lrz=01;31:*.lz=01;31:*.lzo=01;31:*.xz=01;31:*.zst=01;31:*.tzst=01;31:*.bz2=01;31:*.bz=01;31:*.tbz=01;31:*.tbz2=01;31:*.tz=01;31:*.deb=01;31:*.rpm=01;31:*.jar=01;31:*.war=01;31:*.ear=01;31:*.sar=01;31:*.rar=01;31:*.alz=01;31:*.ace=01;31:*.zoo=01;31:*.cpio=01;31:*.7z=01;31:*.rz=01;31:*.cab=01;31:*.wim=01;31:*.swm=01;31:*.dwm=01;31:*.esd=01;31:*.jpg=01;35:*.jpeg=01;35:*.mjpg=01;35:*.mjpeg=01;35:*.gif=01;35:*.bmp=01;35:*.pbm=01;35:*.pgm=01;35:*.ppm=01;35:*.tga=01;35:*.xbm=01;35:*.xpm=01;35:*.tif=01;35:*.tiff=01;35:*.png=01;35:*.svg=01;35:*.svgz=01;35:*.mng=01;35:*.pcx=01;35:*.mov=01;35:*.mpg=01;35:*.mpeg=01;35:*.m2v=01;35:*.mkv=01;35:*.webm=01;35:*.webp=01;35:*.ogm=01;35:*.mp4=01;35:*.m4v=01;35:*.mp4v=01;35:*.vob=01;35:*.qt=01;35:*.nuv=01;35:*.wmv=01;35:*.asf=01;35:*.rm=01;35:*.rmvb=01;35:*.flc=01;35:*.avi=01;35:*.fli=01;35:*.flv=01;35:*.gl=01;35:*.dl=01;35:*.xcf=01;35:*.xwd=01;35:*.yuv=01;35:*.cgm=01;35:*.emf=01;35:*.ogv=01;35:*.ogx=01;35:*.aac=00;36:*.au=00;36:*.flac=00;36:*.m4a=00;36:*.mid=00;36:*.midi=00;36:*.mka=00;36:*.mp3=00;36:*.mpc=00;36:*.ogg=00;36:*.ra=00;36:*.wav=00;36:*.oga=00;36:*.opus=00;36:*.spx=00;36:*.xspf=00;36:'), ('VSCODE_GIT_IPC_HANDLE', '/run/user/1000/vscode-git-8e822459fc.sock'), ('TERM_PROGRAM', 'vscode'), ('SSH_AGENT_LAUNCHER', 'gnome-keyring'), ('SSH_AUTH_SOCK', '/run/user/1000/keyring/ssh'), ('GSETTINGS_SCHEMA_DIR', '/home/pochsathya/snap/code/230/.local/share/glib-2.0/schemas'), ('AMENT_PREFIX_PATH', '/home/pochsathya/ros2_ws/install/subscriber_pkg:/home/pochsathya/ros2_ws/install/publisher_pkg:/home/pochsathya/ros2_ws/install/odometry_pkg:/home/pochsathya/ros2_ws/install/my_first_pkg:/home/pochsathya/ros2_ws/install/house_navigation_pkg:/home/pochsathya/ros2_ws/install/example36_pkg:/home/pochsathya/ros2_ws/install/custom_interfaces:/opt/ros/humble'), ('SHELL', '/bin/bash'), ('QT_ACCESSIBILITY', '1'), ('GDMSESSION', 'ubuntu'), ('LESSCLOSE', '/usr/bin/lesspipe %s %s'), ('GTK_PATH_VSCODE_SNAP_ORIG', ''), ('FONTCONFIG_FILE', '/etc/fonts/fonts.conf'), ('GTK_IM_MODULE_FILE_VSCODE_SNAP_ORIG', ''), ('GJS_DEBUG_OUTPUT', 'stderr'), ('VSCODE_GIT_ASKPASS_EXTRA_ARGS', ''), ('QT_IM_MODULE', 'ibus'), ('PWD', '/home/pochsathya/ros2_ws/build/custom_interfaces'), ('TURTLEBOT3_MODEL', 'burger'), ('LC_ALL', 'en_US.UTF-8'), ('XDG_CONFIG_DIRS', '/etc/xdg/xdg-ubuntu:/etc/xdg'), ('NVM_CD_FLAGS', ''), ('XDG_DATA_DIRS', '/home/pochsathya/snap/code/230/.local/share:/home/pochsathya/snap/code/230:/snap/code/230/usr/share:/usr/share/ubuntu:/usr/local/share/:/usr/share/:/var/lib/snapd/desktop'), ('PYTHONPATH', '/home/pochsathya/ros2_ws/install/subscriber_pkg/lib/python3.10/site-packages:/home/pochsathya/ros2_ws/install/publisher_pkg/lib/python3.10/site-packages:/home/pochsathya/ros2_ws/install/odometry_pkg/lib/python3.10/site-packages:/home/pochsathya/ros2_ws/install/my_first_pkg/lib/python3.10/site-packages:/home/pochsathya/ros2_ws/install/house_navigation_pkg/lib/python3.10/site-packages:/home/pochsathya/ros2_ws/install/example36_pkg/lib/python3.10/site-packages:/home/pochsathya/ros2_ws/install/custom_interfaces/local/lib/python3.10/dist-packages:/opt/ros/humble/lib/python3.10/site-packages:/opt/ros/humble/local/lib/python3.10/dist-packages'), ('COLCON', '1'), ('CMAKE_PREFIX_PATH', '/home/pochsathya/ros2_ws/install/custom_interfaces:/home/pochsathya/ros2_ws/install/subscriber_pkg:/home/pochsathya/ros2_ws/install/publisher_pkg:/home/pochsathya/ros2_ws/install/odometry_pkg:/home/pochsathya/ros2_ws/install/my_first_pkg:/home/pochsathya/ros2_ws/install/house_navigation_pkg:/home/pochsathya/ros2_ws/install/example36_pkg:/opt/ros/humble')]), 'shell': False}
[0.100006] (-) TimerEvent: {}
[0.200518] (-) TimerEvent: {}
[0.301045] (-) TimerEvent: {}
[0.401494] (-) TimerEvent: {}
[0.501978] (-) TimerEvent: {}
[0.602500] (-) TimerEvent: {}
[0.702983] (-) TimerEvent: {}
[0.803443] (-) TimerEvent: {}
[0.903902] (-) TimerEvent: {}
[1.004379] (-) TimerEvent: {}
[1.104961] (-) TimerEvent: {}
[1.205401] (-) TimerEvent: {}
[1.305941] (-) TimerEvent: {}
[1.406439] (-) TimerEvent: {}
[1.475630] (custom_interfaces) StdoutLine: {'line': b'[  3%] Built target custom_interfaces__cpp\n'}
[1.477848] (custom_interfaces) StdoutLine: {'line': b'[ 12%] Built target custom_interfaces__rosidl_generator_c\n'}
[1.479037] (custom_interfaces) StdoutLine: {'line': b'[ 12%] Built target ament_cmake_python_copy_custom_interfaces\n'}
[1.479193] (custom_interfaces) StdoutLine: {'line': b'[ 22%] Built target custom_interfaces__rosidl_typesupport_c\n'}
[1.479282] (custom_interfaces) StdoutLine: {'line': b'[ 32%] Built target custom_interfaces__rosidl_typesupport_introspection_c\n'}
[1.479374] (custom_interfaces) StdoutLine: {'line': b'[ 41%] Built target custom_interfaces__rosidl_typesupport_cpp\n'}
[1.479447] (custom_interfaces) StdoutLine: {'line': b'[ 51%] Built target custom_interfaces__rosidl_typesupport_introspection_cpp\n'}
[1.479517] (custom_interfaces) StdoutLine: {'line': b'[ 61%] Built target custom_interfaces__rosidl_typesupport_fastrtps_cpp\n'}
[1.479587] (custom_interfaces) StdoutLine: {'line': b'[ 70%] Built target custom_interfaces__rosidl_typesupport_fastrtps_c\n'}
[1.479657] (custom_interfaces) StdoutLine: {'line': b'[ 70%] Built target custom_interfaces\n'}
[1.479725] (custom_interfaces) StdoutLine: {'line': b'[ 74%] Built target custom_interfaces__py\n'}
[1.479794] (custom_interfaces) StdoutLine: {'line': b'[ 80%] Built target custom_interfaces__rosidl_generator_py\n'}
[1.479862] (custom_interfaces) StdoutLine: {'line': b'[ 93%] Built target custom_interfaces__rosidl_typesupport_fastrtps_c__pyext\n'}
[1.479937] (custom_interfaces) StdoutLine: {'line': b'[ 93%] Built target custom_interfaces__rosidl_typesupport_c__pyext\n'}
[1.480011] (custom_interfaces) StdoutLine: {'line': b'[100%] Built target custom_interfaces__rosidl_typesupport_introspection_c__pyext\n'}
[1.480081] (custom_interfaces) StdoutLine: {'line': b'running egg_info\n'}
[1.480168] (custom_interfaces) StdoutLine: {'line': b'writing custom_interfaces.egg-info/PKG-INFO\n'}
[1.480240] (custom_interfaces) StdoutLine: {'line': b'writing dependency_links to custom_interfaces.egg-info/dependency_links.txt\n'}
[1.480307] (custom_interfaces) StdoutLine: {'line': b'writing top-level names to custom_interfaces.egg-info/top_level.txt\n'}
[1.480371] (custom_interfaces) StdoutLine: {'line': b"reading manifest file 'custom_interfaces.egg-info/SOURCES.txt'\n"}
[1.480435] (custom_interfaces) StdoutLine: {'line': b"writing manifest file 'custom_interfaces.egg-info/SOURCES.txt'\n"}
[1.480502] (custom_interfaces) StdoutLine: {'line': b'[100%] Built target ament_cmake_python_build_custom_interfaces_egg\n'}
[1.506534] (-) TimerEvent: {}
[1.606853] (-) TimerEvent: {}
[1.707375] (-) TimerEvent: {}
[1.713333] (custom_interfaces) CommandEnded: {'returncode': 0}
[1.713821] (custom_interfaces) JobProgress: {'identifier': 'custom_interfaces', 'progress': 'install'}
[1.722563] (custom_interfaces) Command: {'cmd': ['/usr/bin/cmake', '--install', '/home/pochsathya/ros2_ws/build/custom_interfaces'], 'cwd': '/home/pochsathya/ros2_ws/build/custom_interfaces', 'env': OrderedDict([('GJS_DEBUG_TOPICS', 'JS ERROR;JS LOG'), ('PYTHON_BASIC_REPL', '1'), ('LESSOPEN', '| /usr/bin/lesspipe %s'), ('USER', 'pochsathya'), ('FONTCONFIG_PATH', '/etc/fonts'), ('GIO_MODULE_DIR', '/home/pochsathya/snap/code/common/.cache/gio-modules'), ('XDG_SESSION_TYPE', 'wayland'), ('GIT_ASKPASS', '/snap/code/230/usr/share/code/resources/app/extensions/git/dist/askpass.sh'), ('GTK_EXE_PREFIX_VSCODE_SNAP_ORIG', ''), ('GDK_BACKEND_VSCODE_SNAP_ORIG', ''), ('SHLVL', '1'), ('LD_LIBRARY_PATH', '/home/pochsathya/ros2_ws/install/custom_interfaces/lib:/usr/lib/x86_64-linux-gnu/gazebo-11/plugins:/opt/ros/humble/opt/rviz_ogre_vendor/lib:/opt/ros/humble/lib/x86_64-linux-gnu:/opt/ros/humble/lib'), ('HOME', '/home/pochsathya'), ('CHROME_DESKTOP', 'code.desktop'), ('LOCPATH_VSCODE_SNAP_ORIG', ''), ('TERM_PROGRAM_VERSION', '1.112.0'), ('DESKTOP_SESSION', 'ubuntu'), ('GTK_PATH', '/snap/code/230/usr/lib/x86_64-linux-gnu/gtk-3.0'), ('NVM_BIN', '/home/pochsathya/.nvm/versions/node/v24.14.0/bin'), ('NVM_INC', '/home/pochsathya/.nvm/versions/node/v24.14.0/include/node'), ('XDG_DATA_HOME_VSCODE_SNAP_ORIG', ''), ('GTK_IM_MODULE_FILE', '/home/pochsathya/snap/code/common/.cache/immodules/immodules.cache'), ('GIO_LAUNCHED_DESKTOP_FILE', '/var/lib/snapd/desktop/applications/code_code.desktop'), ('ROS_PYTHON_VERSION', '3'), ('GNOME_SHELL_SESSION_MODE', 'ubuntu'), ('GTK_MODULES', 'gail:atk-bridge'), ('GSETTINGS_SCHEMA_DIR_VSCODE_SNAP_ORIG', ''), ('VSCODE_GIT_ASKPASS_MAIN', '/snap/code/230/usr/share/code/resources/app/extensions/git/dist/askpass-main.js'), ('VSCODE_GIT_ASKPASS_NODE', '/snap/code/230/usr/share/code/code'), ('MANAGERPID', '1939'), ('PYDEVD_DISABLE_FILE_VALIDATION', '1'), ('SYSTEMD_EXEC_PID', '2110'), ('BUNDLED_DEBUGPY_PATH', '/home/pochsathya/.vscode/extensions/ms-python.debugpy-2025.18.0-linux-x64/bundled/libs/debugpy'), ('IM_CONFIG_CHECK_ENV', '1'), ('VSCODE_PYTHON_AUTOACTIVATE_GUARD', '1'), ('DBUS_SESSION_BUS_ADDRESS', 'unix:path=/run/user/1000/bus'), ('COLORTERM', 'truecolor'), ('GIO_LAUNCHED_DESKTOP_FILE_PID', '41595'), ('NVM_DIR', '/home/pochsathya/.nvm'), ('IM_CONFIG_PHASE', '1'), ('WAYLAND_DISPLAY', 'wayland-0'), ('COLCON_PREFIX_PATH', '/home/pochsathya/ros2_ws/install:/home/pochsathya/ros2_ws/src/house_navigation_pkg/house_navigation_pkg/install'), ('ROS_DISTRO', 'humble'), ('LOGNAME', 'pochsathya'), ('JOURNAL_STREAM', '8:5723'), ('_', '/usr/bin/colcon'), ('ROS_VERSION', '2'), ('XDG_CONFIG_DIRS_VSCODE_SNAP_ORIG', '/etc/xdg/xdg-ubuntu:/etc/xdg'), ('XDG_SESSION_CLASS', 'user'), ('XDG_DATA_DIRS_VSCODE_SNAP_ORIG', '/usr/share/ubuntu:/usr/local/share/:/usr/share/:/var/lib/snapd/desktop'), ('USERNAME', 'pochsathya'), ('TERM', 'xterm-256color'), ('GNOME_DESKTOP_SESSION_ID', 'this-is-deprecated'), ('FC_FONTATIONS', '1'), ('ROS_LOCALHOST_ONLY', '0'), ('PATH', '/home/pochsathya/.config/Code/User/globalStorage/github.copilot-chat/debugCommand:/home/pochsathya/.config/Code/User/globalStorage/github.copilot-chat/copilotCli:/home/pochsathya/.local/bin:/home/pochsathya/.nvm/versions/node/v24.14.0/bin:/opt/ros/humble/bin:/home/pochsathya/.local/bin:/usr/local/sbin:/usr/local/bin:/usr/sbin:/usr/bin:/sbin:/bin:/usr/games:/usr/local/games:/snap/bin:/snap/bin:/home/pochsathya/.vscode/extensions/ms-python.debugpy-2025.18.0-linux-x64/bundled/scripts/noConfigScripts'), ('SESSION_MANAGER', 'local/pochsathya-Legion-Pro-5-16IRX8:@/tmp/.ICE-unix/2081,unix/pochsathya-Legion-Pro-5-16IRX8:/tmp/.ICE-unix/2081'), ('GTK_EXE_PREFIX', '/snap/code/230/usr'), ('INVOCATION_ID', 'bec8f1b216d34278993222b7f454f91b'), ('XDG_MENU_PREFIX', 'gnome-'), ('GNOME_SETUP_DISPLAY', ':1'), ('XDG_RUNTIME_DIR', '/run/user/1000'), ('GDK_BACKEND', 'x11'), ('DISPLAY', ':0'), ('LOCPATH', '/snap/code/230/usr/lib/locale'), ('VSCODE_DEBUGPY_ADAPTER_ENDPOINTS', '/home/pochsathya/.vscode/extensions/ms-python.debugpy-2025.18.0-linux-x64/.noConfigDebugAdapterEndpoints/endpoint-2afe878aa90fcd67.txt'), ('LANG', 'en_US.UTF-8'), ('XDG_CURRENT_DESKTOP', 'ubuntu:GNOME'), ('PYTHONSTARTUP', '/home/pochsathya/.config/Code/User/workspaceStorage/f271fc560773b7ce7087c0335d36366c/ms-python.python/pythonrc.py'), ('GIO_MODULE_DIR_VSCODE_SNAP_ORIG', ''), ('XDG_DATA_HOME', '/home/pochsathya/snap/code/230/.local/share'), ('XMODIFIERS', '@im=ibus'), ('XDG_SESSION_DESKTOP', 'ubuntu'), ('XAUTHORITY', '/run/user/1000/.mutter-Xwaylandauth.YFTWM3'), ('LS_COLORS', 'rs=0:di=01;34:ln=01;36:mh=00:pi=40;33:so=01;35:do=01;35:bd=40;33;01:cd=40;33;01:or=40;31;01:mi=00:su=37;41:sg=30;43:ca=30;41:tw=30;42:ow=34;42:st=37;44:ex=01;32:*.tar=01;31:*.tgz=01;31:*.arc=01;31:*.arj=01;31:*.taz=01;31:*.lha=01;31:*.lz4=01;31:*.lzh=01;31:*.lzma=01;31:*.tlz=01;31:*.txz=01;31:*.tzo=01;31:*.t7z=01;31:*.zip=01;31:*.z=01;31:*.dz=01;31:*.gz=01;31:*.lrz=01;31:*.lz=01;31:*.lzo=01;31:*.xz=01;31:*.zst=01;31:*.tzst=01;31:*.bz2=01;31:*.bz=01;31:*.tbz=01;31:*.tbz2=01;31:*.tz=01;31:*.deb=01;31:*.rpm=01;31:*.jar=01;31:*.war=01;31:*.ear=01;31:*.sar=01;31:*.rar=01;31:*.alz=01;31:*.ace=01;31:*.zoo=01;31:*.cpio=01;31:*.7z=01;31:*.rz=01;31:*.cab=01;31:*.wim=01;31:*.swm=01;31:*.dwm=01;31:*.esd=01;31:*.jpg=01;35:*.jpeg=01;35:*.mjpg=01;35:*.mjpeg=01;35:*.gif=01;35:*.bmp=01;35:*.pbm=01;35:*.pgm=01;35:*.ppm=01;35:*.tga=01;35:*.xbm=01;35:*.xpm=01;35:*.tif=01;35:*.tiff=01;35:*.png=01;35:*.svg=01;35:*.svgz=01;35:*.mng=01;35:*.pcx=01;35:*.mov=01;35:*.mpg=01;35:*.mpeg=01;35:*.m2v=01;35:*.mkv=01;35:*.webm=01;35:*.webp=01;35:*.ogm=01;35:*.mp4=01;35:*.m4v=01;35:*.mp4v=01;35:*.vob=01;35:*.qt=01;35:*.nuv=01;35:*.wmv=01;35:*.asf=01;35:*.rm=01;35:*.rmvb=01;35:*.flc=01;35:*.avi=01;35:*.fli=01;35:*.flv=01;35:*.gl=01;35:*.dl=01;35:*.xcf=01;35:*.xwd=01;35:*.yuv=01;35:*.cgm=01;35:*.emf=01;35:*.ogv=01;35:*.ogx=01;35:*.aac=00;36:*.au=00;36:*.flac=00;36:*.m4a=00;36:*.mid=00;36:*.midi=00;36:*.mka=00;36:*.mp3=00;36:*.mpc=00;36:*.ogg=00;36:*.ra=00;36:*.wav=00;36:*.oga=00;36:*.opus=00;36:*.spx=00;36:*.xspf=00;36:'), ('VSCODE_GIT_IPC_HANDLE', '/run/user/1000/vscode-git-8e822459fc.sock'), ('TERM_PROGRAM', 'vscode'), ('SSH_AGENT_LAUNCHER', 'gnome-keyring'), ('SSH_AUTH_SOCK', '/run/user/1000/keyring/ssh'), ('GSETTINGS_SCHEMA_DIR', '/home/pochsathya/snap/code/230/.local/share/glib-2.0/schemas'), ('AMENT_PREFIX_PATH', '/home/pochsathya/ros2_ws/install/subscriber_pkg:/home/pochsathya/ros2_ws/install/publisher_pkg:/home/pochsathya/ros2_ws/install/odometry_pkg:/home/pochsathya/ros2_ws/install/my_first_pkg:/home/pochsathya/ros2_ws/install/house_navigation_pkg:/home/pochsathya/ros2_ws/install/example36_pkg:/home/pochsathya/ros2_ws/install/custom_interfaces:/opt/ros/humble'), ('SHELL', '/bin/bash'), ('QT_ACCESSIBILITY', '1'), ('GDMSESSION', 'ubuntu'), ('LESSCLOSE', '/usr/bin/lesspipe %s %s'), ('GTK_PATH_VSCODE_SNAP_ORIG', ''), ('FONTCONFIG_FILE', '/etc/fonts/fonts.conf'), ('GTK_IM_MODULE_FILE_VSCODE_SNAP_ORIG', ''), ('GJS_DEBUG_OUTPUT', 'stderr'), ('VSCODE_GIT_ASKPASS_EXTRA_ARGS', ''), ('QT_IM_MODULE', 'ibus'), ('PWD', '/home/pochsathya/ros2_ws/build/custom_interfaces'), ('TURTLEBOT3_MODEL', 'burger'), ('LC_ALL', 'en_US.UTF-8'), ('XDG_CONFIG_DIRS', '/etc/xdg/xdg-ubuntu:/etc/xdg'), ('NVM_CD_FLAGS', ''), ('XDG_DATA_DIRS', '/home/pochsathya/snap/code/230/.local/share:/home/pochsathya/snap/code/230:/snap/code/230/usr/share:/usr/share/ubuntu:/usr/local/share/:/usr/share/:/var/lib/snapd/desktop'), ('PYTHONPATH', '/home/pochsathya/ros2_ws/install/subscriber_pkg/lib/python3.10/site-packages:/home/pochsathya/ros2_ws/install/publisher_pkg/lib/python3.10/site-packages:/home/pochsathya/ros2_ws/install/odometry_pkg/lib/python3.10/site-packages:/home/pochsathya/ros2_ws/install/my_first_pkg/lib/python3.10/site-packages:/home/pochsathya/ros2_ws/install/house_navigation_pkg/lib/python3.10/site-packages:/home/pochsathya/ros2_ws/install/example36_pkg/lib/python3.10/site-packages:/home/pochsathya/ros2_ws/install/custom_interfaces/local/lib/python3.10/dist-packages:/opt/ros/humble/lib/python3.10/site-packages:/opt/ros/humble/local/lib/python3.10/dist-packages'), ('COLCON', '1'), ('CMAKE_PREFIX_PATH', '/home/pochsathya/ros2_ws/install/custom_interfaces:/home/pochsathya/ros2_ws/install/subscriber_pkg:/home/pochsathya/ros2_ws/install/publisher_pkg:/home/pochsathya/ros2_ws/install/odometry_pkg:/home/pochsathya/ros2_ws/install/my_first_pkg:/home/pochsathya/ros2_ws/install/house_navigation_pkg:/home/pochsathya/ros2_ws/install/example36_pkg:/opt/ros/humble')]), 'shell': False}
[1.736419] (custom_interfaces) StdoutLine: {'line': b'-- Install configuration: ""\n'}
[1.737635] (custom_interfaces) StdoutLine: {'line': b'-- Up-to-date: /home/pochsathya/ros2_ws/install/custom_interfaces/share/ament_index/resource_index/rosidl_interfaces/custom_interfaces\n'}
[1.737761] (custom_interfaces) StdoutLine: {'line': b'-- Up-to-date: /home/pochsathya/ros2_ws/install/custom_interfaces/include/custom_interfaces/custom_interfaces\n'}
[1.737836] (custom_interfaces) StdoutLine: {'line': b'-- Up-to-date: /home/pochsathya/ros2_ws/install/custom_interfaces/include/custom_interfaces/custom_interfaces/msg\n'}
[1.737915] (custom_interfaces) StdoutLine: {'line': b'-- Up-to-date: /home/pochsathya/ros2_ws/install/custom_interfaces/include/custom_interfaces/custom_interfaces/msg/age.h\n'}
[1.737989] (custom_interfaces) StdoutLine: {'line': b'-- Up-to-date: /home/pochsathya/ros2_ws/install/custom_interfaces/include/custom_interfaces/custom_interfaces/msg/rosidl_generator_c__visibility_control.h\n'}
[1.738056] (custom_interfaces) StdoutLine: {'line': b'-- Up-to-date: /home/pochsathya/ros2_ws/install/custom_interfaces/include/custom_interfaces/custom_interfaces/msg/detail\n'}
[1.738122] (custom_interfaces) StdoutLine: {'line': b'-- Up-to-date: /home/pochsathya/ros2_ws/install/custom_interfaces/include/custom_interfaces/custom_interfaces/msg/detail/age__struct.h\n'}
[1.738190] (custom_interfaces) StdoutLine: {'line': b'-- Up-to-date: /home/pochsathya/ros2_ws/install/custom_interfaces/include/custom_interfaces/custom_interfaces/msg/detail/age__functions.h\n'}
[1.738720] (custom_interfaces) StdoutLine: {'line': b'-- Up-to-date: /home/pochsathya/ros2_ws/install/custom_interfaces/include/custom_interfaces/custom_interfaces/msg/detail/age__type_support.h\n'}
[1.741213] (custom_interfaces) StdoutLine: {'line': b'-- Up-to-date: /home/pochsathya/ros2_ws/install/custom_interfaces/include/custom_interfaces/custom_interfaces/msg/detail/age__functions.c\n'}
[1.741993] (custom_interfaces) StdoutLine: {'line': b'-- Up-to-date: /home/pochsathya/ros2_ws/install/custom_interfaces/share/custom_interfaces/environment/library_path.sh\n'}
[1.743684] (custom_interfaces) StdoutLine: {'line': b'-- Up-to-date: /home/pochsathya/ros2_ws/install/custom_interfaces/share/custom_interfaces/environment/library_path.dsv\n'}
[1.744113] (custom_interfaces) StdoutLine: {'line': b'-- Up-to-date: /home/pochsathya/ros2_ws/install/custom_interfaces/lib/libcustom_interfaces__rosidl_generator_c.so\n'}
[1.744191] (custom_interfaces) StdoutLine: {'line': b'-- Up-to-date: /home/pochsathya/ros2_ws/install/custom_interfaces/include/custom_interfaces/custom_interfaces\n'}
[1.744256] (custom_interfaces) StdoutLine: {'line': b'-- Up-to-date: /home/pochsathya/ros2_ws/install/custom_interfaces/include/custom_interfaces/custom_interfaces/msg\n'}
[1.744350] (custom_interfaces) StdoutLine: {'line': b'-- Up-to-date: /home/pochsathya/ros2_ws/install/custom_interfaces/include/custom_interfaces/custom_interfaces/msg/rosidl_typesupport_fastrtps_c__visibility_control.h\n'}
[1.744415] (custom_interfaces) StdoutLine: {'line': b'-- Up-to-date: /home/pochsathya/ros2_ws/install/custom_interfaces/include/custom_interfaces/custom_interfaces/msg/detail\n'}
[1.744475] (custom_interfaces) StdoutLine: {'line': b'-- Up-to-date: /home/pochsathya/ros2_ws/install/custom_interfaces/include/custom_interfaces/custom_interfaces/msg/detail/age__rosidl_typesupport_fastrtps_c.h\n'}
[1.744536] (custom_interfaces) StdoutLine: {'line': b'-- Up-to-date: /home/pochsathya/ros2_ws/install/custom_interfaces/lib/libcustom_interfaces__rosidl_typesupport_fastrtps_c.so\n'}
[1.744597] (custom_interfaces) StdoutLine: {'line': b'-- Up-to-date: /home/pochsathya/ros2_ws/install/custom_interfaces/include/custom_interfaces/custom_interfaces\n'}
[1.744657] (custom_interfaces) StdoutLine: {'line': b'-- Up-to-date: /home/pochsathya/ros2_ws/install/custom_interfaces/include/custom_interfaces/custom_interfaces/msg\n'}
[1.744714] (custom_interfaces) StdoutLine: {'line': b'-- Up-to-date: /home/pochsathya/ros2_ws/install/custom_interfaces/include/custom_interfaces/custom_interfaces/msg/age.hpp\n'}
[1.744781] (custom_interfaces) StdoutLine: {'line': b'-- Up-to-date: /home/pochsathya/ros2_ws/install/custom_interfaces/include/custom_interfaces/custom_interfaces/msg/rosidl_generator_cpp__visibility_control.hpp\n'}
[1.744841] (custom_interfaces) StdoutLine: {'line': b'-- Up-to-date: /home/pochsathya/ros2_ws/install/custom_interfaces/include/custom_interfaces/custom_interfaces/msg/detail\n'}
[1.744914] (custom_interfaces) StdoutLine: {'line': b'-- Up-to-date: /home/pochsathya/ros2_ws/install/custom_interfaces/include/custom_interfaces/custom_interfaces/msg/detail/age__traits.hpp\n'}
[1.744974] (custom_interfaces) StdoutLine: {'line': b'-- Up-to-date: /home/pochsathya/ros2_ws/install/custom_interfaces/include/custom_interfaces/custom_interfaces/msg/detail/age__type_support.hpp\n'}
[1.745033] (custom_interfaces) StdoutLine: {'line': b'-- Up-to-date: /home/pochsathya/ros2_ws/install/custom_interfaces/include/custom_interfaces/custom_interfaces/msg/detail/age__struct.hpp\n'}
[1.745092] (custom_interfaces) StdoutLine: {'line': b'-- Up-to-date: /home/pochsathya/ros2_ws/install/custom_interfaces/include/custom_interfaces/custom_interfaces/msg/detail/age__builder.hpp\n'}
[1.745152] (custom_interfaces) StdoutLine: {'line': b'-- Up-to-date: /home/pochsathya/ros2_ws/install/custom_interfaces/include/custom_interfaces/custom_interfaces\n'}
[1.745213] (custom_interfaces) StdoutLine: {'line': b'-- Up-to-date: /home/pochsathya/ros2_ws/install/custom_interfaces/include/custom_interfaces/custom_interfaces/msg\n'}
[1.745270] (custom_interfaces) StdoutLine: {'line': b'-- Up-to-date: /home/pochsathya/ros2_ws/install/custom_interfaces/include/custom_interfaces/custom_interfaces/msg/rosidl_typesupport_fastrtps_cpp__visibility_control.h\n'}
[1.745326] (custom_interfaces) StdoutLine: {'line': b'-- Up-to-date: /home/pochsathya/ros2_ws/install/custom_interfaces/include/custom_interfaces/custom_interfaces/msg/detail\n'}
[1.745385] (custom_interfaces) StdoutLine: {'line': b'-- Up-to-date: /home/pochsathya/ros2_ws/install/custom_interfaces/include/custom_interfaces/custom_interfaces/msg/detail/dds_fastrtps\n'}
[1.745441] (custom_interfaces) StdoutLine: {'line': b'-- Up-to-date: /home/pochsathya/ros2_ws/install/custom_interfaces/include/custom_interfaces/custom_interfaces/msg/detail/age__rosidl_typesupport_fastrtps_cpp.hpp\n'}
[1.745499] (custom_interfaces) StdoutLine: {'line': b'-- Up-to-date: /home/pochsathya/ros2_ws/install/custom_interfaces/lib/libcustom_interfaces__rosidl_typesupport_fastrtps_cpp.so\n'}
[1.745557] (custom_interfaces) StdoutLine: {'line': b'-- Up-to-date: /home/pochsathya/ros2_ws/install/custom_interfaces/include/custom_interfaces/custom_interfaces\n'}
[1.745963] (custom_interfaces) StdoutLine: {'line': b'-- Up-to-date: /home/pochsathya/ros2_ws/install/custom_interfaces/include/custom_interfaces/custom_interfaces/msg\n'}
[1.746159] (custom_interfaces) StdoutLine: {'line': b'-- Up-to-date: /home/pochsathya/ros2_ws/install/custom_interfaces/include/custom_interfaces/custom_interfaces/msg/detail\n'}
[1.746233] (custom_interfaces) StdoutLine: {'line': b'-- Up-to-date: /home/pochsathya/ros2_ws/install/custom_interfaces/include/custom_interfaces/custom_interfaces/msg/detail/age__rosidl_typesupport_introspection_c.h\n'}
[1.746297] (custom_interfaces) StdoutLine: {'line': b'-- Up-to-date: /home/pochsathya/ros2_ws/install/custom_interfaces/include/custom_interfaces/custom_interfaces/msg/detail/age__type_support.c\n'}
[1.746359] (custom_interfaces) StdoutLine: {'line': b'-- Up-to-date: /home/pochsathya/ros2_ws/install/custom_interfaces/include/custom_interfaces/custom_interfaces/msg/rosidl_typesupport_introspection_c__visibility_control.h\n'}
[1.746419] (custom_interfaces) StdoutLine: {'line': b'-- Up-to-date: /home/pochsathya/ros2_ws/install/custom_interfaces/lib/libcustom_interfaces__rosidl_typesupport_introspection_c.so\n'}
[1.746492] (custom_interfaces) StdoutLine: {'line': b'-- Up-to-date: /home/pochsathya/ros2_ws/install/custom_interfaces/lib/libcustom_interfaces__rosidl_typesupport_c.so\n'}
[1.746551] (custom_interfaces) StdoutLine: {'line': b'-- Up-to-date: /home/pochsathya/ros2_ws/install/custom_interfaces/include/custom_interfaces/custom_interfaces\n'}
[1.746609] (custom_interfaces) StdoutLine: {'line': b'-- Up-to-date: /home/pochsathya/ros2_ws/install/custom_interfaces/include/custom_interfaces/custom_interfaces/msg\n'}
[1.746665] (custom_interfaces) StdoutLine: {'line': b'-- Up-to-date: /home/pochsathya/ros2_ws/install/custom_interfaces/include/custom_interfaces/custom_interfaces/msg/detail\n'}
[1.746722] (custom_interfaces) StdoutLine: {'line': b'-- Up-to-date: /home/pochsathya/ros2_ws/install/custom_interfaces/include/custom_interfaces/custom_interfaces/msg/detail/age__type_support.cpp\n'}
[1.746781] (custom_interfaces) StdoutLine: {'line': b'-- Up-to-date: /home/pochsathya/ros2_ws/install/custom_interfaces/include/custom_interfaces/custom_interfaces/msg/detail/age__rosidl_typesupport_introspection_cpp.hpp\n'}
[1.746839] (custom_interfaces) StdoutLine: {'line': b'-- Up-to-date: /home/pochsathya/ros2_ws/install/custom_interfaces/lib/libcustom_interfaces__rosidl_typesupport_introspection_cpp.so\n'}
[1.746905] (custom_interfaces) StdoutLine: {'line': b'-- Up-to-date: /home/pochsathya/ros2_ws/install/custom_interfaces/lib/libcustom_interfaces__rosidl_typesupport_cpp.so\n'}
[1.746964] (custom_interfaces) StdoutLine: {'line': b'-- Up-to-date: /home/pochsathya/ros2_ws/install/custom_interfaces/share/custom_interfaces/environment/pythonpath.sh\n'}
[1.747022] (custom_interfaces) StdoutLine: {'line': b'-- Up-to-date: /home/pochsathya/ros2_ws/install/custom_interfaces/share/custom_interfaces/environment/pythonpath.dsv\n'}
[1.747080] (custom_interfaces) StdoutLine: {'line': b'-- Up-to-date: /home/pochsathya/ros2_ws/install/custom_interfaces/local/lib/python3.10/dist-packages/custom_interfaces-0.0.0-py3.10.egg-info\n'}
[1.747164] (custom_interfaces) StdoutLine: {'line': b'-- Installing: /home/pochsathya/ros2_ws/install/custom_interfaces/local/lib/python3.10/dist-packages/custom_interfaces-0.0.0-py3.10.egg-info/PKG-INFO\n'}
[1.747222] (custom_interfaces) StdoutLine: {'line': b'-- Installing: /home/pochsathya/ros2_ws/install/custom_interfaces/local/lib/python3.10/dist-packages/custom_interfaces-0.0.0-py3.10.egg-info/dependency_links.txt\n'}
[1.747280] (custom_interfaces) StdoutLine: {'line': b'-- Installing: /home/pochsathya/ros2_ws/install/custom_interfaces/local/lib/python3.10/dist-packages/custom_interfaces-0.0.0-py3.10.egg-info/top_level.txt\n'}
[1.747336] (custom_interfaces) StdoutLine: {'line': b'-- Installing: /home/pochsathya/ros2_ws/install/custom_interfaces/local/lib/python3.10/dist-packages/custom_interfaces-0.0.0-py3.10.egg-info/SOURCES.txt\n'}
[1.748443] (custom_interfaces) StdoutLine: {'line': b'-- Up-to-date: /home/pochsathya/ros2_ws/install/custom_interfaces/local/lib/python3.10/dist-packages/custom_interfaces\n'}
[1.748630] (custom_interfaces) StdoutLine: {'line': b'-- Up-to-date: /home/pochsathya/ros2_ws/install/custom_interfaces/local/lib/python3.10/dist-packages/custom_interfaces/libcustom_interfaces__rosidl_generator_py.so\n'}
[1.748793] (custom_interfaces) StdoutLine: {'line': b'-- Up-to-date: /home/pochsathya/ros2_ws/install/custom_interfaces/local/lib/python3.10/dist-packages/custom_interfaces/custom_interfaces_s__rosidl_typesupport_introspection_c.cpython-310-x86_64-linux-gnu.so\n'}
[1.749709] (custom_interfaces) StdoutLine: {'line': b'-- Up-to-date: /home/pochsathya/ros2_ws/install/custom_interfaces/local/lib/python3.10/dist-packages/custom_interfaces/_custom_interfaces_s.ep.rosidl_typesupport_fastrtps_c.c\n'}
[1.749781] (custom_interfaces) StdoutLine: {'line': b'-- Up-to-date: /home/pochsathya/ros2_ws/install/custom_interfaces/local/lib/python3.10/dist-packages/custom_interfaces/__init__.py\n'}
[1.749836] (custom_interfaces) StdoutLine: {'line': b'-- Up-to-date: /home/pochsathya/ros2_ws/install/custom_interfaces/local/lib/python3.10/dist-packages/custom_interfaces/_custom_interfaces_s.ep.rosidl_typesupport_c.c\n'}
[1.749894] (custom_interfaces) StdoutLine: {'line': b'-- Up-to-date: /home/pochsathya/ros2_ws/install/custom_interfaces/local/lib/python3.10/dist-packages/custom_interfaces/_custom_interfaces_s.ep.rosidl_typesupport_introspection_c.c\n'}
[1.749953] (custom_interfaces) StdoutLine: {'line': b'-- Up-to-date: /home/pochsathya/ros2_ws/install/custom_interfaces/local/lib/python3.10/dist-packages/custom_interfaces/custom_interfaces_s__rosidl_typesupport_fastrtps_c.cpython-310-x86_64-linux-gnu.so\n'}
[1.750007] (custom_interfaces) StdoutLine: {'line': b'-- Up-to-date: /home/pochsathya/ros2_ws/install/custom_interfaces/local/lib/python3.10/dist-packages/custom_interfaces/msg\n'}
[1.750058] (custom_interfaces) StdoutLine: {'line': b'-- Up-to-date: /home/pochsathya/ros2_ws/install/custom_interfaces/local/lib/python3.10/dist-packages/custom_interfaces/msg/_age.py\n'}
[1.750109] (custom_interfaces) StdoutLine: {'line': b'-- Up-to-date: /home/pochsathya/ros2_ws/install/custom_interfaces/local/lib/python3.10/dist-packages/custom_interfaces/msg/__init__.py\n'}
[1.750162] (custom_interfaces) StdoutLine: {'line': b'-- Up-to-date: /home/pochsathya/ros2_ws/install/custom_interfaces/local/lib/python3.10/dist-packages/custom_interfaces/msg/_age_s.c\n'}
[1.750217] (custom_interfaces) StdoutLine: {'line': b'-- Up-to-date: /home/pochsathya/ros2_ws/install/custom_interfaces/local/lib/python3.10/dist-packages/custom_interfaces/custom_interfaces_s__rosidl_typesupport_c.cpython-310-x86_64-linux-gnu.so\n'}
[1.777977] (custom_interfaces) StdoutLine: {'line': b"Listing '/home/pochsathya/ros2_ws/install/custom_interfaces/local/lib/python3.10/dist-packages/custom_interfaces'...\n"}
[1.778124] (custom_interfaces) StdoutLine: {'line': b"Listing '/home/pochsathya/ros2_ws/install/custom_interfaces/local/lib/python3.10/dist-packages/custom_interfaces/msg'...\n"}
[1.781447] (custom_interfaces) StdoutLine: {'line': b'-- Up-to-date: /home/pochsathya/ros2_ws/install/custom_interfaces/local/lib/python3.10/dist-packages/custom_interfaces/custom_interfaces_s__rosidl_typesupport_fastrtps_c.cpython-310-x86_64-linux-gnu.so\n'}
[1.781606] (custom_interfaces) StdoutLine: {'line': b'-- Up-to-date: /home/pochsathya/ros2_ws/install/custom_interfaces/local/lib/python3.10/dist-packages/custom_interfaces/custom_interfaces_s__rosidl_typesupport_introspection_c.cpython-310-x86_64-linux-gnu.so\n'}
[1.781650] (custom_interfaces) StdoutLine: {'line': b'-- Up-to-date: /home/pochsathya/ros2_ws/install/custom_interfaces/local/lib/python3.10/dist-packages/custom_interfaces/custom_interfaces_s__rosidl_typesupport_c.cpython-310-x86_64-linux-gnu.so\n'}
[1.781729] (custom_interfaces) StdoutLine: {'line': b'-- Up-to-date: /home/pochsathya/ros2_ws/install/custom_interfaces/lib/libcustom_interfaces__rosidl_generator_py.so\n'}
[1.781838] (custom_interfaces) StdoutLine: {'line': b'-- Up-to-date: /home/pochsathya/ros2_ws/install/custom_interfaces/share/custom_interfaces/msg/Age.idl\n'}
[1.781889] (custom_interfaces) StdoutLine: {'line': b'-- Up-to-date: /home/pochsathya/ros2_ws/install/custom_interfaces/share/custom_interfaces/msg/Age.msg\n'}
[1.781959] (custom_interfaces) StdoutLine: {'line': b'-- Up-to-date: /home/pochsathya/ros2_ws/install/custom_interfaces/share/ament_index/resource_index/package_run_dependencies/custom_interfaces\n'}
[1.782031] (custom_interfaces) StdoutLine: {'line': b'-- Up-to-date: /home/pochsathya/ros2_ws/install/custom_interfaces/share/ament_index/resource_index/parent_prefix_path/custom_interfaces\n'}
[1.782071] (custom_interfaces) StdoutLine: {'line': b'-- Up-to-date: /home/pochsathya/ros2_ws/install/custom_interfaces/share/custom_interfaces/environment/ament_prefix_path.sh\n'}
[1.782106] (custom_interfaces) StdoutLine: {'line': b'-- Up-to-date: /home/pochsathya/ros2_ws/install/custom_interfaces/share/custom_interfaces/environment/ament_prefix_path.dsv\n'}
[1.782143] (custom_interfaces) StdoutLine: {'line': b'-- Up-to-date: /home/pochsathya/ros2_ws/install/custom_interfaces/share/custom_interfaces/environment/path.sh\n'}
[1.782179] (custom_interfaces) StdoutLine: {'line': b'-- Up-to-date: /home/pochsathya/ros2_ws/install/custom_interfaces/share/custom_interfaces/environment/path.dsv\n'}
[1.782240] (custom_interfaces) StdoutLine: {'line': b'-- Up-to-date: /home/pochsathya/ros2_ws/install/custom_interfaces/share/custom_interfaces/local_setup.bash\n'}
[1.782278] (custom_interfaces) StdoutLine: {'line': b'-- Up-to-date: /home/pochsathya/ros2_ws/install/custom_interfaces/share/custom_interfaces/local_setup.sh\n'}
[1.782342] (custom_interfaces) StdoutLine: {'line': b'-- Up-to-date: /home/pochsathya/ros2_ws/install/custom_interfaces/share/custom_interfaces/local_setup.zsh\n'}
[1.782378] (custom_interfaces) StdoutLine: {'line': b'-- Up-to-date: /home/pochsathya/ros2_ws/install/custom_interfaces/share/custom_interfaces/local_setup.dsv\n'}
[1.782413] (custom_interfaces) StdoutLine: {'line': b'-- Installing: /home/pochsathya/ros2_ws/install/custom_interfaces/share/custom_interfaces/package.dsv\n'}
[1.782446] (custom_interfaces) StdoutLine: {'line': b'-- Up-to-date: /home/pochsathya/ros2_ws/install/custom_interfaces/share/ament_index/resource_index/packages/custom_interfaces\n'}
[1.782514] (custom_interfaces) StdoutLine: {'line': b'-- Up-to-date: /home/pochsathya/ros2_ws/install/custom_interfaces/share/custom_interfaces/cmake/export_custom_interfaces__rosidl_generator_cExport.cmake\n'}
[1.782551] (custom_interfaces) StdoutLine: {'line': b'-- Up-to-date: /home/pochsathya/ros2_ws/install/custom_interfaces/share/custom_interfaces/cmake/export_custom_interfaces__rosidl_generator_cExport-noconfig.cmake\n'}
[1.782617] (custom_interfaces) StdoutLine: {'line': b'-- Up-to-date: /home/pochsathya/ros2_ws/install/custom_interfaces/share/custom_interfaces/cmake/export_custom_interfaces__rosidl_typesupport_fastrtps_cExport.cmake\n'}
[1.782671] (custom_interfaces) StdoutLine: {'line': b'-- Up-to-date: /home/pochsathya/ros2_ws/install/custom_interfaces/share/custom_interfaces/cmake/export_custom_interfaces__rosidl_typesupport_fastrtps_cExport-noconfig.cmake\n'}
[1.782709] (custom_interfaces) StdoutLine: {'line': b'-- Up-to-date: /home/pochsathya/ros2_ws/install/custom_interfaces/share/custom_interfaces/cmake/export_custom_interfaces__rosidl_generator_cppExport.cmake\n'}
[1.782783] (custom_interfaces) StdoutLine: {'line': b'-- Up-to-date: /home/pochsathya/ros2_ws/install/custom_interfaces/share/custom_interfaces/cmake/export_custom_interfaces__rosidl_typesupport_fastrtps_cppExport.cmake\n'}
[1.782819] (custom_interfaces) StdoutLine: {'line': b'-- Up-to-date: /home/pochsathya/ros2_ws/install/custom_interfaces/share/custom_interfaces/cmake/export_custom_interfaces__rosidl_typesupport_fastrtps_cppExport-noconfig.cmake\n'}
[1.782901] (custom_interfaces) StdoutLine: {'line': b'-- Up-to-date: /home/pochsathya/ros2_ws/install/custom_interfaces/share/custom_interfaces/cmake/custom_interfaces__rosidl_typesupport_introspection_cExport.cmake\n'}
[1.782942] (custom_interfaces) StdoutLine: {'line': b'-- Up-to-date: /home/pochsathya/ros2_ws/install/custom_interfaces/share/custom_interfaces/cmake/custom_interfaces__rosidl_typesupport_introspection_cExport-noconfig.cmake\n'}
[1.782976] (custom_interfaces) StdoutLine: {'line': b'-- Up-to-date: /home/pochsathya/ros2_ws/install/custom_interfaces/share/custom_interfaces/cmake/custom_interfaces__rosidl_typesupport_cExport.cmake\n'}
[1.783011] (custom_interfaces) StdoutLine: {'line': b'-- Up-to-date: /home/pochsathya/ros2_ws/install/custom_interfaces/share/custom_interfaces/cmake/custom_interfaces__rosidl_typesupport_cExport-noconfig.cmake\n'}
[1.783045] (custom_interfaces) StdoutLine: {'line': b'-- Up-to-date: /home/pochsathya/ros2_ws/install/custom_interfaces/share/custom_interfaces/cmake/custom_interfaces__rosidl_typesupport_introspection_cppExport.cmake\n'}
[1.783078] (custom_interfaces) StdoutLine: {'line': b'-- Up-to-date: /home/pochsathya/ros2_ws/install/custom_interfaces/share/custom_interfaces/cmake/custom_interfaces__rosidl_typesupport_introspection_cppExport-noconfig.cmake\n'}
[1.783111] (custom_interfaces) StdoutLine: {'line': b'-- Up-to-date: /home/pochsathya/ros2_ws/install/custom_interfaces/share/custom_interfaces/cmake/custom_interfaces__rosidl_typesupport_cppExport.cmake\n'}
[1.783167] (custom_interfaces) StdoutLine: {'line': b'-- Up-to-date: /home/pochsathya/ros2_ws/install/custom_interfaces/share/custom_interfaces/cmake/custom_interfaces__rosidl_typesupport_cppExport-noconfig.cmake\n'}
[1.783240] (custom_interfaces) StdoutLine: {'line': b'-- Up-to-date: /home/pochsathya/ros2_ws/install/custom_interfaces/share/custom_interfaces/cmake/export_custom_interfaces__rosidl_generator_pyExport.cmake\n'}
[1.783277] (custom_interfaces) StdoutLine: {'line': b'-- Up-to-date: /home/pochsathya/ros2_ws/install/custom_interfaces/share/custom_interfaces/cmake/export_custom_interfaces__rosidl_generator_pyExport-noconfig.cmake\n'}
[1.783311] (custom_interfaces) StdoutLine: {'line': b'-- Up-to-date: /home/pochsathya/ros2_ws/install/custom_interfaces/share/custom_interfaces/cmake/rosidl_cmake-extras.cmake\n'}
[1.783379] (custom_interfaces) StdoutLine: {'line': b'-- Up-to-date: /home/pochsathya/ros2_ws/install/custom_interfaces/share/custom_interfaces/cmake/ament_cmake_export_include_directories-extras.cmake\n'}
[1.783411] (custom_interfaces) StdoutLine: {'line': b'-- Up-to-date: /home/pochsathya/ros2_ws/install/custom_interfaces/share/custom_interfaces/cmake/ament_cmake_export_libraries-extras.cmake\n'}
[1.783441] (custom_interfaces) StdoutLine: {'line': b'-- Up-to-date: /home/pochsathya/ros2_ws/install/custom_interfaces/share/custom_interfaces/cmake/ament_cmake_export_targets-extras.cmake\n'}
[1.783471] (custom_interfaces) StdoutLine: {'line': b'-- Up-to-date: /home/pochsathya/ros2_ws/install/custom_interfaces/share/custom_interfaces/cmake/rosidl_cmake_export_typesupport_targets-extras.cmake\n'}
[1.783499] (custom_interfaces) StdoutLine: {'line': b'-- Up-to-date: /home/pochsathya/ros2_ws/install/custom_interfaces/share/custom_interfaces/cmake/ament_cmake_export_dependencies-extras.cmake\n'}
[1.783528] (custom_interfaces) StdoutLine: {'line': b'-- Up-to-date: /home/pochsathya/ros2_ws/install/custom_interfaces/share/custom_interfaces/cmake/rosidl_cmake_export_typesupport_libraries-extras.cmake\n'}
[1.783556] (custom_interfaces) StdoutLine: {'line': b'-- Up-to-date: /home/pochsathya/ros2_ws/install/custom_interfaces/share/custom_interfaces/cmake/custom_interfacesConfig.cmake\n'}
[1.783585] (custom_interfaces) StdoutLine: {'line': b'-- Up-to-date: /home/pochsathya/ros2_ws/install/custom_interfaces/share/custom_interfaces/cmake/custom_interfacesConfig-version.cmake\n'}
[1.783612] (custom_interfaces) StdoutLine: {'line': b'-- Up-to-date: /home/pochsathya/ros2_ws/install/custom_interfaces/share/custom_interfaces/package.xml\n'}
[1.785002] (custom_interfaces) CommandEnded: {'returncode': 0}
[1.799086] (custom_interfaces) JobEnded: {'identifier': 'custom_interfaces', 'rc': 0}
[1.799652] (example36_pkg) JobStarted: {'identifier': 'example36_pkg'}
[1.807481] (-) TimerEvent: {}
[1.907744] (-) TimerEvent: {}
[1.993213] (house_navigation_pkg) Command: {'cmd': ['/usr/bin/python3', '-W', 'ignore:setup.py install is deprecated', '-W', 'ignore:easy_install command is deprecated', 'setup.py', 'egg_info', '--egg-base', '../../build/house_navigation_pkg', 'build', '--build-base', '/home/pochsathya/ros2_ws/build/house_navigation_pkg/build', 'install', '--record', '/home/pochsathya/ros2_ws/build/house_navigation_pkg/install.log', '--single-version-externally-managed', 'install_data'], 'cwd': '/home/pochsathya/ros2_ws/src/house_navigation_pkg', 'env': {'GJS_DEBUG_TOPICS': 'JS ERROR;JS LOG', 'PYTHON_BASIC_REPL': '1', 'LESSOPEN': '| /usr/bin/lesspipe %s', 'USER': 'pochsathya', 'FONTCONFIG_PATH': '/etc/fonts', 'GIO_MODULE_DIR': '/home/pochsathya/snap/code/common/.cache/gio-modules', 'XDG_SESSION_TYPE': 'wayland', 'GIT_ASKPASS': '/snap/code/230/usr/share/code/resources/app/extensions/git/dist/askpass.sh', 'GTK_EXE_PREFIX_VSCODE_SNAP_ORIG': '', 'GDK_BACKEND_VSCODE_SNAP_ORIG': '', 'SHLVL': '1', 'LD_LIBRARY_PATH': '/home/pochsathya/ros2_ws/install/custom_interfaces/lib:/usr/lib/x86_64-linux-gnu/gazebo-11/plugins:/opt/ros/humble/opt/rviz_ogre_vendor/lib:/opt/ros/humble/lib/x86_64-linux-gnu:/opt/ros/humble/lib', 'HOME': '/home/pochsathya', 'CHROME_DESKTOP': 'code.desktop', 'LOCPATH_VSCODE_SNAP_ORIG': '', 'TERM_PROGRAM_VERSION': '1.112.0', 'DESKTOP_SESSION': 'ubuntu', 'GTK_PATH': '/snap/code/230/usr/lib/x86_64-linux-gnu/gtk-3.0', 'NVM_BIN': '/home/pochsathya/.nvm/versions/node/v24.14.0/bin', 'NVM_INC': '/home/pochsathya/.nvm/versions/node/v24.14.0/include/node', 'XDG_DATA_HOME_VSCODE_SNAP_ORIG': '', 'GTK_IM_MODULE_FILE': '/home/pochsathya/snap/code/common/.cache/immodules/immodules.cache', 'GIO_LAUNCHED_DESKTOP_FILE': '/var/lib/snapd/desktop/applications/code_code.desktop', 'ROS_PYTHON_VERSION': '3', 'GNOME_SHELL_SESSION_MODE': 'ubuntu', 'GTK_MODULES': 'gail:atk-bridge', 'GSETTINGS_SCHEMA_DIR_VSCODE_SNAP_ORIG': '', 'VSCODE_GIT_ASKPASS_MAIN': '/snap/code/230/usr/share/code/resources/app/extensions/git/dist/askpass-main.js', 'VSCODE_GIT_ASKPASS_NODE': '/snap/code/230/usr/share/code/code', 'MANAGERPID': '1939', 'PYDEVD_DISABLE_FILE_VALIDATION': '1', 'SYSTEMD_EXEC_PID': '2110', 'BUNDLED_DEBUGPY_PATH': '/home/pochsathya/.vscode/extensions/ms-python.debugpy-2025.18.0-linux-x64/bundled/libs/debugpy', 'IM_CONFIG_CHECK_ENV': '1', 'VSCODE_PYTHON_AUTOACTIVATE_GUARD': '1', 'DBUS_SESSION_BUS_ADDRESS': 'unix:path=/run/user/1000/bus', 'COLORTERM': 'truecolor', 'GIO_LAUNCHED_DESKTOP_FILE_PID': '41595', 'NVM_DIR': '/home/pochsathya/.nvm', 'IM_CONFIG_PHASE': '1', 'WAYLAND_DISPLAY': 'wayland-0', 'COLCON_PREFIX_PATH': '/home/pochsathya/ros2_ws/install:/home/pochsathya/ros2_ws/src/house_navigation_pkg/house_navigation_pkg/install', 'ROS_DISTRO': 'humble', 'LOGNAME': 'pochsathya', 'JOURNAL_STREAM': '8:5723', '_': '/usr/bin/colcon', 'ROS_VERSION': '2', 'XDG_CONFIG_DIRS_VSCODE_SNAP_ORIG': '/etc/xdg/xdg-ubuntu:/etc/xdg', 'XDG_SESSION_CLASS': 'user', 'XDG_DATA_DIRS_VSCODE_SNAP_ORIG': '/usr/share/ubuntu:/usr/local/share/:/usr/share/:/var/lib/snapd/desktop', 'USERNAME': 'pochsathya', 'TERM': 'xterm-256color', 'GNOME_DESKTOP_SESSION_ID': 'this-is-deprecated', 'FC_FONTATIONS': '1', 'ROS_LOCALHOST_ONLY': '0', 'PATH': '/home/pochsathya/.config/Code/User/globalStorage/github.copilot-chat/debugCommand:/home/pochsathya/.config/Code/User/globalStorage/github.copilot-chat/copilotCli:/home/pochsathya/.local/bin:/home/pochsathya/.nvm/versions/node/v24.14.0/bin:/opt/ros/humble/bin:/home/pochsathya/.local/bin:/usr/local/sbin:/usr/local/bin:/usr/sbin:/usr/bin:/sbin:/bin:/usr/games:/usr/local/games:/snap/bin:/snap/bin:/home/pochsathya/.vscode/extensions/ms-python.debugpy-2025.18.0-linux-x64/bundled/scripts/noConfigScripts', 'SESSION_MANAGER': 'local/pochsathya-Legion-Pro-5-16IRX8:@/tmp/.ICE-unix/2081,unix/pochsathya-Legion-Pro-5-16IRX8:/tmp/.ICE-unix/2081', 'GTK_EXE_PREFIX': '/snap/code/230/usr', 'INVOCATION_ID': 'bec8f1b216d34278993222b7f454f91b', 'XDG_MENU_PREFIX': 'gnome-', 'GNOME_SETUP_DISPLAY': ':1', 'XDG_RUNTIME_DIR': '/run/user/1000', 'GDK_BACKEND': 'x11', 'DISPLAY': ':0', 'LOCPATH': '/snap/code/230/usr/lib/locale', 'VSCODE_DEBUGPY_ADAPTER_ENDPOINTS': '/home/pochsathya/.vscode/extensions/ms-python.debugpy-2025.18.0-linux-x64/.noConfigDebugAdapterEndpoints/endpoint-2afe878aa90fcd67.txt', 'LANG': 'en_US.UTF-8', 'XDG_CURRENT_DESKTOP': 'ubuntu:GNOME', 'PYTHONSTARTUP': '/home/pochsathya/.config/Code/User/workspaceStorage/f271fc560773b7ce7087c0335d36366c/ms-python.python/pythonrc.py', 'GIO_MODULE_DIR_VSCODE_SNAP_ORIG': '', 'XDG_DATA_HOME': '/home/pochsathya/snap/code/230/.local/share', 'XMODIFIERS': '@im=ibus', 'XDG_SESSION_DESKTOP': 'ubuntu', 'XAUTHORITY': '/run/user/1000/.mutter-Xwaylandauth.YFTWM3', 'LS_COLORS': 'rs=0:di=01;34:ln=01;36:mh=00:pi=40;33:so=01;35:do=01;35:bd=40;33;01:cd=40;33;01:or=40;31;01:mi=00:su=37;41:sg=30;43:ca=30;41:tw=30;42:ow=34;42:st=37;44:ex=01;32:*.tar=01;31:*.tgz=01;31:*.arc=01;31:*.arj=01;31:*.taz=01;31:*.lha=01;31:*.lz4=01;31:*.lzh=01;31:*.lzma=01;31:*.tlz=01;31:*.txz=01;31:*.tzo=01;31:*.t7z=01;31:*.zip=01;31:*.z=01;31:*.dz=01;31:*.gz=01;31:*.lrz=01;31:*.lz=01;31:*.lzo=01;31:*.xz=01;31:*.zst=01;31:*.tzst=01;31:*.bz2=01;31:*.bz=01;31:*.tbz=01;31:*.tbz2=01;31:*.tz=01;31:*.deb=01;31:*.rpm=01;31:*.jar=01;31:*.war=01;31:*.ear=01;31:*.sar=01;31:*.rar=01;31:*.alz=01;31:*.ace=01;31:*.zoo=01;31:*.cpio=01;31:*.7z=01;31:*.rz=01;31:*.cab=01;31:*.wim=01;31:*.swm=01;31:*.dwm=01;31:*.esd=01;31:*.jpg=01;35:*.jpeg=01;35:*.mjpg=01;35:*.mjpeg=01;35:*.gif=01;35:*.bmp=01;35:*.pbm=01;35:*.pgm=01;35:*.ppm=01;35:*.tga=01;35:*.xbm=01;35:*.xpm=01;35:*.tif=01;35:*.tiff=01;35:*.png=01;35:*.svg=01;35:*.svgz=01;35:*.mng=01;35:*.pcx=01;35:*.mov=01;35:*.mpg=01;35:*.mpeg=01;35:*.m2v=01;35:*.mkv=01;35:*.webm=01;35:*.webp=01;35:*.ogm=01;35:*.mp4=01;35:*.m4v=01;35:*.mp4v=01;35:*.vob=01;35:*.qt=01;35:*.nuv=01;35:*.wmv=01;35:*.asf=01;35:*.rm=01;35:*.rmvb=01;35:*.flc=01;35:*.avi=01;35:*.fli=01;35:*.flv=01;35:*.gl=01;35:*.dl=01;35:*.xcf=01;35:*.xwd=01;35:*.yuv=01;35:*.cgm=01;35:*.emf=01;35:*.ogv=01;35:*.ogx=01;35:*.aac=00;36:*.au=00;36:*.flac=00;36:*.m4a=00;36:*.mid=00;36:*.midi=00;36:*.mka=00;36:*.mp3=00;36:*.mpc=00;36:*.ogg=00;36:*.ra=00;36:*.wav=00;36:*.oga=00;36:*.opus=00;36:*.spx=00;36:*.xspf=00;36:', 'VSCODE_GIT_IPC_HANDLE': '/run/user/1000/vscode-git-8e822459fc.sock', 'TERM_PROGRAM': 'vscode', 'SSH_AGENT_LAUNCHER': 'gnome-keyring', 'SSH_AUTH_SOCK': '/run/user/1000/keyring/ssh', 'GSETTINGS_SCHEMA_DIR': '/home/pochsathya/snap/code/230/.local/share/glib-2.0/schemas', 'AMENT_PREFIX_PATH': '/home/pochsathya/ros2_ws/install/subscriber_pkg:/home/pochsathya/ros2_ws/install/publisher_pkg:/home/pochsathya/ros2_ws/install/odometry_pkg:/home/pochsathya/ros2_ws/install/my_first_pkg:/home/pochsathya/ros2_ws/install/house_navigation_pkg:/home/pochsathya/ros2_ws/install/example36_pkg:/home/pochsathya/ros2_ws/install/custom_interfaces:/opt/ros/humble', 'SHELL': '/bin/bash', 'QT_ACCESSIBILITY': '1', 'GDMSESSION': 'ubuntu', 'LESSCLOSE': '/usr/bin/lesspipe %s %s', 'GTK_PATH_VSCODE_SNAP_ORIG': '', 'FONTCONFIG_FILE': '/etc/fonts/fonts.conf', 'GTK_IM_MODULE_FILE_VSCODE_SNAP_ORIG': '', 'GJS_DEBUG_OUTPUT': 'stderr', 'VSCODE_GIT_ASKPASS_EXTRA_ARGS': '', 'QT_IM_MODULE': 'ibus', 'PWD': '/home/pochsathya/ros2_ws/build/house_navigation_pkg', 'TURTLEBOT3_MODEL': 'burger', 'LC_ALL': 'en_US.UTF-8', 'XDG_CONFIG_DIRS': '/etc/xdg/xdg-ubuntu:/etc/xdg', 'NVM_CD_FLAGS': '', 'XDG_DATA_DIRS': '/home/pochsathya/snap/code/230/.local/share:/home/pochsathya/snap/code/230:/snap/code/230/usr/share:/usr/share/ubuntu:/usr/local/share/:/usr/share/:/var/lib/snapd/desktop', 'PYTHONPATH': '/home/pochsathya/ros2_ws/build/house_navigation_pkg/prefix_override:/usr/lib/python3/dist-packages/colcon_core/task/python/colcon_distutils_commands:/home/pochsathya/ros2_ws/install/house_navigation_pkg/lib/python3.10/site-packages:/home/pochsathya/ros2_ws/install/subscriber_pkg/lib/python3.10/site-packages:/home/pochsathya/ros2_ws/install/publisher_pkg/lib/python3.10/site-packages:/home/pochsathya/ros2_ws/install/odometry_pkg/lib/python3.10/site-packages:/home/pochsathya/ros2_ws/install/my_first_pkg/lib/python3.10/site-packages:/home/pochsathya/ros2_ws/install/house_navigation_pkg/lib/python3.10/site-packages:/home/pochsathya/ros2_ws/install/example36_pkg/lib/python3.10/site-packages:/home/pochsathya/ros2_ws/install/custom_interfaces/local/lib/python3.10/dist-packages:/opt/ros/humble/lib/python3.10/site-packages:/opt/ros/humble/local/lib/python3.10/dist-packages', 'COLCON': '1', 'CMAKE_PREFIX_PATH': '/home/pochsathya/ros2_ws/install/custom_interfaces'}, 'shell': False}
[1.995945] (odometry_pkg) Command: {'cmd': ['/usr/bin/python3', '-W', 'ignore:setup.py install is deprecated', '-W', 'ignore:easy_install command is deprecated', 'setup.py', 'egg_info', '--egg-base', '../../build/odometry_pkg', 'build', '--build-base', '/home/pochsathya/ros2_ws/build/odometry_pkg/build', 'install', '--record', '/home/pochsathya/ros2_ws/build/odometry_pkg/install.log', '--single-version-externally-managed', 'install_data'], 'cwd': '/home/pochsathya/ros2_ws/src/odometry_pkg', 'env': {'GJS_DEBUG_TOPICS': 'JS ERROR;JS LOG', 'PYTHON_BASIC_REPL': '1', 'LESSOPEN': '| /usr/bin/lesspipe %s', 'USER': 'pochsathya', 'FONTCONFIG_PATH': '/etc/fonts', 'GIO_MODULE_DIR': '/home/pochsathya/snap/code/common/.cache/gio-modules', 'XDG_SESSION_TYPE': 'wayland', 'GIT_ASKPASS': '/snap/code/230/usr/share/code/resources/app/extensions/git/dist/askpass.sh', 'GTK_EXE_PREFIX_VSCODE_SNAP_ORIG': '', 'GDK_BACKEND_VSCODE_SNAP_ORIG': '', 'SHLVL': '1', 'LD_LIBRARY_PATH': '/home/pochsathya/ros2_ws/install/custom_interfaces/lib:/usr/lib/x86_64-linux-gnu/gazebo-11/plugins:/opt/ros/humble/opt/rviz_ogre_vendor/lib:/opt/ros/humble/lib/x86_64-linux-gnu:/opt/ros/humble/lib', 'HOME': '/home/pochsathya', 'CHROME_DESKTOP': 'code.desktop', 'LOCPATH_VSCODE_SNAP_ORIG': '', 'TERM_PROGRAM_VERSION': '1.112.0', 'DESKTOP_SESSION': 'ubuntu', 'GTK_PATH': '/snap/code/230/usr/lib/x86_64-linux-gnu/gtk-3.0', 'NVM_BIN': '/home/pochsathya/.nvm/versions/node/v24.14.0/bin', 'NVM_INC': '/home/pochsathya/.nvm/versions/node/v24.14.0/include/node', 'XDG_DATA_HOME_VSCODE_SNAP_ORIG': '', 'GTK_IM_MODULE_FILE': '/home/pochsathya/snap/code/common/.cache/immodules/immodules.cache', 'GIO_LAUNCHED_DESKTOP_FILE': '/var/lib/snapd/desktop/applications/code_code.desktop', 'ROS_PYTHON_VERSION': '3', 'GNOME_SHELL_SESSION_MODE': 'ubuntu', 'GTK_MODULES': 'gail:atk-bridge', 'GSETTINGS_SCHEMA_DIR_VSCODE_SNAP_ORIG': '', 'VSCODE_GIT_ASKPASS_MAIN': '/snap/code/230/usr/share/code/resources/app/extensions/git/dist/askpass-main.js', 'VSCODE_GIT_ASKPASS_NODE': '/snap/code/230/usr/share/code/code', 'MANAGERPID': '1939', 'PYDEVD_DISABLE_FILE_VALIDATION': '1', 'SYSTEMD_EXEC_PID': '2110', 'BUNDLED_DEBUGPY_PATH': '/home/pochsathya/.vscode/extensions/ms-python.debugpy-2025.18.0-linux-x64/bundled/libs/debugpy', 'IM_CONFIG_CHECK_ENV': '1', 'VSCODE_PYTHON_AUTOACTIVATE_GUARD': '1', 'DBUS_SESSION_BUS_ADDRESS': 'unix:path=/run/user/1000/bus', 'COLORTERM': 'truecolor', 'GIO_LAUNCHED_DESKTOP_FILE_PID': '41595', 'NVM_DIR': '/home/pochsathya/.nvm', 'IM_CONFIG_PHASE': '1', 'WAYLAND_DISPLAY': 'wayland-0', 'COLCON_PREFIX_PATH': '/home/pochsathya/ros2_ws/install:/home/pochsathya/ros2_ws/src/house_navigation_pkg/house_navigation_pkg/install', 'ROS_DISTRO': 'humble', 'LOGNAME': 'pochsathya', 'JOURNAL_STREAM': '8:5723', '_': '/usr/bin/colcon', 'ROS_VERSION': '2', 'XDG_CONFIG_DIRS_VSCODE_SNAP_ORIG': '/etc/xdg/xdg-ubuntu:/etc/xdg', 'XDG_SESSION_CLASS': 'user', 'XDG_DATA_DIRS_VSCODE_SNAP_ORIG': '/usr/share/ubuntu:/usr/local/share/:/usr/share/:/var/lib/snapd/desktop', 'USERNAME': 'pochsathya', 'TERM': 'xterm-256color', 'GNOME_DESKTOP_SESSION_ID': 'this-is-deprecated', 'FC_FONTATIONS': '1', 'ROS_LOCALHOST_ONLY': '0', 'PATH': '/home/pochsathya/.config/Code/User/globalStorage/github.copilot-chat/debugCommand:/home/pochsathya/.config/Code/User/globalStorage/github.copilot-chat/copilotCli:/home/pochsathya/.local/bin:/home/pochsathya/.nvm/versions/node/v24.14.0/bin:/opt/ros/humble/bin:/home/pochsathya/.local/bin:/usr/local/sbin:/usr/local/bin:/usr/sbin:/usr/bin:/sbin:/bin:/usr/games:/usr/local/games:/snap/bin:/snap/bin:/home/pochsathya/.vscode/extensions/ms-python.debugpy-2025.18.0-linux-x64/bundled/scripts/noConfigScripts', 'SESSION_MANAGER': 'local/pochsathya-Legion-Pro-5-16IRX8:@/tmp/.ICE-unix/2081,unix/pochsathya-Legion-Pro-5-16IRX8:/tmp/.ICE-unix/2081', 'GTK_EXE_PREFIX': '/snap/code/230/usr', 'INVOCATION_ID': 'bec8f1b216d34278993222b7f454f91b', 'XDG_MENU_PREFIX': 'gnome-', 'GNOME_SETUP_DISPLAY': ':1', 'XDG_RUNTIME_DIR': '/run/user/1000', 'GDK_BACKEND': 'x11', 'DISPLAY': ':0', 'LOCPATH': '/snap/code/230/usr/lib/locale', 'VSCODE_DEBUGPY_ADAPTER_ENDPOINTS': '/home/pochsathya/.vscode/extensions/ms-python.debugpy-2025.18.0-linux-x64/.noConfigDebugAdapterEndpoints/endpoint-2afe878aa90fcd67.txt', 'LANG': 'en_US.UTF-8', 'XDG_CURRENT_DESKTOP': 'ubuntu:GNOME', 'PYTHONSTARTUP': '/home/pochsathya/.config/Code/User/workspaceStorage/f271fc560773b7ce7087c0335d36366c/ms-python.python/pythonrc.py', 'GIO_MODULE_DIR_VSCODE_SNAP_ORIG': '', 'XDG_DATA_HOME': '/home/pochsathya/snap/code/230/.local/share', 'XMODIFIERS': '@im=ibus', 'XDG_SESSION_DESKTOP': 'ubuntu', 'XAUTHORITY': '/run/user/1000/.mutter-Xwaylandauth.YFTWM3', 'LS_COLORS': 'rs=0:di=01;34:ln=01;36:mh=00:pi=40;33:so=01;35:do=01;35:bd=40;33;01:cd=40;33;01:or=40;31;01:mi=00:su=37;41:sg=30;43:ca=30;41:tw=30;42:ow=34;42:st=37;44:ex=01;32:*.tar=01;31:*.tgz=01;31:*.arc=01;31:*.arj=01;31:*.taz=01;31:*.lha=01;31:*.lz4=01;31:*.lzh=01;31:*.lzma=01;31:*.tlz=01;31:*.txz=01;31:*.tzo=01;31:*.t7z=01;31:*.zip=01;31:*.z=01;31:*.dz=01;31:*.gz=01;31:*.lrz=01;31:*.lz=01;31:*.lzo=01;31:*.xz=01;31:*.zst=01;31:*.tzst=01;31:*.bz2=01;31:*.bz=01;31:*.tbz=01;31:*.tbz2=01;31:*.tz=01;31:*.deb=01;31:*.rpm=01;31:*.jar=01;31:*.war=01;31:*.ear=01;31:*.sar=01;31:*.rar=01;31:*.alz=01;31:*.ace=01;31:*.zoo=01;31:*.cpio=01;31:*.7z=01;31:*.rz=01;31:*.cab=01;31:*.wim=01;31:*.swm=01;31:*.dwm=01;31:*.esd=01;31:*.jpg=01;35:*.jpeg=01;35:*.mjpg=01;35:*.mjpeg=01;35:*.gif=01;35:*.bmp=01;35:*.pbm=01;35:*.pgm=01;35:*.ppm=01;35:*.tga=01;35:*.xbm=01;35:*.xpm=01;35:*.tif=01;35:*.tiff=01;35:*.png=01;35:*.svg=01;35:*.svgz=01;35:*.mng=01;35:*.pcx=01;35:*.mov=01;35:*.mpg=01;35:*.mpeg=01;35:*.m2v=01;35:*.mkv=01;35:*.webm=01;35:*.webp=01;35:*.ogm=01;35:*.mp4=01;35:*.m4v=01;35:*.mp4v=01;35:*.vob=01;35:*.qt=01;35:*.nuv=01;35:*.wmv=01;35:*.asf=01;35:*.rm=01;35:*.rmvb=01;35:*.flc=01;35:*.avi=01;35:*.fli=01;35:*.flv=01;35:*.gl=01;35:*.dl=01;35:*.xcf=01;35:*.xwd=01;35:*.yuv=01;35:*.cgm=01;35:*.emf=01;35:*.ogv=01;35:*.ogx=01;35:*.aac=00;36:*.au=00;36:*.flac=00;36:*.m4a=00;36:*.mid=00;36:*.midi=00;36:*.mka=00;36:*.mp3=00;36:*.mpc=00;36:*.ogg=00;36:*.ra=00;36:*.wav=00;36:*.oga=00;36:*.opus=00;36:*.spx=00;36:*.xspf=00;36:', 'VSCODE_GIT_IPC_HANDLE': '/run/user/1000/vscode-git-8e822459fc.sock', 'TERM_PROGRAM': 'vscode', 'SSH_AGENT_LAUNCHER': 'gnome-keyring', 'SSH_AUTH_SOCK': '/run/user/1000/keyring/ssh', 'GSETTINGS_SCHEMA_DIR': '/home/pochsathya/snap/code/230/.local/share/glib-2.0/schemas', 'AMENT_PREFIX_PATH': '/home/pochsathya/ros2_ws/install/subscriber_pkg:/home/pochsathya/ros2_ws/install/publisher_pkg:/home/pochsathya/ros2_ws/install/odometry_pkg:/home/pochsathya/ros2_ws/install/my_first_pkg:/home/pochsathya/ros2_ws/install/house_navigation_pkg:/home/pochsathya/ros2_ws/install/example36_pkg:/home/pochsathya/ros2_ws/install/custom_interfaces:/opt/ros/humble', 'SHELL': '/bin/bash', 'QT_ACCESSIBILITY': '1', 'GDMSESSION': 'ubuntu', 'LESSCLOSE': '/usr/bin/lesspipe %s %s', 'GTK_PATH_VSCODE_SNAP_ORIG': '', 'FONTCONFIG_FILE': '/etc/fonts/fonts.conf', 'GTK_IM_MODULE_FILE_VSCODE_SNAP_ORIG': '', 'GJS_DEBUG_OUTPUT': 'stderr', 'VSCODE_GIT_ASKPASS_EXTRA_ARGS': '', 'QT_IM_MODULE': 'ibus', 'PWD': '/home/pochsathya/ros2_ws/build/odometry_pkg', 'TURTLEBOT3_MODEL': 'burger', 'LC_ALL': 'en_US.UTF-8', 'XDG_CONFIG_DIRS': '/etc/xdg/xdg-ubuntu:/etc/xdg', 'NVM_CD_FLAGS': '', 'XDG_DATA_DIRS': '/home/pochsathya/snap/code/230/.local/share:/home/pochsathya/snap/code/230:/snap/code/230/usr/share:/usr/share/ubuntu:/usr/local/share/:/usr/share/:/var/lib/snapd/desktop', 'PYTHONPATH': '/home/pochsathya/ros2_ws/build/odometry_pkg/prefix_override:/usr/lib/python3/dist-packages/colcon_core/task/python/colcon_distutils_commands:/home/pochsathya/ros2_ws/install/odometry_pkg/lib/python3.10/site-packages:/home/pochsathya/ros2_ws/install/subscriber_pkg/lib/python3.10/site-packages:/home/pochsathya/ros2_ws/install/publisher_pkg/lib/python3.10/site-packages:/home/pochsathya/ros2_ws/install/odometry_pkg/lib/python3.10/site-packages:/home/pochsathya/ros2_ws/install/my_first_pkg/lib/python3.10/site-packages:/home/pochsathya/ros2_ws/install/house_navigation_pkg/lib/python3.10/site-packages:/home/pochsathya/ros2_ws/install/example36_pkg/lib/python3.10/site-packages:/home/pochsathya/ros2_ws/install/custom_interfaces/local/lib/python3.10/dist-packages:/opt/ros/humble/lib/python3.10/site-packages:/opt/ros/humble/local/lib/python3.10/dist-packages', 'COLCON': '1', 'CMAKE_PREFIX_PATH': '/home/pochsathya/ros2_ws/install/custom_interfaces'}, 'shell': False}
[1.998805] (my_first_pkg) Command: {'cmd': ['/usr/bin/python3', '-W', 'ignore:setup.py install is deprecated', '-W', 'ignore:easy_install command is deprecated', 'setup.py', 'egg_info', '--egg-base', '../../build/my_first_pkg', 'build', '--build-base', '/home/pochsathya/ros2_ws/build/my_first_pkg/build', 'install', '--record', '/home/pochsathya/ros2_ws/build/my_first_pkg/install.log', '--single-version-externally-managed', 'install_data'], 'cwd': '/home/pochsathya/ros2_ws/src/my_first_pkg', 'env': {'GJS_DEBUG_TOPICS': 'JS ERROR;JS LOG', 'PYTHON_BASIC_REPL': '1', 'LESSOPEN': '| /usr/bin/lesspipe %s', 'USER': 'pochsathya', 'FONTCONFIG_PATH': '/etc/fonts', 'GIO_MODULE_DIR': '/home/pochsathya/snap/code/common/.cache/gio-modules', 'XDG_SESSION_TYPE': 'wayland', 'GIT_ASKPASS': '/snap/code/230/usr/share/code/resources/app/extensions/git/dist/askpass.sh', 'GTK_EXE_PREFIX_VSCODE_SNAP_ORIG': '', 'GDK_BACKEND_VSCODE_SNAP_ORIG': '', 'SHLVL': '1', 'LD_LIBRARY_PATH': '/home/pochsathya/ros2_ws/install/custom_interfaces/lib:/usr/lib/x86_64-linux-gnu/gazebo-11/plugins:/opt/ros/humble/opt/rviz_ogre_vendor/lib:/opt/ros/humble/lib/x86_64-linux-gnu:/opt/ros/humble/lib', 'HOME': '/home/pochsathya', 'CHROME_DESKTOP': 'code.desktop', 'LOCPATH_VSCODE_SNAP_ORIG': '', 'TERM_PROGRAM_VERSION': '1.112.0', 'DESKTOP_SESSION': 'ubuntu', 'GTK_PATH': '/snap/code/230/usr/lib/x86_64-linux-gnu/gtk-3.0', 'NVM_BIN': '/home/pochsathya/.nvm/versions/node/v24.14.0/bin', 'NVM_INC': '/home/pochsathya/.nvm/versions/node/v24.14.0/include/node', 'XDG_DATA_HOME_VSCODE_SNAP_ORIG': '', 'GTK_IM_MODULE_FILE': '/home/pochsathya/snap/code/common/.cache/immodules/immodules.cache', 'GIO_LAUNCHED_DESKTOP_FILE': '/var/lib/snapd/desktop/applications/code_code.desktop', 'ROS_PYTHON_VERSION': '3', 'GNOME_SHELL_SESSION_MODE': 'ubuntu', 'GTK_MODULES': 'gail:atk-bridge', 'GSETTINGS_SCHEMA_DIR_VSCODE_SNAP_ORIG': '', 'VSCODE_GIT_ASKPASS_MAIN': '/snap/code/230/usr/share/code/resources/app/extensions/git/dist/askpass-main.js', 'VSCODE_GIT_ASKPASS_NODE': '/snap/code/230/usr/share/code/code', 'MANAGERPID': '1939', 'PYDEVD_DISABLE_FILE_VALIDATION': '1', 'SYSTEMD_EXEC_PID': '2110', 'BUNDLED_DEBUGPY_PATH': '/home/pochsathya/.vscode/extensions/ms-python.debugpy-2025.18.0-linux-x64/bundled/libs/debugpy', 'IM_CONFIG_CHECK_ENV': '1', 'VSCODE_PYTHON_AUTOACTIVATE_GUARD': '1', 'DBUS_SESSION_BUS_ADDRESS': 'unix:path=/run/user/1000/bus', 'COLORTERM': 'truecolor', 'GIO_LAUNCHED_DESKTOP_FILE_PID': '41595', 'NVM_DIR': '/home/pochsathya/.nvm', 'IM_CONFIG_PHASE': '1', 'WAYLAND_DISPLAY': 'wayland-0', 'COLCON_PREFIX_PATH': '/home/pochsathya/ros2_ws/install:/home/pochsathya/ros2_ws/src/house_navigation_pkg/house_navigation_pkg/install', 'ROS_DISTRO': 'humble', 'LOGNAME': 'pochsathya', 'JOURNAL_STREAM': '8:5723', '_': '/usr/bin/colcon', 'ROS_VERSION': '2', 'XDG_CONFIG_DIRS_VSCODE_SNAP_ORIG': '/etc/xdg/xdg-ubuntu:/etc/xdg', 'XDG_SESSION_CLASS': 'user', 'XDG_DATA_DIRS_VSCODE_SNAP_ORIG': '/usr/share/ubuntu:/usr/local/share/:/usr/share/:/var/lib/snapd/desktop', 'USERNAME': 'pochsathya', 'TERM': 'xterm-256color', 'GNOME_DESKTOP_SESSION_ID': 'this-is-deprecated', 'FC_FONTATIONS': '1', 'ROS_LOCALHOST_ONLY': '0', 'PATH': '/home/pochsathya/.config/Code/User/globalStorage/github.copilot-chat/debugCommand:/home/pochsathya/.config/Code/User/globalStorage/github.copilot-chat/copilotCli:/home/pochsathya/.local/bin:/home/pochsathya/.nvm/versions/node/v24.14.0/bin:/opt/ros/humble/bin:/home/pochsathya/.local/bin:/usr/local/sbin:/usr/local/bin:/usr/sbin:/usr/bin:/sbin:/bin:/usr/games:/usr/local/games:/snap/bin:/snap/bin:/home/pochsathya/.vscode/extensions/ms-python.debugpy-2025.18.0-linux-x64/bundled/scripts/noConfigScripts', 'SESSION_MANAGER': 'local/pochsathya-Legion-Pro-5-16IRX8:@/tmp/.ICE-unix/2081,unix/pochsathya-Legion-Pro-5-16IRX8:/tmp/.ICE-unix/2081', 'GTK_EXE_PREFIX': '/snap/code/230/usr', 'INVOCATION_ID': 'bec8f1b216d34278993222b7f454f91b', 'XDG_MENU_PREFIX': 'gnome-', 'GNOME_SETUP_DISPLAY': ':1', 'XDG_RUNTIME_DIR': '/run/user/1000', 'GDK_BACKEND': 'x11', 'DISPLAY': ':0', 'LOCPATH': '/snap/code/230/usr/lib/locale', 'VSCODE_DEBUGPY_ADAPTER_ENDPOINTS': '/home/pochsathya/.vscode/extensions/ms-python.debugpy-2025.18.0-linux-x64/.noConfigDebugAdapterEndpoints/endpoint-2afe878aa90fcd67.txt', 'LANG': 'en_US.UTF-8', 'XDG_CURRENT_DESKTOP': 'ubuntu:GNOME', 'PYTHONSTARTUP': '/home/pochsathya/.config/Code/User/workspaceStorage/f271fc560773b7ce7087c0335d36366c/ms-python.python/pythonrc.py', 'GIO_MODULE_DIR_VSCODE_SNAP_ORIG': '', 'XDG_DATA_HOME': '/home/pochsathya/snap/code/230/.local/share', 'XMODIFIERS': '@im=ibus', 'XDG_SESSION_DESKTOP': 'ubuntu', 'XAUTHORITY': '/run/user/1000/.mutter-Xwaylandauth.YFTWM3', 'LS_COLORS': 'rs=0:di=01;34:ln=01;36:mh=00:pi=40;33:so=01;35:do=01;35:bd=40;33;01:cd=40;33;01:or=40;31;01:mi=00:su=37;41:sg=30;43:ca=30;41:tw=30;42:ow=34;42:st=37;44:ex=01;32:*.tar=01;31:*.tgz=01;31:*.arc=01;31:*.arj=01;31:*.taz=01;31:*.lha=01;31:*.lz4=01;31:*.lzh=01;31:*.lzma=01;31:*.tlz=01;31:*.txz=01;31:*.tzo=01;31:*.t7z=01;31:*.zip=01;31:*.z=01;31:*.dz=01;31:*.gz=01;31:*.lrz=01;31:*.lz=01;31:*.lzo=01;31:*.xz=01;31:*.zst=01;31:*.tzst=01;31:*.bz2=01;31:*.bz=01;31:*.tbz=01;31:*.tbz2=01;31:*.tz=01;31:*.deb=01;31:*.rpm=01;31:*.jar=01;31:*.war=01;31:*.ear=01;31:*.sar=01;31:*.rar=01;31:*.alz=01;31:*.ace=01;31:*.zoo=01;31:*.cpio=01;31:*.7z=01;31:*.rz=01;31:*.cab=01;31:*.wim=01;31:*.swm=01;31:*.dwm=01;31:*.esd=01;31:*.jpg=01;35:*.jpeg=01;35:*.mjpg=01;35:*.mjpeg=01;35:*.gif=01;35:*.bmp=01;35:*.pbm=01;35:*.pgm=01;35:*.ppm=01;35:*.tga=01;35:*.xbm=01;35:*.xpm=01;35:*.tif=01;35:*.tiff=01;35:*.png=01;35:*.svg=01;35:*.svgz=01;35:*.mng=01;35:*.pcx=01;35:*.mov=01;35:*.mpg=01;35:*.mpeg=01;35:*.m2v=01;35:*.mkv=01;35:*.webm=01;35:*.webp=01;35:*.ogm=01;35:*.mp4=01;35:*.m4v=01;35:*.mp4v=01;35:*.vob=01;35:*.qt=01;35:*.nuv=01;35:*.wmv=01;35:*.asf=01;35:*.rm=01;35:*.rmvb=01;35:*.flc=01;35:*.avi=01;35:*.fli=01;35:*.flv=01;35:*.gl=01;35:*.dl=01;35:*.xcf=01;35:*.xwd=01;35:*.yuv=01;35:*.cgm=01;35:*.emf=01;35:*.ogv=01;35:*.ogx=01;35:*.aac=00;36:*.au=00;36:*.flac=00;36:*.m4a=00;36:*.mid=00;36:*.midi=00;36:*.mka=00;36:*.mp3=00;36:*.mpc=00;36:*.ogg=00;36:*.ra=00;36:*.wav=00;36:*.oga=00;36:*.opus=00;36:*.spx=00;36:*.xspf=00;36:', 'VSCODE_GIT_IPC_HANDLE': '/run/user/1000/vscode-git-8e822459fc.sock', 'TERM_PROGRAM': 'vscode', 'SSH_AGENT_LAUNCHER': 'gnome-keyring', 'SSH_AUTH_SOCK': '/run/user/1000/keyring/ssh', 'GSETTINGS_SCHEMA_DIR': '/home/pochsathya/snap/code/230/.local/share/glib-2.0/schemas', 'AMENT_PREFIX_PATH': '/home/pochsathya/ros2_ws/install/subscriber_pkg:/home/pochsathya/ros2_ws/install/publisher_pkg:/home/pochsathya/ros2_ws/install/odometry_pkg:/home/pochsathya/ros2_ws/install/my_first_pkg:/home/pochsathya/ros2_ws/install/house_navigation_pkg:/home/pochsathya/ros2_ws/install/example36_pkg:/home/pochsathya/ros2_ws/install/custom_interfaces:/opt/ros/humble', 'SHELL': '/bin/bash', 'QT_ACCESSIBILITY': '1', 'GDMSESSION': 'ubuntu', 'LESSCLOSE': '/usr/bin/lesspipe %s %s', 'GTK_PATH_VSCODE_SNAP_ORIG': '', 'FONTCONFIG_FILE': '/etc/fonts/fonts.conf', 'GTK_IM_MODULE_FILE_VSCODE_SNAP_ORIG': '', 'GJS_DEBUG_OUTPUT': 'stderr', 'VSCODE_GIT_ASKPASS_EXTRA_ARGS': '', 'QT_IM_MODULE': 'ibus', 'PWD': '/home/pochsathya/ros2_ws/build/my_first_pkg', 'TURTLEBOT3_MODEL': 'burger', 'LC_ALL': 'en_US.UTF-8', 'XDG_CONFIG_DIRS': '/etc/xdg/xdg-ubuntu:/etc/xdg', 'NVM_CD_FLAGS': '', 'XDG_DATA_DIRS': '/home/pochsathya/snap/code/230/.local/share:/home/pochsathya/snap/code/230:/snap/code/230/usr/share:/usr/share/ubuntu:/usr/local/share/:/usr/share/:/var/lib/snapd/desktop', 'PYTHONPATH': '/home/pochsathya/ros2_ws/build/my_first_pkg/prefix_override:/usr/lib/python3/dist-packages/colcon_core/task/python/colcon_distutils_commands:/home/pochsathya/ros2_ws/install/my_first_pkg/lib/python3.10/site-packages:/home/pochsathya/ros2_ws/install/subscriber_pkg/lib/python3.10/site-packages:/home/pochsathya/ros2_ws/install/publisher_pkg/lib/python3.10/site-packages:/home/pochsathya/ros2_ws/install/odometry_pkg/lib/python3.10/site-packages:/home/pochsathya/ros2_ws/install/my_first_pkg/lib/python3.10/site-packages:/home/pochsathya/ros2_ws/install/house_navigation_pkg/lib/python3.10/site-packages:/home/pochsathya/ros2_ws/install/example36_pkg/lib/python3.10/site-packages:/home/pochsathya/ros2_ws/install/custom_interfaces/local/lib/python3.10/dist-packages:/opt/ros/humble/lib/python3.10/site-packages:/opt/ros/humble/local/lib/python3.10/dist-packages', 'COLCON': '1', 'CMAKE_PREFIX_PATH': '/home/pochsathya/ros2_ws/install/custom_interfaces'}, 'shell': False}
[2.000380] (subscriber_pkg) Command: {'cmd': ['/usr/bin/python3', '-W', 'ignore:setup.py install is deprecated', '-W', 'ignore:easy_install command is deprecated', 'setup.py', 'egg_info', '--egg-base', '../../build/subscriber_pkg', 'build', '--build-base', '/home/pochsathya/ros2_ws/build/subscriber_pkg/build', 'install', '--record', '/home/pochsathya/ros2_ws/build/subscriber_pkg/install.log', '--single-version-externally-managed', 'install_data'], 'cwd': '/home/pochsathya/ros2_ws/src/subscriber_pkg', 'env': {'GJS_DEBUG_TOPICS': 'JS ERROR;JS LOG', 'PYTHON_BASIC_REPL': '1', 'LESSOPEN': '| /usr/bin/lesspipe %s', 'USER': 'pochsathya', 'FONTCONFIG_PATH': '/etc/fonts', 'GIO_MODULE_DIR': '/home/pochsathya/snap/code/common/.cache/gio-modules', 'XDG_SESSION_TYPE': 'wayland', 'GIT_ASKPASS': '/snap/code/230/usr/share/code/resources/app/extensions/git/dist/askpass.sh', 'GTK_EXE_PREFIX_VSCODE_SNAP_ORIG': '', 'GDK_BACKEND_VSCODE_SNAP_ORIG': '', 'SHLVL': '1', 'LD_LIBRARY_PATH': '/home/pochsathya/ros2_ws/install/custom_interfaces/lib:/usr/lib/x86_64-linux-gnu/gazebo-11/plugins:/opt/ros/humble/opt/rviz_ogre_vendor/lib:/opt/ros/humble/lib/x86_64-linux-gnu:/opt/ros/humble/lib', 'HOME': '/home/pochsathya', 'CHROME_DESKTOP': 'code.desktop', 'LOCPATH_VSCODE_SNAP_ORIG': '', 'TERM_PROGRAM_VERSION': '1.112.0', 'DESKTOP_SESSION': 'ubuntu', 'GTK_PATH': '/snap/code/230/usr/lib/x86_64-linux-gnu/gtk-3.0', 'NVM_BIN': '/home/pochsathya/.nvm/versions/node/v24.14.0/bin', 'NVM_INC': '/home/pochsathya/.nvm/versions/node/v24.14.0/include/node', 'XDG_DATA_HOME_VSCODE_SNAP_ORIG': '', 'GTK_IM_MODULE_FILE': '/home/pochsathya/snap/code/common/.cache/immodules/immodules.cache', 'GIO_LAUNCHED_DESKTOP_FILE': '/var/lib/snapd/desktop/applications/code_code.desktop', 'ROS_PYTHON_VERSION': '3', 'GNOME_SHELL_SESSION_MODE': 'ubuntu', 'GTK_MODULES': 'gail:atk-bridge', 'GSETTINGS_SCHEMA_DIR_VSCODE_SNAP_ORIG': '', 'VSCODE_GIT_ASKPASS_MAIN': '/snap/code/230/usr/share/code/resources/app/extensions/git/dist/askpass-main.js', 'VSCODE_GIT_ASKPASS_NODE': '/snap/code/230/usr/share/code/code', 'MANAGERPID': '1939', 'PYDEVD_DISABLE_FILE_VALIDATION': '1', 'SYSTEMD_EXEC_PID': '2110', 'BUNDLED_DEBUGPY_PATH': '/home/pochsathya/.vscode/extensions/ms-python.debugpy-2025.18.0-linux-x64/bundled/libs/debugpy', 'IM_CONFIG_CHECK_ENV': '1', 'VSCODE_PYTHON_AUTOACTIVATE_GUARD': '1', 'DBUS_SESSION_BUS_ADDRESS': 'unix:path=/run/user/1000/bus', 'COLORTERM': 'truecolor', 'GIO_LAUNCHED_DESKTOP_FILE_PID': '41595', 'NVM_DIR': '/home/pochsathya/.nvm', 'IM_CONFIG_PHASE': '1', 'WAYLAND_DISPLAY': 'wayland-0', 'COLCON_PREFIX_PATH': '/home/pochsathya/ros2_ws/install:/home/pochsathya/ros2_ws/src/house_navigation_pkg/house_navigation_pkg/install', 'ROS_DISTRO': 'humble', 'LOGNAME': 'pochsathya', 'JOURNAL_STREAM': '8:5723', '_': '/usr/bin/colcon', 'ROS_VERSION': '2', 'XDG_CONFIG_DIRS_VSCODE_SNAP_ORIG': '/etc/xdg/xdg-ubuntu:/etc/xdg', 'XDG_SESSION_CLASS': 'user', 'XDG_DATA_DIRS_VSCODE_SNAP_ORIG': '/usr/share/ubuntu:/usr/local/share/:/usr/share/:/var/lib/snapd/desktop', 'USERNAME': 'pochsathya', 'TERM': 'xterm-256color', 'GNOME_DESKTOP_SESSION_ID': 'this-is-deprecated', 'FC_FONTATIONS': '1', 'ROS_LOCALHOST_ONLY': '0', 'PATH': '/home/pochsathya/.config/Code/User/globalStorage/github.copilot-chat/debugCommand:/home/pochsathya/.config/Code/User/globalStorage/github.copilot-chat/copilotCli:/home/pochsathya/.local/bin:/home/pochsathya/.nvm/versions/node/v24.14.0/bin:/opt/ros/humble/bin:/home/pochsathya/.local/bin:/usr/local/sbin:/usr/local/bin:/usr/sbin:/usr/bin:/sbin:/bin:/usr/games:/usr/local/games:/snap/bin:/snap/bin:/home/pochsathya/.vscode/extensions/ms-python.debugpy-2025.18.0-linux-x64/bundled/scripts/noConfigScripts', 'SESSION_MANAGER': 'local/pochsathya-Legion-Pro-5-16IRX8:@/tmp/.ICE-unix/2081,unix/pochsathya-Legion-Pro-5-16IRX8:/tmp/.ICE-unix/2081', 'GTK_EXE_PREFIX': '/snap/code/230/usr', 'INVOCATION_ID': 'bec8f1b216d34278993222b7f454f91b', 'XDG_MENU_PREFIX': 'gnome-', 'GNOME_SETUP_DISPLAY': ':1', 'XDG_RUNTIME_DIR': '/run/user/1000', 'GDK_BACKEND': 'x11', 'DISPLAY': ':0', 'LOCPATH': '/snap/code/230/usr/lib/locale', 'VSCODE_DEBUGPY_ADAPTER_ENDPOINTS': '/home/pochsathya/.vscode/extensions/ms-python.debugpy-2025.18.0-linux-x64/.noConfigDebugAdapterEndpoints/endpoint-2afe878aa90fcd67.txt', 'LANG': 'en_US.UTF-8', 'XDG_CURRENT_DESKTOP': 'ubuntu:GNOME', 'PYTHONSTARTUP': '/home/pochsathya/.config/Code/User/workspaceStorage/f271fc560773b7ce7087c0335d36366c/ms-python.python/pythonrc.py', 'GIO_MODULE_DIR_VSCODE_SNAP_ORIG': '', 'XDG_DATA_HOME': '/home/pochsathya/snap/code/230/.local/share', 'XMODIFIERS': '@im=ibus', 'XDG_SESSION_DESKTOP': 'ubuntu', 'XAUTHORITY': '/run/user/1000/.mutter-Xwaylandauth.YFTWM3', 'LS_COLORS': 'rs=0:di=01;34:ln=01;36:mh=00:pi=40;33:so=01;35:do=01;35:bd=40;33;01:cd=40;33;01:or=40;31;01:mi=00:su=37;41:sg=30;43:ca=30;41:tw=30;42:ow=34;42:st=37;44:ex=01;32:*.tar=01;31:*.tgz=01;31:*.arc=01;31:*.arj=01;31:*.taz=01;31:*.lha=01;31:*.lz4=01;31:*.lzh=01;31:*.lzma=01;31:*.tlz=01;31:*.txz=01;31:*.tzo=01;31:*.t7z=01;31:*.zip=01;31:*.z=01;31:*.dz=01;31:*.gz=01;31:*.lrz=01;31:*.lz=01;31:*.lzo=01;31:*.xz=01;31:*.zst=01;31:*.tzst=01;31:*.bz2=01;31:*.bz=01;31:*.tbz=01;31:*.tbz2=01;31:*.tz=01;31:*.deb=01;31:*.rpm=01;31:*.jar=01;31:*.war=01;31:*.ear=01;31:*.sar=01;31:*.rar=01;31:*.alz=01;31:*.ace=01;31:*.zoo=01;31:*.cpio=01;31:*.7z=01;31:*.rz=01;31:*.cab=01;31:*.wim=01;31:*.swm=01;31:*.dwm=01;31:*.esd=01;31:*.jpg=01;35:*.jpeg=01;35:*.mjpg=01;35:*.mjpeg=01;35:*.gif=01;35:*.bmp=01;35:*.pbm=01;35:*.pgm=01;35:*.ppm=01;35:*.tga=01;35:*.xbm=01;35:*.xpm=01;35:*.tif=01;35:*.tiff=01;35:*.png=01;35:*.svg=01;35:*.svgz=01;35:*.mng=01;35:*.pcx=01;35:*.mov=01;35:*.mpg=01;35:*.mpeg=01;35:*.m2v=01;35:*.mkv=01;35:*.webm=01;35:*.webp=01;35:*.ogm=01;35:*.mp4=01;35:*.m4v=01;35:*.mp4v=01;35:*.vob=01;35:*.qt=01;35:*.nuv=01;35:*.wmv=01;35:*.asf=01;35:*.rm=01;35:*.rmvb=01;35:*.flc=01;35:*.avi=01;35:*.fli=01;35:*.flv=01;35:*.gl=01;35:*.dl=01;35:*.xcf=01;35:*.xwd=01;35:*.yuv=01;35:*.cgm=01;35:*.emf=01;35:*.ogv=01;35:*.ogx=01;35:*.aac=00;36:*.au=00;36:*.flac=00;36:*.m4a=00;36:*.mid=00;36:*.midi=00;36:*.mka=00;36:*.mp3=00;36:*.mpc=00;36:*.ogg=00;36:*.ra=00;36:*.wav=00;36:*.oga=00;36:*.opus=00;36:*.spx=00;36:*.xspf=00;36:', 'VSCODE_GIT_IPC_HANDLE': '/run/user/1000/vscode-git-8e822459fc.sock', 'TERM_PROGRAM': 'vscode', 'SSH_AGENT_LAUNCHER': 'gnome-keyring', 'SSH_AUTH_SOCK': '/run/user/1000/keyring/ssh', 'GSETTINGS_SCHEMA_DIR': '/home/pochsathya/snap/code/230/.local/share/glib-2.0/schemas', 'AMENT_PREFIX_PATH': '/home/pochsathya/ros2_ws/install/subscriber_pkg:/home/pochsathya/ros2_ws/install/publisher_pkg:/home/pochsathya/ros2_ws/install/odometry_pkg:/home/pochsathya/ros2_ws/install/my_first_pkg:/home/pochsathya/ros2_ws/install/house_navigation_pkg:/home/pochsathya/ros2_ws/install/example36_pkg:/home/pochsathya/ros2_ws/install/custom_interfaces:/opt/ros/humble', 'SHELL': '/bin/bash', 'QT_ACCESSIBILITY': '1', 'GDMSESSION': 'ubuntu', 'LESSCLOSE': '/usr/bin/lesspipe %s %s', 'GTK_PATH_VSCODE_SNAP_ORIG': '', 'FONTCONFIG_FILE': '/etc/fonts/fonts.conf', 'GTK_IM_MODULE_FILE_VSCODE_SNAP_ORIG': '', 'GJS_DEBUG_OUTPUT': 'stderr', 'VSCODE_GIT_ASKPASS_EXTRA_ARGS': '', 'QT_IM_MODULE': 'ibus', 'PWD': '/home/pochsathya/ros2_ws/build/subscriber_pkg', 'TURTLEBOT3_MODEL': 'burger', 'LC_ALL': 'en_US.UTF-8', 'XDG_CONFIG_DIRS': '/etc/xdg/xdg-ubuntu:/etc/xdg', 'NVM_CD_FLAGS': '', 'XDG_DATA_DIRS': '/home/pochsathya/snap/code/230/.local/share:/home/pochsathya/snap/code/230:/snap/code/230/usr/share:/usr/share/ubuntu:/usr/local/share/:/usr/share/:/var/lib/snapd/desktop', 'PYTHONPATH': '/home/pochsathya/ros2_ws/build/subscriber_pkg/prefix_override:/usr/lib/python3/dist-packages/colcon_core/task/python/colcon_distutils_commands:/home/pochsathya/ros2_ws/install/subscriber_pkg/lib/python3.10/site-packages:/home/pochsathya/ros2_ws/install/subscriber_pkg/lib/python3.10/site-packages:/home/pochsathya/ros2_ws/install/publisher_pkg/lib/python3.10/site-packages:/home/pochsathya/ros2_ws/install/odometry_pkg/lib/python3.10/site-packages:/home/pochsathya/ros2_ws/install/my_first_pkg/lib/python3.10/site-packages:/home/pochsathya/ros2_ws/install/house_navigation_pkg/lib/python3.10/site-packages:/home/pochsathya/ros2_ws/install/example36_pkg/lib/python3.10/site-packages:/home/pochsathya/ros2_ws/install/custom_interfaces/local/lib/python3.10/dist-packages:/opt/ros/humble/lib/python3.10/site-packages:/opt/ros/humble/local/lib/python3.10/dist-packages', 'COLCON': '1', 'CMAKE_PREFIX_PATH': '/home/pochsathya/ros2_ws/install/custom_interfaces'}, 'shell': False}
[2.006465] (publisher_pkg) Command: {'cmd': ['/usr/bin/python3', '-W', 'ignore:setup.py install is deprecated', '-W', 'ignore:easy_install command is deprecated', 'setup.py', 'egg_info', '--egg-base', '../../build/publisher_pkg', 'build', '--build-base', '/home/pochsathya/ros2_ws/build/publisher_pkg/build', 'install', '--record', '/home/pochsathya/ros2_ws/build/publisher_pkg/install.log', '--single-version-externally-managed', 'install_data'], 'cwd': '/home/pochsathya/ros2_ws/src/publisher_pkg', 'env': {'GJS_DEBUG_TOPICS': 'JS ERROR;JS LOG', 'PYTHON_BASIC_REPL': '1', 'LESSOPEN': '| /usr/bin/lesspipe %s', 'USER': 'pochsathya', 'FONTCONFIG_PATH': '/etc/fonts', 'GIO_MODULE_DIR': '/home/pochsathya/snap/code/common/.cache/gio-modules', 'XDG_SESSION_TYPE': 'wayland', 'GIT_ASKPASS': '/snap/code/230/usr/share/code/resources/app/extensions/git/dist/askpass.sh', 'GTK_EXE_PREFIX_VSCODE_SNAP_ORIG': '', 'GDK_BACKEND_VSCODE_SNAP_ORIG': '', 'SHLVL': '1', 'LD_LIBRARY_PATH': '/home/pochsathya/ros2_ws/install/custom_interfaces/lib:/usr/lib/x86_64-linux-gnu/gazebo-11/plugins:/opt/ros/humble/opt/rviz_ogre_vendor/lib:/opt/ros/humble/lib/x86_64-linux-gnu:/opt/ros/humble/lib', 'HOME': '/home/pochsathya', 'CHROME_DESKTOP': 'code.desktop', 'LOCPATH_VSCODE_SNAP_ORIG': '', 'TERM_PROGRAM_VERSION': '1.112.0', 'DESKTOP_SESSION': 'ubuntu', 'GTK_PATH': '/snap/code/230/usr/lib/x86_64-linux-gnu/gtk-3.0', 'NVM_BIN': '/home/pochsathya/.nvm/versions/node/v24.14.0/bin', 'NVM_INC': '/home/pochsathya/.nvm/versions/node/v24.14.0/include/node', 'XDG_DATA_HOME_VSCODE_SNAP_ORIG': '', 'GTK_IM_MODULE_FILE': '/home/pochsathya/snap/code/common/.cache/immodules/immodules.cache', 'GIO_LAUNCHED_DESKTOP_FILE': '/var/lib/snapd/desktop/applications/code_code.desktop', 'ROS_PYTHON_VERSION': '3', 'GNOME_SHELL_SESSION_MODE': 'ubuntu', 'GTK_MODULES': 'gail:atk-bridge', 'GSETTINGS_SCHEMA_DIR_VSCODE_SNAP_ORIG': '', 'VSCODE_GIT_ASKPASS_MAIN': '/snap/code/230/usr/share/code/resources/app/extensions/git/dist/askpass-main.js', 'VSCODE_GIT_ASKPASS_NODE': '/snap/code/230/usr/share/code/code', 'MANAGERPID': '1939', 'PYDEVD_DISABLE_FILE_VALIDATION': '1', 'SYSTEMD_EXEC_PID': '2110', 'BUNDLED_DEBUGPY_PATH': '/home/pochsathya/.vscode/extensions/ms-python.debugpy-2025.18.0-linux-x64/bundled/libs/debugpy', 'IM_CONFIG_CHECK_ENV': '1', 'VSCODE_PYTHON_AUTOACTIVATE_GUARD': '1', 'DBUS_SESSION_BUS_ADDRESS': 'unix:path=/run/user/1000/bus', 'COLORTERM': 'truecolor', 'GIO_LAUNCHED_DESKTOP_FILE_PID': '41595', 'NVM_DIR': '/home/pochsathya/.nvm', 'IM_CONFIG_PHASE': '1', 'WAYLAND_DISPLAY': 'wayland-0', 'COLCON_PREFIX_PATH': '/home/pochsathya/ros2_ws/install:/home/pochsathya/ros2_ws/src/house_navigation_pkg/house_navigation_pkg/install', 'ROS_DISTRO': 'humble', 'LOGNAME': 'pochsathya', 'JOURNAL_STREAM': '8:5723', '_': '/usr/bin/colcon', 'ROS_VERSION': '2', 'XDG_CONFIG_DIRS_VSCODE_SNAP_ORIG': '/etc/xdg/xdg-ubuntu:/etc/xdg', 'XDG_SESSION_CLASS': 'user', 'XDG_DATA_DIRS_VSCODE_SNAP_ORIG': '/usr/share/ubuntu:/usr/local/share/:/usr/share/:/var/lib/snapd/desktop', 'USERNAME': 'pochsathya', 'TERM': 'xterm-256color', 'GNOME_DESKTOP_SESSION_ID': 'this-is-deprecated', 'FC_FONTATIONS': '1', 'ROS_LOCALHOST_ONLY': '0', 'PATH': '/home/pochsathya/.config/Code/User/globalStorage/github.copilot-chat/debugCommand:/home/pochsathya/.config/Code/User/globalStorage/github.copilot-chat/copilotCli:/home/pochsathya/.local/bin:/home/pochsathya/.nvm/versions/node/v24.14.0/bin:/opt/ros/humble/bin:/home/pochsathya/.local/bin:/usr/local/sbin:/usr/local/bin:/usr/sbin:/usr/bin:/sbin:/bin:/usr/games:/usr/local/games:/snap/bin:/snap/bin:/home/pochsathya/.vscode/extensions/ms-python.debugpy-2025.18.0-linux-x64/bundled/scripts/noConfigScripts', 'SESSION_MANAGER': 'local/pochsathya-Legion-Pro-5-16IRX8:@/tmp/.ICE-unix/2081,unix/pochsathya-Legion-Pro-5-16IRX8:/tmp/.ICE-unix/2081', 'GTK_EXE_PREFIX': '/snap/code/230/usr', 'INVOCATION_ID': 'bec8f1b216d34278993222b7f454f91b', 'XDG_MENU_PREFIX': 'gnome-', 'GNOME_SETUP_DISPLAY': ':1', 'XDG_RUNTIME_DIR': '/run/user/1000', 'GDK_BACKEND': 'x11', 'DISPLAY': ':0', 'LOCPATH': '/snap/code/230/usr/lib/locale', 'VSCODE_DEBUGPY_ADAPTER_ENDPOINTS': '/home/pochsathya/.vscode/extensions/ms-python.debugpy-2025.18.0-linux-x64/.noConfigDebugAdapterEndpoints/endpoint-2afe878aa90fcd67.txt', 'LANG': 'en_US.UTF-8', 'XDG_CURRENT_DESKTOP': 'ubuntu:GNOME', 'PYTHONSTARTUP': '/home/pochsathya/.config/Code/User/workspaceStorage/f271fc560773b7ce7087c0335d36366c/ms-python.python/pythonrc.py', 'GIO_MODULE_DIR_VSCODE_SNAP_ORIG': '', 'XDG_DATA_HOME': '/home/pochsathya/snap/code/230/.local/share', 'XMODIFIERS': '@im=ibus', 'XDG_SESSION_DESKTOP': 'ubuntu', 'XAUTHORITY': '/run/user/1000/.mutter-Xwaylandauth.YFTWM3', 'LS_COLORS': 'rs=0:di=01;34:ln=01;36:mh=00:pi=40;33:so=01;35:do=01;35:bd=40;33;01:cd=40;33;01:or=40;31;01:mi=00:su=37;41:sg=30;43:ca=30;41:tw=30;42:ow=34;42:st=37;44:ex=01;32:*.tar=01;31:*.tgz=01;31:*.arc=01;31:*.arj=01;31:*.taz=01;31:*.lha=01;31:*.lz4=01;31:*.lzh=01;31:*.lzma=01;31:*.tlz=01;31:*.txz=01;31:*.tzo=01;31:*.t7z=01;31:*.zip=01;31:*.z=01;31:*.dz=01;31:*.gz=01;31:*.lrz=01;31:*.lz=01;31:*.lzo=01;31:*.xz=01;31:*.zst=01;31:*.tzst=01;31:*.bz2=01;31:*.bz=01;31:*.tbz=01;31:*.tbz2=01;31:*.tz=01;31:*.deb=01;31:*.rpm=01;31:*.jar=01;31:*.war=01;31:*.ear=01;31:*.sar=01;31:*.rar=01;31:*.alz=01;31:*.ace=01;31:*.zoo=01;31:*.cpio=01;31:*.7z=01;31:*.rz=01;31:*.cab=01;31:*.wim=01;31:*.swm=01;31:*.dwm=01;31:*.esd=01;31:*.jpg=01;35:*.jpeg=01;35:*.mjpg=01;35:*.mjpeg=01;35:*.gif=01;35:*.bmp=01;35:*.pbm=01;35:*.pgm=01;35:*.ppm=01;35:*.tga=01;35:*.xbm=01;35:*.xpm=01;35:*.tif=01;35:*.tiff=01;35:*.png=01;35:*.svg=01;35:*.svgz=01;35:*.mng=01;35:*.pcx=01;35:*.mov=01;35:*.mpg=01;35:*.mpeg=01;35:*.m2v=01;35:*.mkv=01;35:*.webm=01;35:*.webp=01;35:*.ogm=01;35:*.mp4=01;35:*.m4v=01;35:*.mp4v=01;35:*.vob=01;35:*.qt=01;35:*.nuv=01;35:*.wmv=01;35:*.asf=01;35:*.rm=01;35:*.rmvb=01;35:*.flc=01;35:*.avi=01;35:*.fli=01;35:*.flv=01;35:*.gl=01;35:*.dl=01;35:*.xcf=01;35:*.xwd=01;35:*.yuv=01;35:*.cgm=01;35:*.emf=01;35:*.ogv=01;35:*.ogx=01;35:*.aac=00;36:*.au=00;36:*.flac=00;36:*.m4a=00;36:*.mid=00;36:*.midi=00;36:*.mka=00;36:*.mp3=00;36:*.mpc=00;36:*.ogg=00;36:*.ra=00;36:*.wav=00;36:*.oga=00;36:*.opus=00;36:*.spx=00;36:*.xspf=00;36:', 'VSCODE_GIT_IPC_HANDLE': '/run/user/1000/vscode-git-8e822459fc.sock', 'TERM_PROGRAM': 'vscode', 'SSH_AGENT_LAUNCHER': 'gnome-keyring', 'SSH_AUTH_SOCK': '/run/user/1000/keyring/ssh', 'GSETTINGS_SCHEMA_DIR': '/home/pochsathya/snap/code/230/.local/share/glib-2.0/schemas', 'AMENT_PREFIX_PATH': '/home/pochsathya/ros2_ws/install/subscriber_pkg:/home/pochsathya/ros2_ws/install/publisher_pkg:/home/pochsathya/ros2_ws/install/odometry_pkg:/home/pochsathya/ros2_ws/install/my_first_pkg:/home/pochsathya/ros2_ws/install/house_navigation_pkg:/home/pochsathya/ros2_ws/install/example36_pkg:/home/pochsathya/ros2_ws/install/custom_interfaces:/opt/ros/humble', 'SHELL': '/bin/bash', 'QT_ACCESSIBILITY': '1', 'GDMSESSION': 'ubuntu', 'LESSCLOSE': '/usr/bin/lesspipe %s %s', 'GTK_PATH_VSCODE_SNAP_ORIG': '', 'FONTCONFIG_FILE': '/etc/fonts/fonts.conf', 'GTK_IM_MODULE_FILE_VSCODE_SNAP_ORIG': '', 'GJS_DEBUG_OUTPUT': 'stderr', 'VSCODE_GIT_ASKPASS_EXTRA_ARGS': '', 'QT_IM_MODULE': 'ibus', 'PWD': '/home/pochsathya/ros2_ws/build/publisher_pkg', 'TURTLEBOT3_MODEL': 'burger', 'LC_ALL': 'en_US.UTF-8', 'XDG_CONFIG_DIRS': '/etc/xdg/xdg-ubuntu:/etc/xdg', 'NVM_CD_FLAGS': '', 'XDG_DATA_DIRS': '/home/pochsathya/snap/code/230/.local/share:/home/pochsathya/snap/code/230:/snap/code/230/usr/share:/usr/share/ubuntu:/usr/local/share/:/usr/share/:/var/lib/snapd/desktop', 'PYTHONPATH': '/home/pochsathya/ros2_ws/build/publisher_pkg/prefix_override:/usr/lib/python3/dist-packages/colcon_core/task/python/colcon_distutils_commands:/home/pochsathya/ros2_ws/install/publisher_pkg/lib/python3.10/site-packages:/home/pochsathya/ros2_ws/install/subscriber_pkg/lib/python3.10/site-packages:/home/pochsathya/ros2_ws/install/publisher_pkg/lib/python3.10/site-packages:/home/pochsathya/ros2_ws/install/odometry_pkg/lib/python3.10/site-packages:/home/pochsathya/ros2_ws/install/my_first_pkg/lib/python3.10/site-packages:/home/pochsathya/ros2_ws/install/house_navigation_pkg/lib/python3.10/site-packages:/home/pochsathya/ros2_ws/install/example36_pkg/lib/python3.10/site-packages:/home/pochsathya/ros2_ws/install/custom_interfaces/local/lib/python3.10/dist-packages:/opt/ros/humble/lib/python3.10/site-packages:/opt/ros/humble/local/lib/python3.10/dist-packages', 'COLCON': '1', 'CMAKE_PREFIX_PATH': '/home/pochsathya/ros2_ws/install/custom_interfaces'}, 'shell': False}
[2.008301] (-) TimerEvent: {}
[2.108840] (-) TimerEvent: {}
[2.158366] (house_navigation_pkg) StdoutLine: {'line': b'running egg_info\n'}
[2.158791] (house_navigation_pkg) StdoutLine: {'line': b'writing ../../build/house_navigation_pkg/house_navigation_pkg.egg-info/PKG-INFO\n'}
[2.158907] (house_navigation_pkg) StdoutLine: {'line': b'writing dependency_links to ../../build/house_navigation_pkg/house_navigation_pkg.egg-info/dependency_links.txt\n'}
[2.158997] (house_navigation_pkg) StdoutLine: {'line': b'writing entry points to ../../build/house_navigation_pkg/house_navigation_pkg.egg-info/entry_points.txt\n'}
[2.159161] (house_navigation_pkg) StdoutLine: {'line': b'writing requirements to ../../build/house_navigation_pkg/house_navigation_pkg.egg-info/requires.txt\n'}
[2.159252] (house_navigation_pkg) StdoutLine: {'line': b'writing top-level names to ../../build/house_navigation_pkg/house_navigation_pkg.egg-info/top_level.txt\n'}
[2.160721] (house_navigation_pkg) StdoutLine: {'line': b"reading manifest file '../../build/house_navigation_pkg/house_navigation_pkg.egg-info/SOURCES.txt'\n"}
[2.161205] (house_navigation_pkg) StdoutLine: {'line': b"writing manifest file '../../build/house_navigation_pkg/house_navigation_pkg.egg-info/SOURCES.txt'\n"}
[2.161404] (house_navigation_pkg) StdoutLine: {'line': b'running build\n'}
[2.161494] (house_navigation_pkg) StdoutLine: {'line': b'running build_py\n'}
[2.161566] (house_navigation_pkg) StdoutLine: {'line': b'copying house_navigation_pkg/house_navigation.py -> /home/pochsathya/ros2_ws/build/house_navigation_pkg/build/lib/house_navigation_pkg\n'}
[2.161661] (house_navigation_pkg) StdoutLine: {'line': b'running install\n'}
[2.161742] (house_navigation_pkg) StdoutLine: {'line': b'running install_lib\n'}
[2.162139] (house_navigation_pkg) StdoutLine: {'line': b'copying /home/pochsathya/ros2_ws/build/house_navigation_pkg/build/lib/house_navigation_pkg/house_navigation.py -> /home/pochsathya/ros2_ws/install/house_navigation_pkg/lib/python3.10/site-packages/house_navigation_pkg\n'}
[2.162503] (house_navigation_pkg) StdoutLine: {'line': b'byte-compiling /home/pochsathya/ros2_ws/install/house_navigation_pkg/lib/python3.10/site-packages/house_navigation_pkg/house_navigation.py to house_navigation.cpython-310.pyc\n'}
[2.163183] (house_navigation_pkg) StdoutLine: {'line': b'running install_data\n'}
[2.163298] (house_navigation_pkg) StdoutLine: {'line': b'running install_egg_info\n'}
[2.163473] (subscriber_pkg) StdoutLine: {'line': b'running egg_info\n'}
[2.163814] (subscriber_pkg) StdoutLine: {'line': b'writing ../../build/subscriber_pkg/subscriber_pkg.egg-info/PKG-INFO\n'}
[2.163899] (subscriber_pkg) StdoutLine: {'line': b'writing dependency_links to ../../build/subscriber_pkg/subscriber_pkg.egg-info/dependency_links.txt\n'}
[2.163999] (subscriber_pkg) StdoutLine: {'line': b'writing entry points to ../../build/subscriber_pkg/subscriber_pkg.egg-info/entry_points.txt\n'}
[2.164109] (subscriber_pkg) StdoutLine: {'line': b'writing requirements to ../../build/subscriber_pkg/subscriber_pkg.egg-info/requires.txt\n'}
[2.164196] (subscriber_pkg) StdoutLine: {'line': b'writing top-level names to ../../build/subscriber_pkg/subscriber_pkg.egg-info/top_level.txt\n'}
[2.164374] (house_navigation_pkg) StdoutLine: {'line': b"removing '/home/pochsathya/ros2_ws/install/house_navigation_pkg/lib/python3.10/site-packages/house_navigation_pkg-0.0.0-py3.10.egg-info' (and everything under it)\n"}
[2.164548] (house_navigation_pkg) StdoutLine: {'line': b'Copying ../../build/house_navigation_pkg/house_navigation_pkg.egg-info to /home/pochsathya/ros2_ws/install/house_navigation_pkg/lib/python3.10/site-packages/house_navigation_pkg-0.0.0-py3.10.egg-info\n'}
[2.164951] (house_navigation_pkg) StdoutLine: {'line': b'running install_scripts\n'}
[2.165691] (subscriber_pkg) StdoutLine: {'line': b"reading manifest file '../../build/subscriber_pkg/subscriber_pkg.egg-info/SOURCES.txt'\n"}
[2.166174] (subscriber_pkg) StdoutLine: {'line': b"writing manifest file '../../build/subscriber_pkg/subscriber_pkg.egg-info/SOURCES.txt'\n"}
[2.166263] (subscriber_pkg) StdoutLine: {'line': b'running build\n'}
[2.166325] (subscriber_pkg) StdoutLine: {'line': b'running build_py\n'}
[2.166404] (subscriber_pkg) StdoutLine: {'line': b'running install\n'}
[2.166572] (subscriber_pkg) StdoutLine: {'line': b'running install_lib\n'}
[2.167298] (subscriber_pkg) StdoutLine: {'line': b'running install_data\n'}
[2.167379] (subscriber_pkg) StdoutLine: {'line': b'running install_egg_info\n'}
[2.168650] (subscriber_pkg) StdoutLine: {'line': b"removing '/home/pochsathya/ros2_ws/install/subscriber_pkg/lib/python3.10/site-packages/subscriber_pkg-0.0.0-py3.10.egg-info' (and everything under it)\n"}
[2.168785] (subscriber_pkg) StdoutLine: {'line': b'Copying ../../build/subscriber_pkg/subscriber_pkg.egg-info to /home/pochsathya/ros2_ws/install/subscriber_pkg/lib/python3.10/site-packages/subscriber_pkg-0.0.0-py3.10.egg-info\n'}
[2.169199] (subscriber_pkg) StdoutLine: {'line': b'running install_scripts\n'}
[2.176582] (odometry_pkg) StdoutLine: {'line': b'running egg_info\n'}
[2.177026] (odometry_pkg) StdoutLine: {'line': b'writing ../../build/odometry_pkg/odometry_pkg.egg-info/PKG-INFO\n'}
[2.177555] (odometry_pkg) StdoutLine: {'line': b'writing dependency_links to ../../build/odometry_pkg/odometry_pkg.egg-info/dependency_links.txt\n'}
[2.177649] (odometry_pkg) StdoutLine: {'line': b'writing entry points to ../../build/odometry_pkg/odometry_pkg.egg-info/entry_points.txt\n'}
[2.177718] (odometry_pkg) StdoutLine: {'line': b'writing requirements to ../../build/odometry_pkg/odometry_pkg.egg-info/requires.txt\n'}
[2.177780] (odometry_pkg) StdoutLine: {'line': b'writing top-level names to ../../build/odometry_pkg/odometry_pkg.egg-info/top_level.txt\n'}
[2.178377] (house_navigation_pkg) StdoutLine: {'line': b'Installing house_navigation script to /home/pochsathya/ros2_ws/install/house_navigation_pkg/lib/house_navigation_pkg\n'}
[2.178612] (house_navigation_pkg) StdoutLine: {'line': b"writing list of installed files to '/home/pochsathya/ros2_ws/build/house_navigation_pkg/install.log'\n"}
[2.179179] (odometry_pkg) StdoutLine: {'line': b"reading manifest file '../../build/odometry_pkg/odometry_pkg.egg-info/SOURCES.txt'\n"}
[2.179699] (odometry_pkg) StdoutLine: {'line': b"writing manifest file '../../build/odometry_pkg/odometry_pkg.egg-info/SOURCES.txt'\n"}
[2.179794] (odometry_pkg) StdoutLine: {'line': b'running build\n'}
[2.179863] (odometry_pkg) StdoutLine: {'line': b'running build_py\n'}
[2.180044] (odometry_pkg) StdoutLine: {'line': b'running install\n'}
[2.180140] (odometry_pkg) StdoutLine: {'line': b'running install_lib\n'}
[2.180958] (odometry_pkg) StdoutLine: {'line': b'running install_data\n'}
[2.181057] (odometry_pkg) StdoutLine: {'line': b'running install_egg_info\n'}
[2.181243] (publisher_pkg) StdoutLine: {'line': b'running egg_info\n'}
[2.181731] (publisher_pkg) StdoutLine: {'line': b'writing ../../build/publisher_pkg/publisher_pkg.egg-info/PKG-INFO\n'}
[2.181844] (publisher_pkg) StdoutLine: {'line': b'writing dependency_links to ../../build/publisher_pkg/publisher_pkg.egg-info/dependency_links.txt\n'}
[2.181993] (publisher_pkg) StdoutLine: {'line': b'writing entry points to ../../build/publisher_pkg/publisher_pkg.egg-info/entry_points.txt\n'}
[2.182119] (publisher_pkg) StdoutLine: {'line': b'writing requirements to ../../build/publisher_pkg/publisher_pkg.egg-info/requires.txt\n'}
[2.182190] (publisher_pkg) StdoutLine: {'line': b'writing top-level names to ../../build/publisher_pkg/publisher_pkg.egg-info/top_level.txt\n'}
[2.182341] (odometry_pkg) StdoutLine: {'line': b"removing '/home/pochsathya/ros2_ws/install/odometry_pkg/lib/python3.10/site-packages/odometry_pkg-0.0.0-py3.10.egg-info' (and everything under it)\n"}
[2.182411] (odometry_pkg) StdoutLine: {'line': b'Copying ../../build/odometry_pkg/odometry_pkg.egg-info to /home/pochsathya/ros2_ws/install/odometry_pkg/lib/python3.10/site-packages/odometry_pkg-0.0.0-py3.10.egg-info\n'}
[2.182797] (odometry_pkg) StdoutLine: {'line': b'running install_scripts\n'}
[2.182949] (subscriber_pkg) StdoutLine: {'line': b"writing list of installed files to '/home/pochsathya/ros2_ws/build/subscriber_pkg/install.log'\n"}
[2.183796] (publisher_pkg) StdoutLine: {'line': b"reading manifest file '../../build/publisher_pkg/publisher_pkg.egg-info/SOURCES.txt'\n"}
[2.184304] (publisher_pkg) StdoutLine: {'line': b"writing manifest file '../../build/publisher_pkg/publisher_pkg.egg-info/SOURCES.txt'\n"}
[2.184403] (publisher_pkg) StdoutLine: {'line': b'running build\n'}
[2.184466] (publisher_pkg) StdoutLine: {'line': b'running build_py\n'}
[2.184540] (publisher_pkg) StdoutLine: {'line': b'running install\n'}
[2.184724] (publisher_pkg) StdoutLine: {'line': b'running install_lib\n'}
[2.185516] (publisher_pkg) StdoutLine: {'line': b'running install_data\n'}
[2.185604] (publisher_pkg) StdoutLine: {'line': b'running install_egg_info\n'}
[2.186850] (publisher_pkg) StdoutLine: {'line': b"removing '/home/pochsathya/ros2_ws/install/publisher_pkg/lib/python3.10/site-packages/publisher_pkg-0.0.0-py3.10.egg-info' (and everything under it)\n"}
[2.187025] (publisher_pkg) StdoutLine: {'line': b'Copying ../../build/publisher_pkg/publisher_pkg.egg-info to /home/pochsathya/ros2_ws/install/publisher_pkg/lib/python3.10/site-packages/publisher_pkg-0.0.0-py3.10.egg-info\n'}
[2.187487] (publisher_pkg) StdoutLine: {'line': b'running install_scripts\n'}
[2.193805] (house_navigation_pkg) CommandEnded: {'returncode': 0}
[2.196918] (odometry_pkg) StdoutLine: {'line': b'Installing odometry_subscriber script to /home/pochsathya/ros2_ws/install/odometry_pkg/lib/odometry_pkg\n'}
[2.198055] (odometry_pkg) StdoutLine: {'line': b"writing list of installed files to '/home/pochsathya/ros2_ws/build/odometry_pkg/install.log'\n"}
[2.199088] (my_first_pkg) StdoutLine: {'line': b'running egg_info\n'}
[2.199677] (my_first_pkg) StdoutLine: {'line': b'writing ../../build/my_first_pkg/my_first_pkg.egg-info/PKG-INFO\n'}
[2.199750] (my_first_pkg) StdoutLine: {'line': b'writing dependency_links to ../../build/my_first_pkg/my_first_pkg.egg-info/dependency_links.txt\n'}
[2.199818] (my_first_pkg) StdoutLine: {'line': b'writing entry points to ../../build/my_first_pkg/my_first_pkg.egg-info/entry_points.txt\n'}
[2.200106] (my_first_pkg) StdoutLine: {'line': b'writing requirements to ../../build/my_first_pkg/my_first_pkg.egg-info/requires.txt\n'}
[2.200208] (my_first_pkg) StdoutLine: {'line': b'writing top-level names to ../../build/my_first_pkg/my_first_pkg.egg-info/top_level.txt\n'}
[2.200914] (house_navigation_pkg) JobEnded: {'identifier': 'house_navigation_pkg', 'rc': 0}
[2.201974] (subscriber_pkg) CommandEnded: {'returncode': 0}
[2.202221] (publisher_pkg) StdoutLine: {'line': b"writing list of installed files to '/home/pochsathya/ros2_ws/build/publisher_pkg/install.log'\n"}
[2.202454] (my_first_pkg) StdoutLine: {'line': b"reading manifest file '../../build/my_first_pkg/my_first_pkg.egg-info/SOURCES.txt'\n"}
[2.202542] (my_first_pkg) StdoutLine: {'line': b"writing manifest file '../../build/my_first_pkg/my_first_pkg.egg-info/SOURCES.txt'\n"}
[2.202579] (my_first_pkg) StdoutLine: {'line': b'running build\n'}
[2.202611] (my_first_pkg) StdoutLine: {'line': b'running build_py\n'}
[2.202643] (my_first_pkg) StdoutLine: {'line': b'running install\n'}
[2.202677] (my_first_pkg) StdoutLine: {'line': b'running install_lib\n'}
[2.203413] (my_first_pkg) StdoutLine: {'line': b'running install_data\n'}
[2.203567] (my_first_pkg) StdoutLine: {'line': b'running install_egg_info\n'}
[2.204736] (my_first_pkg) StdoutLine: {'line': b"removing '/home/pochsathya/ros2_ws/install/my_first_pkg/lib/python3.10/site-packages/my_first_pkg-0.0.0-py3.10.egg-info' (and everything under it)\n"}
[2.204867] (my_first_pkg) StdoutLine: {'line': b'Copying ../../build/my_first_pkg/my_first_pkg.egg-info to /home/pochsathya/ros2_ws/install/my_first_pkg/lib/python3.10/site-packages/my_first_pkg-0.0.0-py3.10.egg-info\n'}
[2.205472] (my_first_pkg) StdoutLine: {'line': b'running install_scripts\n'}
[2.208759] (subscriber_pkg) JobEnded: {'identifier': 'subscriber_pkg', 'rc': 0}
[2.209208] (-) TimerEvent: {}
[2.213172] (odometry_pkg) CommandEnded: {'returncode': 0}
[2.219172] (odometry_pkg) JobEnded: {'identifier': 'odometry_pkg', 'rc': 0}
[2.220510] (publisher_pkg) CommandEnded: {'returncode': 0}
[2.220922] (my_first_pkg) StdoutLine: {'line': b'Installing Sathya_node script to /home/pochsathya/ros2_ws/install/my_first_pkg/lib/my_first_pkg\n'}
[2.221082] (my_first_pkg) StdoutLine: {'line': b'Installing subscriber_node script to /home/pochsathya/ros2_ws/install/my_first_pkg/lib/my_first_pkg\n'}
[2.221263] (my_first_pkg) StdoutLine: {'line': b"writing list of installed files to '/home/pochsathya/ros2_ws/build/my_first_pkg/install.log'\n"}
[2.224648] (publisher_pkg) JobEnded: {'identifier': 'publisher_pkg', 'rc': 0}
[2.238718] (my_first_pkg) CommandEnded: {'returncode': 0}
[2.246564] (my_first_pkg) JobEnded: {'identifier': 'my_first_pkg', 'rc': 0}
[2.302106] (example36_pkg) Command: {'cmd': ['/usr/bin/python3', '-W', 'ignore:setup.py install is deprecated', '-W', 'ignore:easy_install command is deprecated', 'setup.py', 'egg_info', '--egg-base', '../build/example36_pkg', 'build', '--build-base', '/home/pochsathya/ros2_ws/build/example36_pkg/build', 'install', '--record', '/home/pochsathya/ros2_ws/build/example36_pkg/install.log', '--single-version-externally-managed', 'install_data'], 'cwd': '/home/pochsathya/ros2_ws/example36_pkg', 'env': {'GJS_DEBUG_TOPICS': 'JS ERROR;JS LOG', 'PYTHON_BASIC_REPL': '1', 'LESSOPEN': '| /usr/bin/lesspipe %s', 'USER': 'pochsathya', 'FONTCONFIG_PATH': '/etc/fonts', 'GIO_MODULE_DIR': '/home/pochsathya/snap/code/common/.cache/gio-modules', 'XDG_SESSION_TYPE': 'wayland', 'GIT_ASKPASS': '/snap/code/230/usr/share/code/resources/app/extensions/git/dist/askpass.sh', 'GTK_EXE_PREFIX_VSCODE_SNAP_ORIG': '', 'GDK_BACKEND_VSCODE_SNAP_ORIG': '', 'SHLVL': '1', 'LD_LIBRARY_PATH': '/home/pochsathya/ros2_ws/install/custom_interfaces/lib:/usr/lib/x86_64-linux-gnu/gazebo-11/plugins:/opt/ros/humble/opt/rviz_ogre_vendor/lib:/opt/ros/humble/lib/x86_64-linux-gnu:/opt/ros/humble/lib', 'HOME': '/home/pochsathya', 'CHROME_DESKTOP': 'code.desktop', 'LOCPATH_VSCODE_SNAP_ORIG': '', 'TERM_PROGRAM_VERSION': '1.112.0', 'DESKTOP_SESSION': 'ubuntu', 'GTK_PATH': '/snap/code/230/usr/lib/x86_64-linux-gnu/gtk-3.0', 'NVM_BIN': '/home/pochsathya/.nvm/versions/node/v24.14.0/bin', 'NVM_INC': '/home/pochsathya/.nvm/versions/node/v24.14.0/include/node', 'XDG_DATA_HOME_VSCODE_SNAP_ORIG': '', 'GTK_IM_MODULE_FILE': '/home/pochsathya/snap/code/common/.cache/immodules/immodules.cache', 'GIO_LAUNCHED_DESKTOP_FILE': '/var/lib/snapd/desktop/applications/code_code.desktop', 'ROS_PYTHON_VERSION': '3', 'GNOME_SHELL_SESSION_MODE': 'ubuntu', 'GTK_MODULES': 'gail:atk-bridge', 'GSETTINGS_SCHEMA_DIR_VSCODE_SNAP_ORIG': '', 'VSCODE_GIT_ASKPASS_MAIN': '/snap/code/230/usr/share/code/resources/app/extensions/git/dist/askpass-main.js', 'VSCODE_GIT_ASKPASS_NODE': '/snap/code/230/usr/share/code/code', 'MANAGERPID': '1939', 'PYDEVD_DISABLE_FILE_VALIDATION': '1', 'SYSTEMD_EXEC_PID': '2110', 'BUNDLED_DEBUGPY_PATH': '/home/pochsathya/.vscode/extensions/ms-python.debugpy-2025.18.0-linux-x64/bundled/libs/debugpy', 'IM_CONFIG_CHECK_ENV': '1', 'VSCODE_PYTHON_AUTOACTIVATE_GUARD': '1', 'DBUS_SESSION_BUS_ADDRESS': 'unix:path=/run/user/1000/bus', 'COLORTERM': 'truecolor', 'GIO_LAUNCHED_DESKTOP_FILE_PID': '41595', 'NVM_DIR': '/home/pochsathya/.nvm', 'IM_CONFIG_PHASE': '1', 'WAYLAND_DISPLAY': 'wayland-0', 'COLCON_PREFIX_PATH': '/home/pochsathya/ros2_ws/install:/home/pochsathya/ros2_ws/src/house_navigation_pkg/house_navigation_pkg/install', 'ROS_DISTRO': 'humble', 'LOGNAME': 'pochsathya', 'JOURNAL_STREAM': '8:5723', '_': '/usr/bin/colcon', 'ROS_VERSION': '2', 'XDG_CONFIG_DIRS_VSCODE_SNAP_ORIG': '/etc/xdg/xdg-ubuntu:/etc/xdg', 'XDG_SESSION_CLASS': 'user', 'XDG_DATA_DIRS_VSCODE_SNAP_ORIG': '/usr/share/ubuntu:/usr/local/share/:/usr/share/:/var/lib/snapd/desktop', 'USERNAME': 'pochsathya', 'TERM': 'xterm-256color', 'GNOME_DESKTOP_SESSION_ID': 'this-is-deprecated', 'FC_FONTATIONS': '1', 'ROS_LOCALHOST_ONLY': '0', 'PATH': '/home/pochsathya/.config/Code/User/globalStorage/github.copilot-chat/debugCommand:/home/pochsathya/.config/Code/User/globalStorage/github.copilot-chat/copilotCli:/home/pochsathya/.local/bin:/home/pochsathya/.nvm/versions/node/v24.14.0/bin:/opt/ros/humble/bin:/home/pochsathya/.local/bin:/usr/local/sbin:/usr/local/bin:/usr/sbin:/usr/bin:/sbin:/bin:/usr/games:/usr/local/games:/snap/bin:/snap/bin:/home/pochsathya/.vscode/extensions/ms-python.debugpy-2025.18.0-linux-x64/bundled/scripts/noConfigScripts', 'SESSION_MANAGER': 'local/pochsathya-Legion-Pro-5-16IRX8:@/tmp/.ICE-unix/2081,unix/pochsathya-Legion-Pro-5-16IRX8:/tmp/.ICE-unix/2081', 'GTK_EXE_PREFIX': '/snap/code/230/usr', 'INVOCATION_ID': 'bec8f1b216d34278993222b7f454f91b', 'XDG_MENU_PREFIX': 'gnome-', 'GNOME_SETUP_DISPLAY': ':1', 'XDG_RUNTIME_DIR': '/run/user/1000', 'GDK_BACKEND': 'x11', 'DISPLAY': ':0', 'LOCPATH': '/snap/code/230/usr/lib/locale', 'VSCODE_DEBUGPY_ADAPTER_ENDPOINTS': '/home/pochsathya/.vscode/extensions/ms-python.debugpy-2025.18.0-linux-x64/.noConfigDebugAdapterEndpoints/endpoint-2afe878aa90fcd67.txt', 'LANG': 'en_US.UTF-8', 'XDG_CURRENT_DESKTOP': 'ubuntu:GNOME', 'PYTHONSTARTUP': '/home/pochsathya/.config/Code/User/workspaceStorage/f271fc560773b7ce7087c0335d36366c/ms-python.python/pythonrc.py', 'GIO_MODULE_DIR_VSCODE_SNAP_ORIG': '', 'XDG_DATA_HOME': '/home/pochsathya/snap/code/230/.local/share', 'XMODIFIERS': '@im=ibus', 'XDG_SESSION_DESKTOP': 'ubuntu', 'XAUTHORITY': '/run/user/1000/.mutter-Xwaylandauth.YFTWM3', 'LS_COLORS': 'rs=0:di=01;34:ln=01;36:mh=00:pi=40;33:so=01;35:do=01;35:bd=40;33;01:cd=40;33;01:or=40;31;01:mi=00:su=37;41:sg=30;43:ca=30;41:tw=30;42:ow=34;42:st=37;44:ex=01;32:*.tar=01;31:*.tgz=01;31:*.arc=01;31:*.arj=01;31:*.taz=01;31:*.lha=01;31:*.lz4=01;31:*.lzh=01;31:*.lzma=01;31:*.tlz=01;31:*.txz=01;31:*.tzo=01;31:*.t7z=01;31:*.zip=01;31:*.z=01;31:*.dz=01;31:*.gz=01;31:*.lrz=01;31:*.lz=01;31:*.lzo=01;31:*.xz=01;31:*.zst=01;31:*.tzst=01;31:*.bz2=01;31:*.bz=01;31:*.tbz=01;31:*.tbz2=01;31:*.tz=01;31:*.deb=01;31:*.rpm=01;31:*.jar=01;31:*.war=01;31:*.ear=01;31:*.sar=01;31:*.rar=01;31:*.alz=01;31:*.ace=01;31:*.zoo=01;31:*.cpio=01;31:*.7z=01;31:*.rz=01;31:*.cab=01;31:*.wim=01;31:*.swm=01;31:*.dwm=01;31:*.esd=01;31:*.jpg=01;35:*.jpeg=01;35:*.mjpg=01;35:*.mjpeg=01;35:*.gif=01;35:*.bmp=01;35:*.pbm=01;35:*.pgm=01;35:*.ppm=01;35:*.tga=01;35:*.xbm=01;35:*.xpm=01;35:*.tif=01;35:*.tiff=01;35:*.png=01;35:*.svg=01;35:*.svgz=01;35:*.mng=01;35:*.pcx=01;35:*.mov=01;35:*.mpg=01;35:*.mpeg=01;35:*.m2v=01;35:*.mkv=01;35:*.webm=01;35:*.webp=01;35:*.ogm=01;35:*.mp4=01;35:*.m4v=01;35:*.mp4v=01;35:*.vob=01;35:*.qt=01;35:*.nuv=01;35:*.wmv=01;35:*.asf=01;35:*.rm=01;35:*.rmvb=01;35:*.flc=01;35:*.avi=01;35:*.fli=01;35:*.flv=01;35:*.gl=01;35:*.dl=01;35:*.xcf=01;35:*.xwd=01;35:*.yuv=01;35:*.cgm=01;35:*.emf=01;35:*.ogv=01;35:*.ogx=01;35:*.aac=00;36:*.au=00;36:*.flac=00;36:*.m4a=00;36:*.mid=00;36:*.midi=00;36:*.mka=00;36:*.mp3=00;36:*.mpc=00;36:*.ogg=00;36:*.ra=00;36:*.wav=00;36:*.oga=00;36:*.opus=00;36:*.spx=00;36:*.xspf=00;36:', 'VSCODE_GIT_IPC_HANDLE': '/run/user/1000/vscode-git-8e822459fc.sock', 'TERM_PROGRAM': 'vscode', 'SSH_AGENT_LAUNCHER': 'gnome-keyring', 'SSH_AUTH_SOCK': '/run/user/1000/keyring/ssh', 'GSETTINGS_SCHEMA_DIR': '/home/pochsathya/snap/code/230/.local/share/glib-2.0/schemas', 'AMENT_PREFIX_PATH': '/home/pochsathya/ros2_ws/install/subscriber_pkg:/home/pochsathya/ros2_ws/install/publisher_pkg:/home/pochsathya/ros2_ws/install/odometry_pkg:/home/pochsathya/ros2_ws/install/my_first_pkg:/home/pochsathya/ros2_ws/install/house_navigation_pkg:/home/pochsathya/ros2_ws/install/example36_pkg:/home/pochsathya/ros2_ws/install/custom_interfaces:/opt/ros/humble', 'SHELL': '/bin/bash', 'QT_ACCESSIBILITY': '1', 'GDMSESSION': 'ubuntu', 'LESSCLOSE': '/usr/bin/lesspipe %s %s', 'GTK_PATH_VSCODE_SNAP_ORIG': '', 'FONTCONFIG_FILE': '/etc/fonts/fonts.conf', 'GTK_IM_MODULE_FILE_VSCODE_SNAP_ORIG': '', 'GJS_DEBUG_OUTPUT': 'stderr', 'VSCODE_GIT_ASKPASS_EXTRA_ARGS': '', 'QT_IM_MODULE': 'ibus', 'PWD': '/home/pochsathya/ros2_ws/build/example36_pkg', 'TURTLEBOT3_MODEL': 'burger', 'LC_ALL': 'en_US.UTF-8', 'XDG_CONFIG_DIRS': '/etc/xdg/xdg-ubuntu:/etc/xdg', 'NVM_CD_FLAGS': '', 'XDG_DATA_DIRS': '/home/pochsathya/snap/code/230/.local/share:/home/pochsathya/snap/code/230:/snap/code/230/usr/share:/usr/share/ubuntu:/usr/local/share/:/usr/share/:/var/lib/snapd/desktop', 'PYTHONPATH': '/home/pochsathya/ros2_ws/build/example36_pkg/prefix_override:/usr/lib/python3/dist-packages/colcon_core/task/python/colcon_distutils_commands:/home/pochsathya/ros2_ws/install/example36_pkg/lib/python3.10/site-packages:/home/pochsathya/ros2_ws/install/subscriber_pkg/lib/python3.10/site-packages:/home/pochsathya/ros2_ws/install/publisher_pkg/lib/python3.10/site-packages:/home/pochsathya/ros2_ws/install/odometry_pkg/lib/python3.10/site-packages:/home/pochsathya/ros2_ws/install/my_first_pkg/lib/python3.10/site-packages:/home/pochsathya/ros2_ws/install/house_navigation_pkg/lib/python3.10/site-packages:/home/pochsathya/ros2_ws/install/example36_pkg/lib/python3.10/site-packages:/home/pochsathya/ros2_ws/install/custom_interfaces/local/lib/python3.10/dist-packages:/opt/ros/humble/lib/python3.10/site-packages:/opt/ros/humble/local/lib/python3.10/dist-packages', 'COLCON': '1', 'CMAKE_PREFIX_PATH': '/home/pochsathya/ros2_ws/install/custom_interfaces'}, 'shell': False}
[2.309302] (-) TimerEvent: {}
[2.409567] (-) TimerEvent: {}
[2.510034] (-) TimerEvent: {}
[2.610489] (-) TimerEvent: {}
[2.642683] (example36_pkg) StdoutLine: {'line': b'running egg_info\n'}
[2.643388] (example36_pkg) StdoutLine: {'line': b'writing ../build/example36_pkg/example36_pkg.egg-info/PKG-INFO\n'}
[2.643775] (example36_pkg) StdoutLine: {'line': b'writing dependency_links to ../build/example36_pkg/example36_pkg.egg-info/dependency_links.txt\n'}
[2.643997] (example36_pkg) StdoutLine: {'line': b'writing entry points to ../build/example36_pkg/example36_pkg.egg-info/entry_points.txt\n'}
[2.644154] (example36_pkg) StdoutLine: {'line': b'writing requirements to ../build/example36_pkg/example36_pkg.egg-info/requires.txt\n'}
[2.644294] (example36_pkg) StdoutLine: {'line': b'writing top-level names to ../build/example36_pkg/example36_pkg.egg-info/top_level.txt\n'}
[2.647444] (example36_pkg) StdoutLine: {'line': b"reading manifest file '../build/example36_pkg/example36_pkg.egg-info/SOURCES.txt'\n"}
[2.648827] (example36_pkg) StdoutLine: {'line': b"writing manifest file '../build/example36_pkg/example36_pkg.egg-info/SOURCES.txt'\n"}
[2.649205] (example36_pkg) StdoutLine: {'line': b'running build\n'}
[2.649376] (example36_pkg) StdoutLine: {'line': b'running build_py\n'}
[2.649699] (example36_pkg) StdoutLine: {'line': b'running install\n'}
[2.650257] (example36_pkg) StdoutLine: {'line': b'running install_lib\n'}
[2.652452] (example36_pkg) StdoutLine: {'line': b'running install_data\n'}
[2.652792] (example36_pkg) StdoutLine: {'line': b'running install_egg_info\n'}
[2.655693] (example36_pkg) StdoutLine: {'line': b"removing '/home/pochsathya/ros2_ws/install/example36_pkg/lib/python3.10/site-packages/example36_pkg-0.0.0-py3.10.egg-info' (and everything under it)\n"}
[2.656229] (example36_pkg) StdoutLine: {'line': b'Copying ../build/example36_pkg/example36_pkg.egg-info to /home/pochsathya/ros2_ws/install/example36_pkg/lib/python3.10/site-packages/example36_pkg-0.0.0-py3.10.egg-info\n'}
[2.657157] (example36_pkg) StdoutLine: {'line': b'running install_scripts\n'}
[2.688670] (example36_pkg) StdoutLine: {'line': b'Installing example36 script to /home/pochsathya/ros2_ws/install/example36_pkg/lib/example36_pkg\n'}
[2.689106] (example36_pkg) StdoutLine: {'line': b"writing list of installed files to '/home/pochsathya/ros2_ws/build/example36_pkg/install.log'\n"}
[2.710679] (-) TimerEvent: {}
[2.721224] (example36_pkg) CommandEnded: {'returncode': 0}
[2.733321] (example36_pkg) JobEnded: {'identifier': 'example36_pkg', 'rc': 0}
[2.735017] (-) EventReactorShutdown: {}
